bucket_start,bucket_end,symbol,scenario,event_count,avg_price,total_quantity,avg_ingestion_latency_ms,p95_ingestion_latency_ms,max_ingestion_latency_ms
2026-09-07 21:24:10+00,2026-09-07 21:24:20+00,AAPL,low,14,170.542143,7916,30.07,224,224
2026-09-07 21:24:10+00,2026-09-07 21:24:20+00,ABEV3,low,8,12.058750,5531,29.38,125,125
2026-09-07 21:24:10+00,2026-09-07 21:24:20+00,BBDC4,low,10,14.048000,4879,55.40,422,422
2026-09-07 21:24:10+00,2026-09-07 21:24:20+00,BOVA11,low,12,125.087500,7089,89.08,719,719
2026-09-07 21:24:10+00,2026-09-07 21:24:20+00,BTC-USD,low,8,65279.236250,4192,195.75,620,620
2026-09-07 21:24:10+00,2026-09-07 21:24:20+00,ITUB4,low,10,33.891000,5433,15.00,23,23
2026-09-07 21:24:10+00,2026-09-07 21:24:20+00,MGLU3,low,7,1.992857,4689,45.86,232,232
2026-09-07 21:24:10+00,2026-09-07 21:24:20+00,MSFT,low,6,420.033333,1873,65.83,323,323
2026-09-07 21:24:10+00,2026-09-07 21:24:20+00,PETR4,low,5,37.938000,2270,41.60,127,127
2026-09-07 21:24:10+00,2026-09-07 21:24:20+00,VALE3,low,9,62.395556,4423,14.44,16,16
2026-09-07 21:24:20+00,2026-09-07 21:24:30+00,AAPL,low,12,170.122500,4839,791.25,1980,1980
2026-09-07 21:24:20+00,2026-09-07 21:24:30+00,ABEV3,low,9,11.980000,5218,66.56,489,489
2026-09-07 21:24:20+00,2026-09-07 21:24:30+00,BBDC4,low,10,14.002000,4379,555.00,1881,1881
2026-09-07 21:24:20+00,2026-09-07 21:24:30+00,BOVA11,low,10,125.162000,6541,242.30,987,987
2026-09-07 21:24:20+00,2026-09-07 21:24:30+00,BTC-USD,low,9,64792.525556,4268,251.22,1385,1385
2026-09-07 21:24:20+00,2026-09-07 21:24:30+00,ITUB4,low,14,34.077143,8248,151.07,564,564
2026-09-07 21:24:20+00,2026-09-07 21:24:30+00,MGLU3,low,19,1.999474,7945,235.21,1484,1484
2026-09-07 21:24:20+00,2026-09-07 21:24:30+00,MSFT,low,11,419.347273,6731,309.82,1583,1583
2026-09-07 21:24:20+00,2026-09-07 21:24:30+00,PETR4,low,9,38.018889,4078,201.44,1186,1186
2026-09-07 21:24:20+00,2026-09-07 21:24:30+00,VALE3,low,9,62.011111,4312,83.11,539,539
2026-09-07 21:24:30+00,2026-09-07 21:24:40+00,AAPL,low,14,170.070000,6145,149.79,1308,1308
2026-09-07 21:24:30+00,2026-09-07 21:24:40+00,ABEV3,low,9,12.006667,4445,147.33,810,810
2026-09-07 21:24:30+00,2026-09-07 21:24:40+00,BBDC4,low,10,13.954000,5051,63.60,411,411
2026-09-07 21:24:30+00,2026-09-07 21:24:40+00,BOVA11,low,15,125.365333,7562,272.80,1507,1507
2026-09-07 21:24:30+00,2026-09-07 21:24:40+00,BTC-USD,low,4,65281.787500,2075,262.75,1009,1009
2026-09-07 21:24:30+00,2026-09-07 21:24:40+00,ITUB4,low,8,33.921250,4833,49.00,291,291
2026-09-07 21:24:30+00,2026-09-07 21:24:40+00,MGLU3,low,12,2.000000,5981,147.00,812,812
2026-09-07 21:24:30+00,2026-09-07 21:24:40+00,MSFT,low,8,421.112500,3810,77.13,510,510
2026-09-07 21:24:30+00,2026-09-07 21:24:40+00,PETR4,low,6,38.155000,3097,363.00,1108,1108
2026-09-07 21:24:30+00,2026-09-07 21:24:40+00,VALE3,low,14,62.118571,5591,40.86,390,390
2026-09-07 21:24:40+00,2026-09-07 21:24:50+00,AAPL,low,10,169.819000,4349,33.60,88,88
2026-09-07 21:24:40+00,2026-09-07 21:24:50+00,ABEV3,low,13,12.044615,6686,30.00,218,218
2026-09-07 21:24:40+00,2026-09-07 21:24:50+00,BBDC4,low,6,13.921667,2049,13.83,15,15
2026-09-07 21:24:40+00,2026-09-07 21:24:50+00,BOVA11,low,9,125.293333,4662,79.67,417,417
2026-09-07 21:24:40+00,2026-09-07 21:24:50+00,BTC-USD,low,10,65060.539000,4246,118.40,813,813
2026-09-07 21:24:40+00,2026-09-07 21:24:50+00,ITUB4,low,13,34.062308,6837,109.85,589,589
2026-09-07 21:24:40+00,2026-09-07 21:24:50+00,MGLU3,low,7,1.998571,4185,40.14,197,197
2026-09-07 21:24:40+00,2026-09-07 21:24:50+00,MSFT,low,10,420.593000,4631,74.70,515,515
2026-09-07 21:24:40+00,2026-09-07 21:24:50+00,PETR4,low,9,38.090000,3397,110.22,714,714
2026-09-07 21:24:40+00,2026-09-07 21:24:50+00,VALE3,low,13,61.714615,5220,37.31,317,317
2026-09-07 21:24:50+00,2026-09-07 21:25:00+00,AAPL,low,12,170.370000,4848,184.00,867,867
2026-09-07 21:24:50+00,2026-09-07 21:25:00+00,ABEV3,low,11,12.000909,5221,195.18,768,768
2026-09-07 21:24:50+00,2026-09-07 21:25:00+00,BBDC4,low,10,14.017000,4791,132.30,768,768
2026-09-07 21:24:50+00,2026-09-07 21:25:00+00,BOVA11,low,9,125.261111,5529,65.78,324,324
2026-09-07 21:24:50+00,2026-09-07 21:25:00+00,BTC-USD,low,12,64821.455833,7626,258.17,1165,1165
2026-09-07 21:24:50+00,2026-09-07 21:25:00+00,ITUB4,low,9,33.881111,4310,122.11,653,653
2026-09-07 21:24:50+00,2026-09-07 21:25:00+00,MGLU3,low,10,1.995000,4459,210.60,867,867
2026-09-07 21:24:50+00,2026-09-07 21:25:00+00,MSFT,low,12,418.810833,6038,92.33,645,645
2026-09-07 21:24:50+00,2026-09-07 21:25:00+00,PETR4,low,7,38.055714,3396,230.71,966,966
2026-09-07 21:24:50+00,2026-09-07 21:25:00+00,VALE3,low,7,62.161429,3692,38.29,101,101
2026-09-07 21:25:00+00,2026-09-07 21:25:10+00,AAPL,low,5,169.998000,2157,178.20,735,735
2026-09-07 21:25:00+00,2026-09-07 21:25:10+00,ABEV3,low,13,12.030769,6093,126.69,834,834
2026-09-07 21:25:00+00,2026-09-07 21:25:10+00,BBDC4,low,8,13.916250,4310,90.50,635,635
2026-09-07 21:25:00+00,2026-09-07 21:25:10+00,BOVA11,low,12,124.563333,5904,89.83,933,933
2026-09-07 21:25:00+00,2026-09-07 21:25:10+00,BTC-USD,low,11,65183.580909,6453,13.45,17,17
2026-09-07 21:25:00+00,2026-09-07 21:25:10+00,ITUB4,low,11,34.063636,6110,73.36,407,407
2026-09-07 21:25:00+00,2026-09-07 21:25:10+00,MGLU3,low,14,1.993571,7723,27.50,216,216
2026-09-07 21:25:00+00,2026-09-07 21:25:10+00,MSFT,low,10,422.296000,4049,65.40,536,536
2026-09-07 21:25:00+00,2026-09-07 21:25:10+00,PETR4,low,8,37.881250,4581,72.75,338,338
2026-09-07 21:25:00+00,2026-09-07 21:25:10+00,VALE3,low,9,62.242222,5444,37.67,201,201
2026-09-07 21:25:10+00,2026-09-07 21:25:20+00,AAPL,low,10,169.551000,4973,280.50,868,868
2026-09-07 21:25:10+00,2026-09-07 21:25:20+00,ABEV3,low,9,11.962222,4671,57.44,268,268
2026-09-07 21:25:10+00,2026-09-07 21:25:20+00,BBDC4,low,15,13.990000,7633,60.53,358,358
2026-09-07 21:25:10+00,2026-09-07 21:25:20+00,BOVA11,low,11,125.095455,5191,54.45,468,468
2026-09-07 21:25:10+00,2026-09-07 21:25:20+00,BTC-USD,low,10,64794.764000,5780,77.40,656,656
2026-09-07 21:25:10+00,2026-09-07 21:25:20+00,ITUB4,low,6,34.190000,3087,19.67,51,51
2026-09-07 21:25:10+00,2026-09-07 21:25:20+00,MGLU3,low,6,1.995000,2952,80.17,369,369
2026-09-07 21:25:10+00,2026-09-07 21:25:20+00,MSFT,low,13,419.803077,6694,248.23,967,967
2026-09-07 21:25:10+00,2026-09-07 21:25:20+00,PETR4,low,9,38.126667,4408,87.78,569,569
2026-09-07 21:25:10+00,2026-09-07 21:25:20+00,VALE3,low,11,62.050000,6353,23.64,126,126
2026-09-07 21:25:20+00,2026-09-07 21:25:30+00,AAPL,low,12,169.917500,4964,108.50,792,792
2026-09-07 21:25:20+00,2026-09-07 21:25:30+00,ABEV3,low,5,12.056000,2767,13.60,15,15
2026-09-07 21:25:20+00,2026-09-07 21:25:30+00,BBDC4,low,5,14.080000,3433,13.60,15,15
2026-09-07 21:25:20+00,2026-09-07 21:25:30+00,BOVA11,low,9,125.760000,4711,12.78,13,13
2026-09-07 21:25:20+00,2026-09-07 21:25:30+00,BTC-USD,low,14,65009.006429,7082,13.00,14,14
2026-09-07 21:25:20+00,2026-09-07 21:25:30+00,ITUB4,low,6,33.886667,3089,13.00,14,14
2026-09-07 21:25:20+00,2026-09-07 21:25:30+00,MGLU3,low,8,1.998750,3763,27.75,129,129
2026-09-07 21:25:20+00,2026-09-07 21:25:30+00,MSFT,low,7,417.632857,4120,115.86,693,693
2026-09-07 21:25:20+00,2026-09-07 21:25:30+00,PETR4,low,14,38.195000,6753,41.36,393,393
2026-09-07 21:25:20+00,2026-09-07 21:25:30+00,VALE3,low,18,62.105000,10096,16.33,67,67
2026-09-07 21:25:30+00,2026-09-07 21:25:40+00,AAPL,low,11,169.572727,6190,121.82,555,555
2026-09-07 21:25:30+00,2026-09-07 21:25:40+00,ABEV3,low,16,11.966875,8684,30.44,157,157
2026-09-07 21:25:30+00,2026-09-07 21:25:40+00,BBDC4,low,9,14.030000,2936,132.67,788,788
2026-09-07 21:25:30+00,2026-09-07 21:25:40+00,BOVA11,low,14,125.124286,7420,25.14,190,190
2026-09-07 21:25:30+00,2026-09-07 21:25:40+00,BTC-USD,low,8,64856.805000,3875,320.75,855,855
2026-09-07 21:25:30+00,2026-09-07 21:25:40+00,ITUB4,low,9,34.000000,5240,165.44,747,747
2026-09-07 21:25:30+00,2026-09-07 21:25:40+00,MGLU3,low,7,2.007143,5099,239.71,609,609
2026-09-07 21:25:30+00,2026-09-07 21:25:40+00,MSFT,low,10,419.831000,5080,67.70,513,513
2026-09-07 21:25:30+00,2026-09-07 21:25:40+00,PETR4,low,7,38.030000,4178,60.00,257,257
2026-09-07 21:25:30+00,2026-09-07 21:25:40+00,VALE3,low,11,61.721818,4582,93.09,448,448
2026-09-07 21:25:40+00,2026-09-07 21:25:50+00,AAPL,low,12,170.754167,5271,96.75,666,666
2026-09-07 21:25:40+00,2026-09-07 21:25:50+00,ABEV3,low,10,12.009000,6042,85.00,567,567
2026-09-07 21:25:40+00,2026-09-07 21:25:50+00,BBDC4,low,7,13.970000,2171,23.57,85,85
2026-09-07 21:25:40+00,2026-09-07 21:25:50+00,BOVA11,low,4,124.195000,2110,12.25,13,13
2026-09-07 21:25:40+00,2026-09-07 21:25:50+00,BTC-USD,low,6,65004.951667,2354,24.00,82,82
2026-09-07 21:25:40+00,2026-09-07 21:25:50+00,ITUB4,low,7,34.002857,4583,63.00,236,236
2026-09-07 21:25:40+00,2026-09-07 21:25:50+00,MGLU3,low,6,1.996667,2592,21.83,67,67
2026-09-07 21:25:40+00,2026-09-07 21:25:50+00,MSFT,low,5,419.838000,2247,13.40,14,14
2026-09-07 21:25:40+00,2026-09-07 21:25:50+00,PETR4,low,5,37.702000,1727,66.40,280,280
2026-09-07 21:25:40+00,2026-09-07 21:25:50+00,VALE3,low,6,62.006667,2742,13.00,14,14
2026-09-07 21:25:50+00,2026-09-07 21:26:00+00,AAPL,low,12,169.491667,4288,1242.75,4813,4813
2026-09-07 21:25:50+00,2026-09-07 21:26:00+00,ABEV3,low,13,11.960000,5423,1042.08,4615,4615
2026-09-07 21:25:50+00,2026-09-07 21:26:00+00,BBDC4,low,20,14.026500,9267,772.75,4118,4912
2026-09-07 21:25:50+00,2026-09-07 21:26:00+00,BOVA11,low,17,125.218824,8960,551.88,2822,2822
2026-09-07 21:25:50+00,2026-09-07 21:26:00+00,BTC-USD,low,13,65163.916923,5908,925.08,4019,4019
2026-09-07 21:25:50+00,2026-09-07 21:26:00+00,ITUB4,low,7,34.062857,3481,252.29,1401,1401
2026-09-07 21:25:50+00,2026-09-07 21:26:00+00,MGLU3,low,14,2.000000,8563,1172.29,5011,5011
2026-09-07 21:25:50+00,2026-09-07 21:26:00+00,MSFT,low,13,419.253077,7695,1334.23,3919,3919
2026-09-07 21:25:50+00,2026-09-07 21:26:00+00,PETR4,low,10,38.037000,4529,1464.70,4713,4713
2026-09-07 21:25:50+00,2026-09-07 21:26:00+00,VALE3,low,13,62.039231,7780,863.08,3499,3499
2026-09-07 21:26:00+00,2026-09-07 21:26:10+00,AAPL,low,10,170.451000,4317,12.30,13,13
2026-09-07 21:26:00+00,2026-09-07 21:26:10+00,ABEV3,low,11,12.021818,5100,16.00,52,52
2026-09-07 21:26:00+00,2026-09-07 21:26:10+00,BBDC4,low,14,14.019286,5929,12.57,14,14
2026-09-07 21:26:00+00,2026-09-07 21:26:10+00,BOVA11,low,10,125.147000,6030,143.80,747,747
2026-09-07 21:26:00+00,2026-09-07 21:26:10+00,BTC-USD,low,13,64883.065385,7680,53.92,550,550
2026-09-07 21:26:00+00,2026-09-07 21:26:10+00,ITUB4,low,8,33.968750,3482,21.63,88,88
2026-09-07 21:26:00+00,2026-09-07 21:26:10+00,MGLU3,low,10,1.993000,4847,90.20,649,649
2026-09-07 21:26:00+00,2026-09-07 21:26:10+00,MSFT,low,8,419.727500,4355,67.13,451,451
2026-09-07 21:26:00+00,2026-09-07 21:26:10+00,PETR4,low,7,38.111429,3367,12.29,14,14
2026-09-07 21:26:00+00,2026-09-07 21:26:10+00,VALE3,low,9,61.825556,2977,12.56,14,14
2026-09-07 21:26:10+00,2026-09-07 21:26:20+00,AAPL,low,13,169.133846,8182,13.23,16,16
2026-09-07 21:26:10+00,2026-09-07 21:26:20+00,ABEV3,low,14,11.992143,8540,12.64,13,13
2026-09-07 21:26:10+00,2026-09-07 21:26:20+00,BBDC4,low,9,13.901111,3470,13.44,18,18
2026-09-07 21:26:10+00,2026-09-07 21:26:20+00,BOVA11,low,12,124.920000,5795,12.92,15,15
2026-09-07 21:26:10+00,2026-09-07 21:26:20+00,BTC-USD,low,8,65161.876250,2573,12.38,13,13
2026-09-07 21:26:10+00,2026-09-07 21:26:20+00,ITUB4,low,8,34.002500,4725,12.75,13,13
2026-09-07 21:26:10+00,2026-09-07 21:26:20+00,MGLU3,low,7,2.004286,4601,12.57,14,14
2026-09-07 21:26:10+00,2026-09-07 21:26:20+00,MSFT,low,7,418.692857,4409,12.71,13,13
2026-09-07 21:26:10+00,2026-09-07 21:26:20+00,PETR4,low,11,37.973636,6936,12.64,14,14
2026-09-07 21:26:10+00,2026-09-07 21:26:20+00,VALE3,low,11,61.804545,5666,12.91,17,17
2026-09-07 21:26:20+00,2026-09-07 21:26:30+00,AAPL,low,8,171.562500,4160,12.75,14,14
2026-09-07 21:26:20+00,2026-09-07 21:26:30+00,ABEV3,low,10,12.038000,4778,12.40,13,13
2026-09-07 21:26:20+00,2026-09-07 21:26:30+00,BBDC4,low,11,13.974545,5977,12.82,14,14
2026-09-07 21:26:20+00,2026-09-07 21:26:30+00,BOVA11,low,12,125.716667,5583,12.75,15,15
2026-09-07 21:26:20+00,2026-09-07 21:26:30+00,BTC-USD,low,9,65058.315556,4440,12.44,14,14
2026-09-07 21:26:20+00,2026-09-07 21:26:30+00,ITUB4,low,9,34.078889,4229,12.67,15,15
2026-09-07 21:26:20+00,2026-09-07 21:26:30+00,MGLU3,low,15,1.992667,9281,12.53,16,16
2026-09-07 21:26:20+00,2026-09-07 21:26:30+00,MSFT,low,7,420.875714,3670,12.29,13,13
2026-09-07 21:26:20+00,2026-09-07 21:26:30+00,PETR4,low,9,38.161111,5567,18.11,64,64
2026-09-07 21:26:20+00,2026-09-07 21:26:30+00,VALE3,low,10,61.819000,4468,27.50,163,163
2026-09-07 21:26:30+00,2026-09-07 21:26:40+00,AAPL,low,2,169.950000,1085,12.00,12,12
2026-09-07 21:26:30+00,2026-09-07 21:26:40+00,ABEV3,low,9,11.986667,6244,12.67,15,15
2026-09-07 21:26:30+00,2026-09-07 21:26:40+00,BBDC4,low,7,13.974286,4244,13.14,18,18
2026-09-07 21:26:30+00,2026-09-07 21:26:40+00,BOVA11,low,17,124.933529,9341,12.29,13,13
2026-09-07 21:26:30+00,2026-09-07 21:26:40+00,BTC-USD,low,15,65008.390000,7444,14.00,36,36
2026-09-07 21:26:30+00,2026-09-07 21:26:40+00,ITUB4,low,13,33.907692,6491,37.15,331,331
2026-09-07 21:26:30+00,2026-09-07 21:26:40+00,MGLU3,low,11,1.995455,5551,23.55,135,135
2026-09-07 21:26:30+00,2026-09-07 21:26:40+00,MSFT,low,7,422.917143,2532,12.29,13,13
2026-09-07 21:26:30+00,2026-09-07 21:26:40+00,PETR4,low,7,37.895714,4228,12.14,13,13
2026-09-07 21:26:30+00,2026-09-07 21:26:40+00,VALE3,low,11,61.854545,5056,33.00,236,236
2026-09-07 21:26:40+00,2026-09-07 21:26:50+00,AAPL,low,10,170.072000,5501,12.50,15,15
2026-09-07 21:26:40+00,2026-09-07 21:26:50+00,ABEV3,low,8,11.980000,4696,12.88,15,15
2026-09-07 21:26:40+00,2026-09-07 21:26:50+00,BBDC4,low,6,13.948333,3568,13.67,20,20
2026-09-07 21:26:40+00,2026-09-07 21:26:50+00,BOVA11,low,15,125.236667,8777,12.87,18,18
2026-09-07 21:26:40+00,2026-09-07 21:26:50+00,BTC-USD,low,9,65158.098889,5605,12.22,14,14
2026-09-07 21:26:40+00,2026-09-07 21:26:50+00,ITUB4,low,7,34.151429,4147,12.71,14,14
2026-09-07 21:26:40+00,2026-09-07 21:26:50+00,MGLU3,low,12,2.002500,5320,13.00,14,14
2026-09-07 21:26:40+00,2026-09-07 21:26:50+00,MSFT,low,7,420.651429,4007,13.00,15,15
2026-09-07 21:26:40+00,2026-09-07 21:26:50+00,PETR4,low,16,38.092500,7120,13.00,19,19
2026-09-07 21:26:40+00,2026-09-07 21:26:50+00,VALE3,low,11,61.729091,3403,13.45,18,18
2026-09-07 21:26:50+00,2026-09-07 21:27:00+00,AAPL,low,11,169.880000,5274,12.64,14,14
2026-09-07 21:26:50+00,2026-09-07 21:27:00+00,ABEV3,low,4,11.937500,2302,12.50,14,14
2026-09-07 21:26:50+00,2026-09-07 21:27:00+00,BBDC4,low,14,13.986429,8856,12.29,13,13
2026-09-07 21:26:50+00,2026-09-07 21:27:00+00,BOVA11,low,5,125.176000,1210,12.40,14,14
2026-09-07 21:26:50+00,2026-09-07 21:27:00+00,BTC-USD,low,13,65111.156923,6102,12.46,14,14
2026-09-07 21:26:50+00,2026-09-07 21:27:00+00,ITUB4,low,15,33.983333,8223,12.73,14,14
2026-09-07 21:26:50+00,2026-09-07 21:27:00+00,MGLU3,low,6,1.996667,3556,12.50,13,13
2026-09-07 21:26:50+00,2026-09-07 21:27:00+00,MSFT,low,7,420.071429,3328,12.43,13,13
2026-09-07 21:26:50+00,2026-09-07 21:27:00+00,PETR4,low,14,37.956429,6696,12.57,14,14
2026-09-07 21:26:50+00,2026-09-07 21:27:00+00,VALE3,low,11,61.859091,5778,12.36,13,13
2026-09-07 21:27:00+00,2026-09-07 21:27:10+00,AAPL,low,9,169.601111,2550,13.00,14,14
2026-09-07 21:27:00+00,2026-09-07 21:27:10+00,ABEV3,low,7,12.007143,2966,12.71,14,14
2026-09-07 21:27:00+00,2026-09-07 21:27:10+00,BBDC4,low,11,13.974545,5317,13.00,14,14
2026-09-07 21:27:00+00,2026-09-07 21:27:10+00,BOVA11,low,11,124.417273,4436,13.45,19,19
2026-09-07 21:27:00+00,2026-09-07 21:27:10+00,BTC-USD,low,5,64796.320000,4373,13.60,16,16
2026-09-07 21:27:00+00,2026-09-07 21:27:10+00,ITUB4,low,20,34.055500,8004,13.25,14,16
2026-09-07 21:27:00+00,2026-09-07 21:27:10+00,MGLU3,low,8,1.997500,2818,12.63,14,14
2026-09-07 21:27:00+00,2026-09-07 21:27:10+00,MSFT,low,9,421.782222,4931,13.00,14,14
2026-09-07 21:27:00+00,2026-09-07 21:27:10+00,PETR4,low,13,37.997692,9295,14.77,35,35
2026-09-07 21:27:00+00,2026-09-07 21:27:10+00,VALE3,low,7,61.744286,3307,17.43,45,45
2026-09-07 21:27:10+00,2026-09-07 21:27:20+00,AAPL,low,13,169.806154,5182,12.69,14,14
2026-09-07 21:27:10+00,2026-09-07 21:27:20+00,ABEV3,low,10,12.066000,4645,12.30,13,13
2026-09-07 21:27:10+00,2026-09-07 21:27:20+00,BBDC4,low,7,13.955714,4915,13.14,14,14
2026-09-07 21:27:10+00,2026-09-07 21:27:20+00,BOVA11,low,11,125.120909,3594,12.73,14,14
2026-09-07 21:27:10+00,2026-09-07 21:27:20+00,BTC-USD,low,12,65328.731667,6320,12.92,14,14
2026-09-07 21:27:10+00,2026-09-07 21:27:20+00,ITUB4,low,13,33.892308,7772,13.00,14,14
2026-09-07 21:27:10+00,2026-09-07 21:27:20+00,MGLU3,low,9,1.988889,4990,12.56,13,13
2026-09-07 21:27:10+00,2026-09-07 21:27:20+00,MSFT,low,9,419.477778,5333,12.44,14,14
2026-09-07 21:27:10+00,2026-09-07 21:27:20+00,PETR4,low,9,38.038889,5132,12.89,14,14
2026-09-07 21:27:10+00,2026-09-07 21:27:20+00,VALE3,low,7,62.065714,3179,13.57,16,16
2026-09-07 21:27:20+00,2026-09-07 21:27:30+00,AAPL,low,9,169.598889,3250,13.56,19,19
2026-09-07 21:27:20+00,2026-09-07 21:27:30+00,ABEV3,low,7,11.972857,3833,13.14,15,15
2026-09-07 21:27:20+00,2026-09-07 21:27:30+00,BBDC4,low,10,13.979000,5926,13.00,14,14
2026-09-07 21:27:20+00,2026-09-07 21:27:30+00,BOVA11,low,9,125.081111,3304,13.11,14,14
2026-09-07 21:27:20+00,2026-09-07 21:27:30+00,BTC-USD,low,10,65072.036000,5458,13.10,14,14
2026-09-07 21:27:20+00,2026-09-07 21:27:30+00,ITUB4,low,13,34.043846,6310,12.85,15,15
2026-09-07 21:27:20+00,2026-09-07 21:27:30+00,MGLU3,low,8,2.005000,4646,13.13,15,15
2026-09-07 21:27:20+00,2026-09-07 21:27:30+00,MSFT,low,13,420.453846,5538,12.85,14,14
2026-09-07 21:27:20+00,2026-09-07 21:27:30+00,PETR4,low,15,37.949333,8939,12.87,13,13
2026-09-07 21:27:20+00,2026-09-07 21:27:30+00,VALE3,low,5,61.992000,2901,12.80,13,13
2026-09-07 21:27:30+00,2026-09-07 21:27:40+00,AAPL,low,13,169.968462,7779,12.92,14,14
2026-09-07 21:27:30+00,2026-09-07 21:27:40+00,ABEV3,low,6,12.090000,3149,12.83,14,14
2026-09-07 21:27:30+00,2026-09-07 21:27:40+00,BBDC4,low,16,13.966875,9419,12.88,14,14
2026-09-07 21:27:30+00,2026-09-07 21:27:40+00,BOVA11,low,6,124.875000,3285,12.50,14,14
2026-09-07 21:27:30+00,2026-09-07 21:27:40+00,BTC-USD,low,12,64985.909167,4443,13.08,15,15
2026-09-07 21:27:30+00,2026-09-07 21:27:40+00,ITUB4,low,11,34.056364,6422,12.91,15,15
2026-09-07 21:27:30+00,2026-09-07 21:27:40+00,MGLU3,low,9,1.993333,2998,12.56,13,13
2026-09-07 21:27:30+00,2026-09-07 21:27:40+00,MSFT,low,9,416.792222,4926,12.89,14,14
2026-09-07 21:27:30+00,2026-09-07 21:27:40+00,PETR4,low,10,38.055000,4908,12.50,13,13
2026-09-07 21:27:30+00,2026-09-07 21:27:40+00,VALE3,low,8,61.862500,3210,12.63,14,14
2026-09-07 21:27:40+00,2026-09-07 21:27:50+00,AAPL,low,5,169.300000,2249,13.00,14,14
2026-09-07 21:27:40+00,2026-09-07 21:27:50+00,ABEV3,low,11,12.039091,6243,15.00,37,37
2026-09-07 21:27:40+00,2026-09-07 21:27:50+00,BBDC4,low,8,13.947500,5041,12.75,14,14
2026-09-07 21:27:40+00,2026-09-07 21:27:50+00,BOVA11,low,9,124.747778,3722,13.00,16,16
2026-09-07 21:27:40+00,2026-09-07 21:27:50+00,BTC-USD,low,13,65080.393846,5087,13.15,14,14
2026-09-07 21:27:40+00,2026-09-07 21:27:50+00,ITUB4,low,13,34.057692,6065,12.77,14,14
2026-09-07 21:27:40+00,2026-09-07 21:27:50+00,MGLU3,low,6,2.005000,3620,12.67,13,13
2026-09-07 21:27:40+00,2026-09-07 21:27:50+00,MSFT,low,10,420.268000,6462,12.60,13,13
2026-09-07 21:27:40+00,2026-09-07 21:27:50+00,PETR4,low,14,38.179286,8175,12.71,13,13
2026-09-07 21:27:40+00,2026-09-07 21:27:50+00,VALE3,low,12,62.189167,6443,12.92,13,13
2026-09-07 21:27:50+00,2026-09-07 21:28:00+00,AAPL,low,7,169.057143,4745,13.57,17,17
2026-09-07 21:27:50+00,2026-09-07 21:28:00+00,ABEV3,low,8,12.071250,3390,13.13,14,14
2026-09-07 21:27:50+00,2026-09-07 21:28:00+00,BBDC4,low,6,14.015000,3071,12.67,13,13
2026-09-07 21:27:50+00,2026-09-07 21:28:00+00,BOVA11,low,14,124.496429,8032,12.57,13,13
2026-09-07 21:27:50+00,2026-09-07 21:28:00+00,BTC-USD,low,7,65484.092857,3559,13.14,14,14
2026-09-07 21:27:50+00,2026-09-07 21:28:00+00,ITUB4,low,10,33.997000,2523,12.70,14,14
2026-09-07 21:27:50+00,2026-09-07 21:28:00+00,MGLU3,low,11,2.006364,5473,12.82,15,15
2026-09-07 21:27:50+00,2026-09-07 21:28:00+00,MSFT,low,15,419.908667,6850,12.93,14,14
2026-09-07 21:27:50+00,2026-09-07 21:28:00+00,PETR4,low,9,38.012222,4037,13.11,17,17
2026-09-07 21:27:50+00,2026-09-07 21:28:00+00,VALE3,low,13,61.994615,7634,13.31,18,18
2026-09-07 21:28:00+00,2026-09-07 21:28:10+00,AAPL,low,11,170.257273,4995,12.27,13,13
2026-09-07 21:28:00+00,2026-09-07 21:28:10+00,ABEV3,low,10,11.962000,5410,12.30,13,13
2026-09-07 21:28:00+00,2026-09-07 21:28:10+00,BBDC4,low,16,13.985625,8870,12.75,16,16
2026-09-07 21:28:00+00,2026-09-07 21:28:10+00,BOVA11,low,10,125.039000,4630,12.60,13,13
2026-09-07 21:28:00+00,2026-09-07 21:28:10+00,BTC-USD,low,5,65341.898000,2824,12.60,13,13
2026-09-07 21:28:00+00,2026-09-07 21:28:10+00,ITUB4,low,10,34.002000,4457,12.40,13,13
2026-09-07 21:28:00+00,2026-09-07 21:28:10+00,MGLU3,low,11,2.005455,4120,12.36,13,13
2026-09-07 21:28:00+00,2026-09-07 21:28:10+00,MSFT,low,5,420.010000,1734,12.60,13,13
2026-09-07 21:28:00+00,2026-09-07 21:28:10+00,PETR4,low,12,37.977500,5884,12.33,13,13
2026-09-07 21:28:00+00,2026-09-07 21:28:10+00,VALE3,low,10,62.173000,4219,12.30,13,13
2026-09-07 21:28:10+00,2026-09-07 21:28:20+00,AAPL,low,8,169.856250,5309,25.00,110,110
2026-09-07 21:28:10+00,2026-09-07 21:28:20+00,ABEV3,low,7,12.038571,4175,13.57,21,21
2026-09-07 21:28:10+00,2026-09-07 21:28:20+00,BBDC4,low,5,14.060000,1845,12.20,13,13
2026-09-07 21:28:10+00,2026-09-07 21:28:20+00,BOVA11,low,11,124.730000,4390,12.27,13,13
2026-09-07 21:28:10+00,2026-09-07 21:28:20+00,BTC-USD,low,13,64976.208462,7011,12.08,13,13
2026-09-07 21:28:10+00,2026-09-07 21:28:20+00,ITUB4,low,15,34.025333,7242,12.20,13,13
2026-09-07 21:28:10+00,2026-09-07 21:28:20+00,MGLU3,low,7,2.008571,3028,12.14,13,13
2026-09-07 21:28:10+00,2026-09-07 21:28:20+00,MSFT,low,6,421.038333,1841,12.00,12,12
2026-09-07 21:28:10+00,2026-09-07 21:28:20+00,PETR4,low,14,38.039286,7755,12.57,16,16
2026-09-07 21:28:10+00,2026-09-07 21:28:20+00,VALE3,low,14,61.733571,7455,12.21,13,13
2026-09-07 21:28:20+00,2026-09-07 21:28:30+00,AAPL,low,8,171.327500,3378,21.50,88,88
2026-09-07 21:28:20+00,2026-09-07 21:28:30+00,ABEV3,low,12,12.023333,5666,17.75,79,79
2026-09-07 21:28:20+00,2026-09-07 21:28:30+00,BBDC4,low,9,13.935556,2427,12.11,13,13
2026-09-07 21:28:20+00,2026-09-07 21:28:30+00,BOVA11,low,8,125.425000,4760,59.25,387,387
2026-09-07 21:28:20+00,2026-09-07 21:28:30+00,BTC-USD,low,9,65090.761111,3660,139.22,485,485
2026-09-07 21:28:20+00,2026-09-07 21:28:30+00,ITUB4,low,14,34.052857,6488,31.64,287,287
2026-09-07 21:28:20+00,2026-09-07 21:28:30+00,MGLU3,low,8,1.997500,4548,12.00,12,12
2026-09-07 21:28:20+00,2026-09-07 21:28:30+00,MSFT,low,9,420.061111,4693,12.67,16,16
2026-09-07 21:28:20+00,2026-09-07 21:28:30+00,PETR4,low,16,37.953125,9094,12.38,15,15
2026-09-07 21:28:20+00,2026-09-07 21:28:30+00,VALE3,low,6,61.961667,3713,12.00,12,12
2026-09-07 21:28:30+00,2026-09-07 21:28:40+00,AAPL,low,12,169.692500,5948,12.00,12,12
2026-09-07 21:28:30+00,2026-09-07 21:28:40+00,ABEV3,low,12,12.030833,5143,12.25,13,13
2026-09-07 21:28:30+00,2026-09-07 21:28:40+00,BBDC4,low,10,13.980000,5241,18.10,71,71
2026-09-07 21:28:30+00,2026-09-07 21:28:40+00,BOVA11,low,9,124.975556,5952,23.00,111,111
2026-09-07 21:28:30+00,2026-09-07 21:28:40+00,BTC-USD,low,10,65273.473000,4643,12.10,13,13
2026-09-07 21:28:30+00,2026-09-07 21:28:40+00,ITUB4,low,17,34.060588,9854,12.18,13,13
2026-09-07 21:28:30+00,2026-09-07 21:28:40+00,MGLU3,low,9,2.012222,4561,12.33,13,13
2026-09-07 21:28:30+00,2026-09-07 21:28:40+00,MSFT,low,11,418.598182,4471,15.64,36,36
2026-09-07 21:28:30+00,2026-09-07 21:28:40+00,PETR4,low,8,37.935000,4567,12.50,14,14
2026-09-07 21:28:30+00,2026-09-07 21:28:40+00,VALE3,low,2,62.020000,583,12.50,13,13
2026-09-07 21:28:40+00,2026-09-07 21:28:50+00,AAPL,low,10,170.101000,5807,12.70,17,17
2026-09-07 21:28:40+00,2026-09-07 21:28:50+00,ABEV3,low,11,11.994545,5892,46.18,381,381
2026-09-07 21:28:40+00,2026-09-07 21:28:50+00,BBDC4,low,12,13.952500,7642,12.83,16,16
2026-09-07 21:28:40+00,2026-09-07 21:28:50+00,BOVA11,low,7,125.021429,2990,14.71,23,23
2026-09-07 21:28:40+00,2026-09-07 21:28:50+00,BTC-USD,low,6,65068.391667,3106,24.17,82,82
2026-09-07 21:28:40+00,2026-09-07 21:28:50+00,ITUB4,low,13,34.133077,7230,13.38,17,17
2026-09-07 21:28:40+00,2026-09-07 21:28:50+00,MGLU3,low,11,2.001818,6067,36.91,282,282
2026-09-07 21:28:40+00,2026-09-07 21:28:50+00,MSFT,low,6,420.305000,2909,90.50,479,479
2026-09-07 21:28:40+00,2026-09-07 21:28:50+00,PETR4,low,12,37.819167,6671,26.83,182,182
2026-09-07 21:28:40+00,2026-09-07 21:28:50+00,VALE3,low,13,62.009231,9152,12.23,14,14
2026-09-07 21:28:50+00,2026-09-07 21:29:00+00,AAPL,low,16,170.709375,6298,33.63,278,278
2026-09-07 21:28:50+00,2026-09-07 21:29:00+00,ABEV3,low,6,12.071667,2306,12.17,13,13
2026-09-07 21:28:50+00,2026-09-07 21:29:00+00,BBDC4,low,14,14.044286,8514,13.14,27,27
2026-09-07 21:28:50+00,2026-09-07 21:29:00+00,BOVA11,low,11,124.468182,4671,84.27,522,522
2026-09-07 21:28:50+00,2026-09-07 21:29:00+00,BTC-USD,low,8,64898.336250,2848,50.00,226,226
2026-09-07 21:28:50+00,2026-09-07 21:29:00+00,ITUB4,low,12,33.960000,4603,12.17,13,13
2026-09-07 21:28:50+00,2026-09-07 21:29:00+00,MGLU3,low,8,2.007500,3840,12.38,13,13
2026-09-07 21:28:50+00,2026-09-07 21:29:00+00,MSFT,low,5,419.396000,2966,14.20,23,23
2026-09-07 21:28:50+00,2026-09-07 21:29:00+00,PETR4,low,12,38.084167,4018,73.25,426,426
2026-09-07 21:28:50+00,2026-09-07 21:29:00+00,VALE3,low,8,62.318750,4181,12.13,13,13
2026-09-07 21:29:00+00,2026-09-07 21:29:10+00,AAPL,low,7,169.822857,4699,12.14,13,13
2026-09-07 21:29:00+00,2026-09-07 21:29:10+00,ABEV3,low,8,12.035000,5596,12.00,12,12
2026-09-07 21:29:00+00,2026-09-07 21:29:10+00,BBDC4,low,11,14.027273,3686,12.18,13,13
2026-09-07 21:29:00+00,2026-09-07 21:29:10+00,BOVA11,low,8,125.111250,3013,12.13,13,13
2026-09-07 21:29:00+00,2026-09-07 21:29:10+00,BTC-USD,low,12,64875.785833,6557,14.75,45,45
2026-09-07 21:29:00+00,2026-09-07 21:29:10+00,ITUB4,low,10,33.946000,6530,12.20,13,13
2026-09-07 21:29:00+00,2026-09-07 21:29:10+00,MGLU3,low,13,2.003846,5984,12.08,13,13
2026-09-07 21:29:00+00,2026-09-07 21:29:10+00,MSFT,low,7,422.675714,4226,45.43,244,244
2026-09-07 21:29:00+00,2026-09-07 21:29:10+00,PETR4,low,12,37.955000,5906,23.17,145,145
2026-09-07 21:29:00+00,2026-09-07 21:29:10+00,VALE3,low,11,62.159091,4690,12.00,12,12
2026-09-07 21:30:00+00,2026-09-07 21:30:10+00,AAPL,medium,37,169.856216,19262,7.14,19,27
2026-09-07 21:30:00+00,2026-09-07 21:30:10+00,ABEV3,medium,40,11.989250,19797,7.20,12,12
2026-09-07 21:30:00+00,2026-09-07 21:30:10+00,BBDC4,medium,27,13.984444,10048,8.00,12,12
2026-09-07 21:30:00+00,2026-09-07 21:30:10+00,BOVA11,medium,32,124.704063,14591,6.03,12,37
2026-09-07 21:30:00+00,2026-09-07 21:30:10+00,BTC-USD,medium,45,64990.311778,21700,8.80,15,57
2026-09-07 21:30:00+00,2026-09-07 21:30:10+00,ITUB4,medium,48,33.944167,21997,8.21,12,31
2026-09-07 21:30:00+00,2026-09-07 21:30:10+00,MGLU3,medium,36,2.001389,15303,6.83,18,29
2026-09-07 21:30:00+00,2026-09-07 21:30:10+00,MSFT,medium,30,420.976333,15986,8.63,12,16
2026-09-07 21:30:00+00,2026-09-07 21:30:10+00,PETR4,medium,34,37.995882,15564,8.44,24,39
2026-09-07 21:30:00+00,2026-09-07 21:30:10+00,VALE3,medium,23,61.940870,11162,7.00,12,12
2026-09-07 21:30:10+00,2026-09-07 21:30:20+00,AAPL,medium,93,170.206774,45117,8.59,29,96
2026-09-07 21:30:10+00,2026-09-07 21:30:20+00,ABEV3,medium,89,12.013258,46623,8.48,22,39
2026-09-07 21:30:10+00,2026-09-07 21:30:20+00,BBDC4,medium,103,13.987379,49267,7.41,13,21
2026-09-07 21:30:10+00,2026-09-07 21:30:20+00,BOVA11,medium,109,124.979541,58172,9.58,13,86
2026-09-07 21:30:10+00,2026-09-07 21:30:20+00,BTC-USD,medium,99,65066.561313,50196,7.44,14,58
2026-09-07 21:30:10+00,2026-09-07 21:30:20+00,ITUB4,medium,105,33.982190,55615,6.71,13,14
2026-09-07 21:30:10+00,2026-09-07 21:30:20+00,MGLU3,medium,100,1.999800,51099,8.04,16,67
2026-09-07 21:30:10+00,2026-09-07 21:30:20+00,MSFT,medium,100,420.530600,46642,9.70,25,64
2026-09-07 21:30:10+00,2026-09-07 21:30:20+00,PETR4,medium,104,37.972885,55625,7.96,14,51
2026-09-07 21:30:10+00,2026-09-07 21:30:20+00,VALE3,medium,102,62.050784,52196,6.85,12,41
2026-09-07 21:30:20+00,2026-09-07 21:30:30+00,AAPL,medium,108,169.865278,56348,7.28,13,38
2026-09-07 21:30:20+00,2026-09-07 21:30:30+00,ABEV3,medium,103,12.003689,49193,11.17,16,103
2026-09-07 21:30:20+00,2026-09-07 21:30:30+00,BBDC4,medium,111,13.995135,54995,7.89,13,36
2026-09-07 21:30:20+00,2026-09-07 21:30:30+00,BOVA11,medium,95,124.967789,50959,8.79,14,93
2026-09-07 21:30:20+00,2026-09-07 21:30:30+00,BTC-USD,medium,84,65000.279643,40474,6.36,13,18
2026-09-07 21:30:20+00,2026-09-07 21:30:30+00,ITUB4,medium,98,33.971939,46476,6.84,13,18
2026-09-07 21:30:20+00,2026-09-07 21:30:30+00,MGLU3,medium,95,1.998737,54772,8.46,14,59
2026-09-07 21:30:20+00,2026-09-07 21:30:30+00,MSFT,medium,107,419.754019,53597,9.07,15,53
2026-09-07 21:30:20+00,2026-09-07 21:30:30+00,PETR4,medium,90,37.959889,45428,8.82,15,63
2026-09-07 21:30:20+00,2026-09-07 21:30:30+00,VALE3,medium,104,61.968173,42025,6.31,14,18
2026-09-07 21:30:30+00,2026-09-07 21:30:40+00,AAPL,medium,93,169.846237,46332,8.89,14,70
2026-09-07 21:30:30+00,2026-09-07 21:30:40+00,ABEV3,medium,97,11.997216,48848,9.59,28,78
2026-09-07 21:30:30+00,2026-09-07 21:30:40+00,BBDC4,medium,104,13.997981,58175,8.96,18,58
2026-09-07 21:30:30+00,2026-09-07 21:30:40+00,BOVA11,medium,95,124.948947,48501,8.27,14,47
2026-09-07 21:30:30+00,2026-09-07 21:30:40+00,BTC-USD,medium,100,65033.533200,52874,9.32,14,81
2026-09-07 21:30:30+00,2026-09-07 21:30:40+00,ITUB4,medium,103,34.029029,50941,6.11,13,29
2026-09-07 21:30:30+00,2026-09-07 21:30:40+00,MGLU3,medium,105,2.004000,50374,8.87,16,43
2026-09-07 21:30:30+00,2026-09-07 21:30:40+00,MSFT,medium,99,419.491313,51063,9.66,22,91
2026-09-07 21:30:30+00,2026-09-07 21:30:40+00,PETR4,medium,102,38.002157,46158,9.27,18,71
2026-09-07 21:30:30+00,2026-09-07 21:30:40+00,VALE3,medium,102,61.888431,52597,6.87,13,18
2026-09-07 21:30:40+00,2026-09-07 21:30:50+00,AAPL,medium,96,170.096250,48351,8.48,13,55
2026-09-07 21:30:40+00,2026-09-07 21:30:50+00,ABEV3,medium,95,12.014632,47641,7.65,13,23
2026-09-07 21:30:40+00,2026-09-07 21:30:50+00,BBDC4,medium,115,13.995130,59122,9.33,14,73
2026-09-07 21:30:40+00,2026-09-07 21:30:50+00,BOVA11,medium,100,124.908000,46213,8.51,14,43
2026-09-07 21:30:40+00,2026-09-07 21:30:50+00,BTC-USD,medium,102,65092.703333,51742,8.61,21,59
2026-09-07 21:30:40+00,2026-09-07 21:30:50+00,ITUB4,medium,88,33.986818,40474,6.91,13,13
2026-09-07 21:30:40+00,2026-09-07 21:30:50+00,MGLU3,medium,113,1.999646,57710,8.10,14,59
2026-09-07 21:30:40+00,2026-09-07 21:30:50+00,MSFT,medium,86,419.661860,42074,9.24,13,63
2026-09-07 21:30:40+00,2026-09-07 21:30:50+00,PETR4,medium,115,37.936261,59951,8.47,14,45
2026-09-07 21:30:40+00,2026-09-07 21:30:50+00,VALE3,medium,94,62.026702,47881,7.47,13,24
2026-09-07 21:30:50+00,2026-09-07 21:31:00+00,AAPL,medium,98,170.220102,48225,11.81,60,84
2026-09-07 21:30:50+00,2026-09-07 21:31:00+00,ABEV3,medium,85,11.992824,45525,9.44,15,63
2026-09-07 21:30:50+00,2026-09-07 21:31:00+00,BBDC4,medium,98,13.990000,53041,7.41,15,40
2026-09-07 21:30:50+00,2026-09-07 21:31:00+00,BOVA11,medium,97,125.071031,48215,8.95,14,70
2026-09-07 21:30:50+00,2026-09-07 21:31:00+00,BTC-USD,medium,123,64950.853821,64563,9.69,14,94
2026-09-07 21:30:50+00,2026-09-07 21:31:00+00,ITUB4,medium,105,34.006857,55229,8.22,13,46
2026-09-07 21:30:50+00,2026-09-07 21:31:00+00,MGLU3,medium,102,1.999118,46375,10.32,44,67
2026-09-07 21:30:50+00,2026-09-07 21:31:00+00,MSFT,medium,96,420.259271,48879,9.27,29,51
2026-09-07 21:30:50+00,2026-09-07 21:31:00+00,PETR4,medium,97,38.042062,47444,8.76,14,74
2026-09-07 21:30:50+00,2026-09-07 21:31:00+00,VALE3,medium,102,62.024510,53330,8.15,13,22
2026-09-07 21:31:00+00,2026-09-07 21:31:10+00,AAPL,medium,91,169.968462,47555,11.12,38,69
2026-09-07 21:31:00+00,2026-09-07 21:31:10+00,ABEV3,medium,78,12.008974,37472,9.44,14,54
2026-09-07 21:31:00+00,2026-09-07 21:31:10+00,BBDC4,medium,100,14.000100,46122,9.16,33,50
2026-09-07 21:31:00+00,2026-09-07 21:31:10+00,BOVA11,medium,97,125.118351,48380,10.00,14,59
2026-09-07 21:31:00+00,2026-09-07 21:31:10+00,BTC-USD,medium,112,64971.681518,54054,8.89,18,55
2026-09-07 21:31:00+00,2026-09-07 21:31:10+00,ITUB4,medium,100,34.008300,56812,6.99,13,16
2026-09-07 21:31:00+00,2026-09-07 21:31:10+00,MGLU3,medium,108,2.001944,50608,9.40,20,64
2026-09-07 21:31:00+00,2026-09-07 21:31:10+00,MSFT,medium,97,420.525052,49285,10.33,20,75
2026-09-07 21:31:00+00,2026-09-07 21:31:10+00,PETR4,medium,109,37.969725,52179,7.86,14,44
2026-09-07 21:31:00+00,2026-09-07 21:31:10+00,VALE3,medium,103,62.096893,51600,7.67,13,25
2026-09-07 21:31:10+00,2026-09-07 21:31:20+00,AAPL,medium,109,170.147064,52134,11.81,46,85
2026-09-07 21:31:10+00,2026-09-07 21:31:20+00,ABEV3,medium,100,11.990800,46801,11.30,36,75
2026-09-07 21:31:10+00,2026-09-07 21:31:20+00,BBDC4,medium,97,13.991134,50191,7.96,14,56
2026-09-07 21:31:10+00,2026-09-07 21:31:20+00,BOVA11,medium,95,124.825474,49761,7.39,14,23
2026-09-07 21:31:10+00,2026-09-07 21:31:20+00,BTC-USD,medium,100,65060.499300,47332,9.25,15,81
2026-09-07 21:31:10+00,2026-09-07 21:31:20+00,ITUB4,medium,96,34.019688,46705,7.51,13,14
2026-09-07 21:31:10+00,2026-09-07 21:31:20+00,MGLU3,medium,101,2.000990,55842,9.44,14,78
2026-09-07 21:31:10+00,2026-09-07 21:31:20+00,MSFT,medium,102,420.545196,53592,8.95,14,75
2026-09-07 21:31:10+00,2026-09-07 21:31:20+00,PETR4,medium,98,37.994388,46730,12.55,58,93
2026-09-07 21:31:10+00,2026-09-07 21:31:20+00,VALE3,medium,103,62.046990,53939,7.87,14,23
2026-09-07 21:31:20+00,2026-09-07 21:31:30+00,AAPL,medium,101,169.829010,49208,8.18,13,49
2026-09-07 21:31:20+00,2026-09-07 21:31:30+00,ABEV3,medium,104,11.975481,51644,8.03,14,16
2026-09-07 21:31:20+00,2026-09-07 21:31:30+00,BBDC4,medium,81,13.990370,41433,6.99,13,14
2026-09-07 21:31:20+00,2026-09-07 21:31:30+00,BOVA11,medium,101,125.030198,49088,6.89,15,25
2026-09-07 21:31:20+00,2026-09-07 21:31:30+00,BTC-USD,medium,106,64971.728585,49383,7.06,14,59
2026-09-07 21:31:20+00,2026-09-07 21:31:30+00,ITUB4,medium,99,33.975960,53506,7.72,14,14
2026-09-07 21:31:20+00,2026-09-07 21:31:30+00,MGLU3,medium,110,2.001182,53895,7.45,13,35
2026-09-07 21:31:20+00,2026-09-07 21:31:30+00,MSFT,medium,83,420.069880,44418,8.52,14,43
2026-09-07 21:31:20+00,2026-09-07 21:31:30+00,PETR4,medium,110,37.990545,51381,8.86,15,69
2026-09-07 21:31:20+00,2026-09-07 21:31:30+00,VALE3,medium,107,61.984486,55599,7.39,13,15
2026-09-07 21:31:30+00,2026-09-07 21:31:40+00,AAPL,medium,105,169.791143,48667,15.08,25,322
2026-09-07 21:31:30+00,2026-09-07 21:31:40+00,ABEV3,medium,81,12.003827,42827,24.48,104,392
2026-09-07 21:31:30+00,2026-09-07 21:31:40+00,BBDC4,medium,97,14.004742,48138,13.81,51,244
2026-09-07 21:31:30+00,2026-09-07 21:31:40+00,BOVA11,medium,91,124.974615,47469,11.71,25,263
2026-09-07 21:31:30+00,2026-09-07 21:31:40+00,BTC-USD,medium,106,64913.652736,54420,12.34,50,204
2026-09-07 21:31:30+00,2026-09-07 21:31:40+00,ITUB4,medium,106,34.002736,49902,8.25,13,52
2026-09-07 21:31:30+00,2026-09-07 21:31:40+00,MGLU3,medium,98,2.001122,47727,24.62,184,381
2026-09-07 21:31:30+00,2026-09-07 21:31:40+00,MSFT,medium,101,420.234752,52118,25.16,144,362
2026-09-07 21:31:30+00,2026-09-07 21:31:40+00,PETR4,medium,108,37.986944,57991,9.94,14,111
2026-09-07 21:31:30+00,2026-09-07 21:31:40+00,VALE3,medium,106,61.915660,54993,6.83,13,16
2026-09-07 21:31:40+00,2026-09-07 21:31:50+00,AAPL,medium,111,170.010450,56176,1753.32,4849,5098
2026-09-07 21:31:40+00,2026-09-07 21:31:50+00,ABEV3,medium,90,12.012000,46504,1477.14,4760,5157
2026-09-07 21:31:40+00,2026-09-07 21:31:50+00,BBDC4,medium,88,13.969659,43405,1833.40,4569,5048
2026-09-07 21:31:40+00,2026-09-07 21:31:50+00,BOVA11,medium,89,125.161798,39122,1070.44,3960,5039
2026-09-07 21:31:40+00,2026-09-07 21:31:50+00,BTC-USD,medium,106,64936.506321,46912,1168.23,4470,5138
2026-09-07 21:31:40+00,2026-09-07 21:31:50+00,ITUB4,medium,104,34.002692,51366,1468.58,4811,4980
2026-09-07 21:31:40+00,2026-09-07 21:31:50+00,MGLU3,medium,80,2.002375,36965,1538.39,4430,4939
2026-09-07 21:31:40+00,2026-09-07 21:31:50+00,MSFT,medium,88,420.230000,46758,1219.75,4740,5059
2026-09-07 21:31:40+00,2026-09-07 21:31:50+00,PETR4,medium,83,37.957108,46179,1345.43,4869,5148
2026-09-07 21:31:40+00,2026-09-07 21:31:50+00,VALE3,medium,100,61.946100,51682,1194.85,4562,5010
2026-09-07 21:31:50+00,2026-09-07 21:32:00+00,AAPL,medium,100,170.279700,48665,766.83,3463,3711
2026-09-07 21:31:50+00,2026-09-07 21:32:00+00,ABEV3,medium,93,12.009462,47643,654.19,3373,3741
2026-09-07 21:31:50+00,2026-09-07 21:32:00+00,BBDC4,medium,97,14.005052,45514,789.31,3133,3731
2026-09-07 21:31:50+00,2026-09-07 21:32:00+00,BOVA11,medium,110,124.978909,55371,833.45,3353,3671
2026-09-07 21:31:50+00,2026-09-07 21:32:00+00,BTC-USD,medium,108,64974.322500,50809,659.58,3173,3552
2026-09-07 21:31:50+00,2026-09-07 21:32:00+00,ITUB4,medium,112,33.995357,57997,374.58,2351,3009
2026-09-07 21:31:50+00,2026-09-07 21:32:00+00,MGLU3,medium,91,1.997692,44553,862.67,3423,3691
2026-09-07 21:31:50+00,2026-09-07 21:32:00+00,MSFT,medium,103,420.278058,53883,593.14,2983,3562
2026-09-07 21:31:50+00,2026-09-07 21:32:00+00,PETR4,medium,126,37.992698,65051,664.31,3203,3642
2026-09-07 21:31:50+00,2026-09-07 21:32:00+00,VALE3,medium,120,61.974333,54375,631.68,2900,3389
2026-09-07 21:32:00+00,2026-09-07 21:32:10+00,AAPL,medium,82,169.900488,39373,9.24,14,78
2026-09-07 21:32:00+00,2026-09-07 21:32:10+00,ABEV3,medium,103,12.005631,56480,8.97,15,50
2026-09-07 21:32:00+00,2026-09-07 21:32:10+00,BBDC4,medium,102,14.005098,46887,8.05,15,54
2026-09-07 21:32:00+00,2026-09-07 21:32:10+00,BOVA11,medium,106,124.927075,45326,10.00,15,88
2026-09-07 21:32:00+00,2026-09-07 21:32:10+00,BTC-USD,medium,114,65016.918070,56922,9.00,15,59
2026-09-07 21:32:00+00,2026-09-07 21:32:10+00,ITUB4,medium,94,34.043511,44309,8.51,15,29
2026-09-07 21:32:00+00,2026-09-07 21:32:10+00,MGLU3,medium,99,1.996768,49492,9.89,24,53
2026-09-07 21:32:00+00,2026-09-07 21:32:10+00,MSFT,medium,93,419.904731,49358,8.59,14,60
2026-09-07 21:32:00+00,2026-09-07 21:32:10+00,PETR4,medium,105,38.021048,59383,8.77,16,68
2026-09-07 21:32:00+00,2026-09-07 21:32:10+00,VALE3,medium,105,61.984000,53199,7.30,14,40
2026-09-07 21:32:10+00,2026-09-07 21:32:20+00,AAPL,medium,110,170.071727,55297,8.55,14,49
2026-09-07 21:32:10+00,2026-09-07 21:32:20+00,ABEV3,medium,114,12.008509,58692,8.10,13,69
2026-09-07 21:32:10+00,2026-09-07 21:32:20+00,BBDC4,medium,114,14.002982,47730,7.84,13,59
2026-09-07 21:32:10+00,2026-09-07 21:32:20+00,BOVA11,medium,95,124.837368,43677,8.23,16,44
2026-09-07 21:32:10+00,2026-09-07 21:32:20+00,BTC-USD,medium,97,64931.400722,48831,8.09,15,29
2026-09-07 21:32:10+00,2026-09-07 21:32:20+00,ITUB4,medium,86,33.987674,44707,7.97,13,18
2026-09-07 21:32:10+00,2026-09-07 21:32:20+00,MGLU3,medium,111,2.000721,52741,7.48,13,26
2026-09-07 21:32:10+00,2026-09-07 21:32:20+00,MSFT,medium,89,419.777416,45220,7.36,13,25
2026-09-07 21:32:10+00,2026-09-07 21:32:20+00,PETR4,medium,93,37.962043,42649,7.00,13,17
2026-09-07 21:32:10+00,2026-09-07 21:32:20+00,VALE3,medium,90,62.024000,43157,8.02,13,18
2026-09-07 21:32:20+00,2026-09-07 21:32:30+00,AAPL,medium,95,170.089474,49338,1923.60,5310,5998
2026-09-07 21:32:20+00,2026-09-07 21:32:30+00,ABEV3,medium,102,11.996765,54030,2354.09,5769,5988
2026-09-07 21:32:20+00,2026-09-07 21:32:30+00,BBDC4,medium,117,14.008889,53030,1898.56,5629,6017
2026-09-07 21:32:20+00,2026-09-07 21:32:30+00,BOVA11,medium,104,125.068750,52749,1833.02,5280,5919
2026-09-07 21:32:20+00,2026-09-07 21:32:30+00,BTC-USD,medium,104,65033.494231,52527,1829.08,5430,5859
2026-09-07 21:32:20+00,2026-09-07 21:32:30+00,ITUB4,medium,87,33.964713,45189,1727.85,5007,5714
2026-09-07 21:32:20+00,2026-09-07 21:32:30+00,MGLU3,medium,102,1.999412,53409,1671.72,5489,5948
2026-09-07 21:32:20+00,2026-09-07 21:32:30+00,MSFT,medium,106,419.761604,51855,1613.25,5639,5879
2026-09-07 21:32:20+00,2026-09-07 21:32:30+00,PETR4,medium,93,37.944946,51374,1881.49,5480,6007
2026-09-07 21:32:20+00,2026-09-07 21:32:30+00,VALE3,medium,84,62.048452,40783,1583.17,5097,5754
2026-09-07 21:32:30+00,2026-09-07 21:32:40+00,AAPL,medium,73,169.789452,33141,3835.95,7428,7706
2026-09-07 21:32:30+00,2026-09-07 21:32:40+00,ABEV3,medium,86,12.018605,40324,3931.64,7468,7715
2026-09-07 21:32:30+00,2026-09-07 21:32:40+00,BBDC4,medium,76,14.007895,36749,3431.66,7209,7696
2026-09-07 21:32:30+00,2026-09-07 21:32:40+00,BOVA11,medium,59,124.854915,25774,3042.44,7070,7269
2026-09-07 21:32:30+00,2026-09-07 21:32:40+00,BTC-USD,medium,93,64945.408172,45073,3260.00,7439,7636
2026-09-07 21:32:30+00,2026-09-07 21:32:40+00,ITUB4,medium,105,34.056476,51490,3563.46,7030,7527
2026-09-07 21:32:30+00,2026-09-07 21:32:40+00,MGLU3,medium,69,2.000000,33976,4291.99,7379,7656
2026-09-07 21:32:30+00,2026-09-07 21:32:40+00,MSFT,medium,64,419.669063,29556,3562.91,7239,7618
2026-09-07 21:32:30+00,2026-09-07 21:32:40+00,PETR4,medium,107,37.982523,53265,3579.78,7180,7608
2026-09-07 21:32:30+00,2026-09-07 21:32:40+00,VALE3,medium,89,62.039888,45017,2758.37,7250,7588
2026-09-07 21:32:40+00,2026-09-07 21:32:50+00,AAPL,medium,138,170.178768,68159,485.88,2080,2389
2026-09-07 21:32:40+00,2026-09-07 21:32:50+00,ABEV3,medium,121,12.005950,60254,436.09,1899,2368
2026-09-07 21:32:40+00,2026-09-07 21:32:50+00,BBDC4,medium,117,14.001624,57932,463.32,2069,2358
2026-09-07 21:32:40+00,2026-09-07 21:32:50+00,BOVA11,medium,116,125.106034,54501,576.91,2170,2349
2026-09-07 21:32:40+00,2026-09-07 21:32:50+00,BTC-USD,medium,116,65013.651207,60610,389.53,2079,2418
2026-09-07 21:32:40+00,2026-09-07 21:32:50+00,ITUB4,medium,109,34.034587,57785,376.87,1860,2127
2026-09-07 21:32:40+00,2026-09-07 21:32:50+00,MGLU3,medium,135,1.999481,71751,504.61,2040,2399
2026-09-07 21:32:40+00,2026-09-07 21:32:50+00,MSFT,medium,117,419.371282,62482,423.88,2100,2249
2026-09-07 21:32:40+00,2026-09-07 21:32:50+00,PETR4,medium,114,37.997193,56495,413.45,1801,2288
2026-09-07 21:32:40+00,2026-09-07 21:32:50+00,VALE3,medium,100,61.967500,51100,214.59,1531,2118
2026-09-07 21:32:50+00,2026-09-07 21:33:00+00,AAPL,medium,81,169.770988,40578,10.41,14,86
2026-09-07 21:32:50+00,2026-09-07 21:33:00+00,ABEV3,medium,105,12.016952,55354,8.70,13,85
2026-09-07 21:32:50+00,2026-09-07 21:33:00+00,BBDC4,medium,81,14.002593,42267,8.68,13,56
2026-09-07 21:32:50+00,2026-09-07 21:33:00+00,BOVA11,medium,108,124.949074,55403,8.01,13,76
2026-09-07 21:32:50+00,2026-09-07 21:33:00+00,BTC-USD,medium,122,64992.905738,61494,7.88,13,39
2026-09-07 21:32:50+00,2026-09-07 21:33:00+00,ITUB4,medium,114,34.017456,54377,6.14,12,26
2026-09-07 21:32:50+00,2026-09-07 21:33:00+00,MGLU3,medium,99,1.996667,53741,8.78,14,75
2026-09-07 21:32:50+00,2026-09-07 21:33:00+00,MSFT,medium,100,419.685800,48367,9.08,13,95
2026-09-07 21:32:50+00,2026-09-07 21:33:00+00,PETR4,medium,93,37.986237,48149,9.29,13,114
2026-09-07 21:32:50+00,2026-09-07 21:33:00+00,VALE3,medium,99,62.034343,46871,7.37,13,21
2026-09-07 21:33:00+00,2026-09-07 21:33:10+00,AAPL,medium,110,170.036182,52835,11.00,48,60
2026-09-07 21:33:00+00,2026-09-07 21:33:10+00,ABEV3,medium,104,11.997981,48507,9.16,16,32
2026-09-07 21:33:00+00,2026-09-07 21:33:10+00,BBDC4,medium,102,13.976078,54015,9.00,14,57
2026-09-07 21:33:00+00,2026-09-07 21:33:10+00,BOVA11,medium,84,124.939286,43974,9.49,28,69
2026-09-07 21:33:00+00,2026-09-07 21:33:10+00,BTC-USD,medium,98,65106.722041,48008,8.31,14,15
2026-09-07 21:33:00+00,2026-09-07 21:33:10+00,ITUB4,medium,98,33.975204,47030,7.24,15,16
2026-09-07 21:33:00+00,2026-09-07 21:33:10+00,MGLU3,medium,97,1.999278,50595,8.90,17,70
2026-09-07 21:33:00+00,2026-09-07 21:33:10+00,MSFT,medium,104,419.336346,56128,10.14,15,79
2026-09-07 21:33:00+00,2026-09-07 21:33:10+00,PETR4,medium,85,38.037765,37933,8.58,17,67
2026-09-07 21:33:00+00,2026-09-07 21:33:10+00,VALE3,medium,112,62.012857,52930,7.50,14,19
2026-09-07 21:33:10+00,2026-09-07 21:33:20+00,AAPL,medium,99,170.046667,49783,7.20,13,14
2026-09-07 21:33:10+00,2026-09-07 21:33:20+00,ABEV3,medium,103,11.999709,50166,9.68,14,42
2026-09-07 21:33:10+00,2026-09-07 21:33:20+00,BBDC4,medium,95,13.986421,49043,6.80,14,16
2026-09-07 21:33:10+00,2026-09-07 21:33:20+00,BOVA11,medium,96,124.971667,48495,8.77,15,49
2026-09-07 21:33:10+00,2026-09-07 21:33:20+00,BTC-USD,medium,111,65084.091622,49940,7.53,13,39
2026-09-07 21:33:10+00,2026-09-07 21:33:20+00,ITUB4,medium,113,33.968319,52327,6.66,14,16
2026-09-07 21:33:10+00,2026-09-07 21:33:20+00,MGLU3,medium,93,1.999032,51086,8.53,13,34
2026-09-07 21:33:10+00,2026-09-07 21:33:20+00,MSFT,medium,87,419.360345,43046,7.94,13,14
2026-09-07 21:33:10+00,2026-09-07 21:33:20+00,PETR4,medium,100,38.022600,53322,7.51,14,45
2026-09-07 21:33:10+00,2026-09-07 21:33:20+00,VALE3,medium,106,62.055849,49871,7.59,13,15
2026-09-07 21:33:20+00,2026-09-07 21:33:30+00,AAPL,medium,83,169.910964,44081,8.51,13,78
2026-09-07 21:33:20+00,2026-09-07 21:33:30+00,ABEV3,medium,86,12.028953,45236,8.13,13,88
2026-09-07 21:33:20+00,2026-09-07 21:33:30+00,BBDC4,medium,106,13.973679,48145,7.93,13,54
2026-09-07 21:33:20+00,2026-09-07 21:33:30+00,BOVA11,medium,114,124.857807,58902,7.68,13,35
2026-09-07 21:33:20+00,2026-09-07 21:33:30+00,BTC-USD,medium,101,65008.311287,50610,7.89,14,25
2026-09-07 21:33:20+00,2026-09-07 21:33:30+00,ITUB4,medium,128,33.964219,64686,6.91,13,15
2026-09-07 21:33:20+00,2026-09-07 21:33:30+00,MGLU3,medium,112,2.001786,58470,7.92,13,45
2026-09-07 21:33:20+00,2026-09-07 21:33:30+00,MSFT,medium,95,420.091684,46407,8.28,13,47
2026-09-07 21:33:20+00,2026-09-07 21:33:30+00,PETR4,medium,86,38.102674,44894,6.36,13,28
2026-09-07 21:33:20+00,2026-09-07 21:33:30+00,VALE3,medium,87,61.864138,41292,6.91,13,14
2026-09-07 21:33:30+00,2026-09-07 21:33:40+00,AAPL,medium,106,170.133302,55477,9.45,19,63
2026-09-07 21:33:30+00,2026-09-07 21:33:40+00,ABEV3,medium,96,12.010208,49668,8.64,16,45
2026-09-07 21:33:30+00,2026-09-07 21:33:40+00,BBDC4,medium,117,13.994872,57537,7.85,16,61
2026-09-07 21:33:30+00,2026-09-07 21:33:40+00,BOVA11,medium,99,124.957778,50695,7.97,14,73
2026-09-07 21:33:30+00,2026-09-07 21:33:40+00,BTC-USD,medium,100,65034.662600,46494,8.68,14,59
2026-09-07 21:33:30+00,2026-09-07 21:33:40+00,ITUB4,medium,96,33.964167,49603,15.34,16,291
2026-09-07 21:33:30+00,2026-09-07 21:33:40+00,MGLU3,medium,107,1.997850,54028,6.66,13,17
2026-09-07 21:33:30+00,2026-09-07 21:33:40+00,MSFT,medium,100,420.322700,48975,8.51,13,45
2026-09-07 21:33:30+00,2026-09-07 21:33:40+00,PETR4,medium,101,37.947030,50426,8.36,13,56
2026-09-07 21:33:30+00,2026-09-07 21:33:40+00,VALE3,medium,85,62.001647,37597,13.47,17,251
2026-09-07 21:33:40+00,2026-09-07 21:33:50+00,AAPL,medium,102,169.975392,47476,14.83,69,256
2026-09-07 21:33:40+00,2026-09-07 21:33:50+00,ABEV3,medium,101,12.000396,50529,14.50,31,306
2026-09-07 21:33:40+00,2026-09-07 21:33:50+00,BBDC4,medium,108,13.981019,52159,15.56,55,326
2026-09-07 21:33:40+00,2026-09-07 21:33:50+00,BOVA11,medium,104,124.994519,55963,25.92,115,336
2026-09-07 21:33:40+00,2026-09-07 21:33:50+00,BTC-USD,medium,89,64963.600899,41541,15.84,39,286
2026-09-07 21:33:40+00,2026-09-07 21:33:50+00,ITUB4,medium,107,34.022150,53175,22.98,28,622
2026-09-07 21:33:40+00,2026-09-07 21:33:50+00,MGLU3,medium,83,2.000000,37867,12.92,33,217
2026-09-07 21:33:40+00,2026-09-07 21:33:50+00,MSFT,medium,96,419.517708,51001,17.97,80,276
2026-09-07 21:33:40+00,2026-09-07 21:33:50+00,PETR4,medium,104,38.015962,54569,10.81,23,316
2026-09-07 21:33:40+00,2026-09-07 21:33:50+00,VALE3,medium,100,62.059500,50420,31.98,117,602
2026-09-07 21:33:50+00,2026-09-07 21:34:00+00,AAPL,medium,104,169.847692,55567,8.52,15,77
2026-09-07 21:33:50+00,2026-09-07 21:34:00+00,ABEV3,medium,101,12.007327,50927,7.54,12,54
2026-09-07 21:33:50+00,2026-09-07 21:34:00+00,BBDC4,medium,95,13.999263,50845,8.69,21,50
2026-09-07 21:33:50+00,2026-09-07 21:34:00+00,BOVA11,medium,101,124.870495,46982,9.80,28,87
2026-09-07 21:33:50+00,2026-09-07 21:34:00+00,BTC-USD,medium,91,65075.621209,47834,8.45,14,44
2026-09-07 21:33:50+00,2026-09-07 21:34:00+00,ITUB4,medium,104,33.986635,53221,11.92,21,169
2026-09-07 21:33:50+00,2026-09-07 21:34:00+00,MGLU3,medium,99,2.001212,48008,8.56,14,67
2026-09-07 21:33:50+00,2026-09-07 21:34:00+00,MSFT,medium,103,420.058641,49251,8.34,15,63
2026-09-07 21:33:50+00,2026-09-07 21:34:00+00,PETR4,medium,109,38.038349,56484,9.23,18,55
2026-09-07 21:33:50+00,2026-09-07 21:34:00+00,VALE3,medium,93,61.924516,41668,7.57,12,40
2026-09-07 21:34:00+00,2026-09-07 21:34:10+00,AAPL,medium,85,169.836118,40634,7.80,14,57
2026-09-07 21:34:00+00,2026-09-07 21:34:10+00,ABEV3,medium,107,11.992430,51388,9.25,27,64
2026-09-07 21:34:00+00,2026-09-07 21:34:10+00,BBDC4,medium,92,14.021630,47696,10.26,36,64
2026-09-07 21:34:00+00,2026-09-07 21:34:10+00,BOVA11,medium,113,124.883274,55598,9.10,26,81
2026-09-07 21:34:00+00,2026-09-07 21:34:10+00,BTC-USD,medium,87,65062.962874,43392,8.43,13,48
2026-09-07 21:34:00+00,2026-09-07 21:34:10+00,ITUB4,medium,118,33.992797,61145,7.62,13,30
2026-09-07 21:34:00+00,2026-09-07 21:34:10+00,MGLU3,medium,100,1.997600,49724,7.94,14,48
2026-09-07 21:34:00+00,2026-09-07 21:34:10+00,MSFT,medium,99,420.377677,49313,8.68,20,54
2026-09-07 21:34:00+00,2026-09-07 21:34:10+00,PETR4,medium,102,38.059412,53402,8.64,13,61
2026-09-07 21:34:00+00,2026-09-07 21:34:10+00,VALE3,medium,97,61.969278,45926,7.86,13,57
2026-09-07 21:34:10+00,2026-09-07 21:34:20+00,AAPL,medium,95,170.018526,48997,7.75,13,63
2026-09-07 21:34:10+00,2026-09-07 21:34:20+00,ABEV3,medium,95,11.987579,49578,9.53,28,74
2026-09-07 21:34:10+00,2026-09-07 21:34:20+00,BBDC4,medium,103,14.001165,53956,8.14,14,70
2026-09-07 21:34:10+00,2026-09-07 21:34:20+00,BOVA11,medium,97,125.025567,47757,8.99,15,73
2026-09-07 21:34:10+00,2026-09-07 21:34:20+00,BTC-USD,medium,94,64975.953617,45142,8.26,16,60
2026-09-07 21:34:10+00,2026-09-07 21:34:20+00,ITUB4,medium,106,34.009717,56193,6.33,12,14
2026-09-07 21:34:10+00,2026-09-07 21:34:20+00,MGLU3,medium,98,2.000000,48729,7.95,13,83
2026-09-07 21:34:10+00,2026-09-07 21:34:20+00,MSFT,medium,111,420.386847,52847,7.13,13,37
2026-09-07 21:34:10+00,2026-09-07 21:34:20+00,PETR4,medium,93,37.964946,42491,9.01,15,80
2026-09-07 21:34:10+00,2026-09-07 21:34:20+00,VALE3,medium,111,62.058198,55718,7.24,13,53
2026-09-07 21:34:20+00,2026-09-07 21:34:30+00,AAPL,medium,85,169.904000,46141,8.82,18,66
2026-09-07 21:34:20+00,2026-09-07 21:34:30+00,ABEV3,medium,97,12.007423,50122,8.36,15,86
2026-09-07 21:34:20+00,2026-09-07 21:34:30+00,BBDC4,medium,105,14.018095,47380,9.17,17,106
2026-09-07 21:34:20+00,2026-09-07 21:34:30+00,BOVA11,medium,103,125.109417,50095,8.15,13,69
2026-09-07 21:34:20+00,2026-09-07 21:34:30+00,BTC-USD,medium,108,64919.923519,52687,7.05,13,17
2026-09-07 21:34:20+00,2026-09-07 21:34:30+00,ITUB4,medium,111,33.996396,57171,7.05,13,26
2026-09-07 21:34:20+00,2026-09-07 21:34:30+00,MGLU3,medium,110,2.002273,56916,9.47,27,58
2026-09-07 21:34:20+00,2026-09-07 21:34:30+00,MSFT,medium,88,420.051932,43191,8.09,14,49
2026-09-07 21:34:20+00,2026-09-07 21:34:30+00,PETR4,medium,106,37.988962,52011,8.04,14,96
2026-09-07 21:34:20+00,2026-09-07 21:34:30+00,VALE3,medium,91,62.032967,43209,6.96,13,32
2026-09-07 21:34:30+00,2026-09-07 21:34:40+00,AAPL,medium,110,169.776091,56971,10.11,28,79
2026-09-07 21:34:30+00,2026-09-07 21:34:40+00,ABEV3,medium,107,11.991495,55583,8.64,15,71
2026-09-07 21:34:30+00,2026-09-07 21:34:40+00,BBDC4,medium,88,13.991591,45462,10.33,16,102
2026-09-07 21:34:30+00,2026-09-07 21:34:40+00,BOVA11,medium,98,124.873571,48111,11.96,52,86
2026-09-07 21:34:30+00,2026-09-07 21:34:40+00,BTC-USD,medium,103,64985.740777,51428,12.14,52,101
2026-09-07 21:34:30+00,2026-09-07 21:34:40+00,ITUB4,medium,106,33.997642,52724,8.74,14,71
2026-09-07 21:34:30+00,2026-09-07 21:34:40+00,MGLU3,medium,108,2.001111,54344,9.06,18,92
2026-09-07 21:34:30+00,2026-09-07 21:34:40+00,MSFT,medium,83,420.336988,46377,11.78,22,89
2026-09-07 21:34:30+00,2026-09-07 21:34:40+00,PETR4,medium,95,38.010737,45469,10.80,42,99
2026-09-07 21:34:30+00,2026-09-07 21:34:40+00,VALE3,medium,97,61.923608,48627,7.96,16,53
2026-09-07 21:34:40+00,2026-09-07 21:34:50+00,AAPL,medium,105,169.819048,52946,8.99,14,78
2026-09-07 21:34:40+00,2026-09-07 21:34:50+00,ABEV3,medium,117,11.978291,59090,9.03,18,72
2026-09-07 21:34:40+00,2026-09-07 21:34:50+00,BBDC4,medium,95,14.030316,51092,9.63,29,84
2026-09-07 21:34:40+00,2026-09-07 21:34:50+00,BOVA11,medium,83,125.082048,37592,7.93,14,77
2026-09-07 21:34:40+00,2026-09-07 21:34:50+00,BTC-USD,medium,89,64978.218090,45265,11.54,35,76
2026-09-07 21:34:40+00,2026-09-07 21:34:50+00,ITUB4,medium,96,34.021771,49756,7.98,13,29
2026-09-07 21:34:40+00,2026-09-07 21:34:50+00,MGLU3,medium,100,1.997300,45757,10.95,25,68
2026-09-07 21:34:40+00,2026-09-07 21:34:50+00,MSFT,medium,124,420.129919,61476,9.43,15,86
2026-09-07 21:34:40+00,2026-09-07 21:34:50+00,PETR4,medium,96,38.036146,50732,8.78,15,56
2026-09-07 21:34:40+00,2026-09-07 21:34:50+00,VALE3,medium,97,61.999897,46639,8.70,14,48
2026-09-07 21:34:50+00,2026-09-07 21:35:00+00,AAPL,medium,88,170.225114,43862,11.72,40,97
2026-09-07 21:34:50+00,2026-09-07 21:35:00+00,ABEV3,medium,102,12.003039,55006,10.42,20,91
2026-09-07 21:34:50+00,2026-09-07 21:35:00+00,BBDC4,medium,103,13.997184,48222,8.53,15,81
2026-09-07 21:34:50+00,2026-09-07 21:35:00+00,BOVA11,medium,102,125.057157,52944,10.17,14,92
2026-09-07 21:34:50+00,2026-09-07 21:35:00+00,BTC-USD,medium,79,65120.319620,39499,10.38,18,96
2026-09-07 21:34:50+00,2026-09-07 21:35:00+00,ITUB4,medium,104,33.980385,49478,9.49,15,61
2026-09-07 21:34:50+00,2026-09-07 21:35:00+00,MGLU3,medium,117,1.996239,55517,10.28,38,73
2026-09-07 21:34:50+00,2026-09-07 21:35:00+00,MSFT,medium,101,419.114158,46637,7.77,14,53
2026-09-07 21:34:50+00,2026-09-07 21:35:00+00,PETR4,medium,106,38.019811,55574,10.75,38,83
2026-09-07 21:34:50+00,2026-09-07 21:35:00+00,VALE3,medium,92,62.076739,48164,6.43,13,16
2026-09-07 21:35:00+00,2026-09-07 21:35:10+00,AAPL,medium,109,169.922569,51642,9.64,21,66
2026-09-07 21:35:00+00,2026-09-07 21:35:10+00,ABEV3,medium,114,11.990439,59444,11.04,27,110
2026-09-07 21:35:00+00,2026-09-07 21:35:10+00,BBDC4,medium,97,13.998041,44234,9.54,27,92
2026-09-07 21:35:00+00,2026-09-07 21:35:10+00,BOVA11,medium,97,124.954639,51349,9.35,19,73
2026-09-07 21:35:00+00,2026-09-07 21:35:10+00,BTC-USD,medium,121,64957.040992,61523,8.86,14,66
2026-09-07 21:35:00+00,2026-09-07 21:35:10+00,ITUB4,medium,101,34.032871,49239,7.12,13,29
2026-09-07 21:35:00+00,2026-09-07 21:35:10+00,MGLU3,medium,81,1.997407,39360,7.98,13,77
2026-09-07 21:35:00+00,2026-09-07 21:35:10+00,MSFT,medium,90,419.646222,40197,10.18,37,91
2026-09-07 21:35:00+00,2026-09-07 21:35:10+00,PETR4,medium,92,37.998587,48343,10.46,37,83
2026-09-07 21:35:00+00,2026-09-07 21:35:10+00,VALE3,medium,102,61.996667,51333,8.73,14,41
2026-09-07 21:35:10+00,2026-09-07 21:35:20+00,AAPL,medium,104,169.877885,57358,9.59,13,93
2026-09-07 21:35:10+00,2026-09-07 21:35:20+00,ABEV3,medium,108,12.008148,53094,7.73,13,53
2026-09-07 21:35:10+00,2026-09-07 21:35:20+00,BBDC4,medium,85,14.026353,46093,8.09,14,53
2026-09-07 21:35:10+00,2026-09-07 21:35:20+00,BOVA11,medium,128,124.918516,64670,7.91,18,43
2026-09-07 21:35:10+00,2026-09-07 21:35:20+00,BTC-USD,medium,86,64907.553256,40968,8.83,18,51
2026-09-07 21:35:10+00,2026-09-07 21:35:20+00,ITUB4,medium,87,33.994253,47764,7.98,12,14
2026-09-07 21:35:10+00,2026-09-07 21:35:20+00,MGLU3,medium,111,1.998919,57385,8.78,13,83
2026-09-07 21:35:10+00,2026-09-07 21:35:20+00,MSFT,medium,83,420.453494,43954,8.28,12,50
2026-09-07 21:35:10+00,2026-09-07 21:35:20+00,PETR4,medium,99,38.052525,46938,6.92,16,73
2026-09-07 21:35:10+00,2026-09-07 21:35:20+00,VALE3,medium,111,62.042072,55722,6.55,13,16
2026-09-07 21:35:20+00,2026-09-07 21:35:30+00,AAPL,medium,99,170.021717,48281,12.54,43,174
2026-09-07 21:35:20+00,2026-09-07 21:35:30+00,ABEV3,medium,97,11.990619,46333,8.14,19,78
2026-09-07 21:35:20+00,2026-09-07 21:35:30+00,BBDC4,medium,103,14.005340,51640,10.12,18,198
2026-09-07 21:35:20+00,2026-09-07 21:35:30+00,BOVA11,medium,97,125.034845,48971,10.25,28,64
2026-09-07 21:35:20+00,2026-09-07 21:35:30+00,BTC-USD,medium,102,64972.115392,54067,10.02,14,178
2026-09-07 21:35:20+00,2026-09-07 21:35:30+00,ITUB4,medium,88,34.032841,43871,10.23,16,116
2026-09-07 21:35:20+00,2026-09-07 21:35:30+00,MGLU3,medium,103,2.000485,49607,12.20,34,188
2026-09-07 21:35:20+00,2026-09-07 21:35:30+00,MSFT,medium,112,420.581250,59682,9.55,23,60
2026-09-07 21:35:20+00,2026-09-07 21:35:30+00,PETR4,medium,104,38.036250,53636,10.23,24,158
2026-09-07 21:35:20+00,2026-09-07 21:35:30+00,VALE3,medium,97,62.039278,47852,12.86,45,184
2026-09-07 21:35:30+00,2026-09-07 21:35:40+00,AAPL,medium,109,170.113303,53220,9.06,16,98
2026-09-07 21:35:30+00,2026-09-07 21:35:40+00,ABEV3,medium,96,12.004896,47724,8.24,15,40
2026-09-07 21:35:30+00,2026-09-07 21:35:40+00,BBDC4,medium,90,14.024444,47717,9.21,18,78
2026-09-07 21:35:30+00,2026-09-07 21:35:40+00,BOVA11,medium,111,125.089369,52017,8.61,14,56
2026-09-07 21:35:30+00,2026-09-07 21:35:40+00,BTC-USD,medium,85,65050.731176,44308,8.86,20,42
2026-09-07 21:35:30+00,2026-09-07 21:35:40+00,ITUB4,medium,105,34.026381,45647,9.31,13,119
2026-09-07 21:35:30+00,2026-09-07 21:35:40+00,MGLU3,medium,109,1.999541,56547,9.09,22,58
2026-09-07 21:35:30+00,2026-09-07 21:35:40+00,MSFT,medium,98,419.937551,49702,7.34,15,48
2026-09-07 21:35:30+00,2026-09-07 21:35:40+00,PETR4,medium,86,38.012209,44595,8.19,27,51
2026-09-07 21:35:30+00,2026-09-07 21:35:40+00,VALE3,medium,113,61.903186,52068,9.79,21,128
2026-09-07 21:35:40+00,2026-09-07 21:35:50+00,AAPL,medium,99,169.805758,52374,198.39,1612,1881
2026-09-07 21:35:40+00,2026-09-07 21:35:50+00,ABEV3,medium,95,12.003474,45811,275.57,1462,1832
2026-09-07 21:35:40+00,2026-09-07 21:35:50+00,BBDC4,medium,85,14.010471,41669,216.07,1522,1782
2026-09-07 21:35:40+00,2026-09-07 21:35:50+00,BOVA11,medium,100,125.018500,51621,180.00,1242,1921
2026-09-07 21:35:40+00,2026-09-07 21:35:50+00,BTC-USD,medium,104,65051.255865,51047,171.76,1373,1692
2026-09-07 21:35:40+00,2026-09-07 21:35:50+00,ITUB4,medium,100,34.022600,49442,107.27,691,1469
2026-09-07 21:35:40+00,2026-09-07 21:35:50+00,MGLU3,medium,100,2.000400,44902,171.55,1253,1851
2026-09-07 21:35:40+00,2026-09-07 21:35:50+00,MSFT,medium,97,419.796495,47403,154.96,1093,1861
2026-09-07 21:35:40+00,2026-09-07 21:35:50+00,PETR4,medium,118,38.019576,63871,168.35,1273,1841
2026-09-07 21:35:40+00,2026-09-07 21:35:50+00,VALE3,medium,95,61.938000,48323,153.03,1170,1518
2026-09-07 21:35:50+00,2026-09-07 21:36:00+00,AAPL,medium,114,170.240965,58285,9.70,25,91
2026-09-07 21:35:50+00,2026-09-07 21:36:00+00,ABEV3,medium,99,11.993333,52347,11.54,15,178
2026-09-07 21:35:50+00,2026-09-07 21:36:00+00,BBDC4,medium,95,13.976632,44990,12.15,35,139
2026-09-07 21:35:50+00,2026-09-07 21:36:00+00,BOVA11,medium,101,124.951881,49413,11.83,30,135
2026-09-07 21:35:50+00,2026-09-07 21:36:00+00,BTC-USD,medium,104,64935.534135,53604,10.61,19,115
2026-09-07 21:35:50+00,2026-09-07 21:36:00+00,ITUB4,medium,92,33.957065,46775,14.10,14,255
2026-09-07 21:35:50+00,2026-09-07 21:36:00+00,MGLU3,medium,96,1.999896,46606,12.02,29,105
2026-09-07 21:35:50+00,2026-09-07 21:36:00+00,MSFT,medium,89,420.388989,45052,11.34,14,169
2026-09-07 21:35:50+00,2026-09-07 21:36:00+00,PETR4,medium,90,37.978333,45081,13.63,56,149
2026-09-07 21:35:50+00,2026-09-07 21:36:00+00,VALE3,medium,122,61.998197,57063,13.40,17,275
2026-09-07 21:36:00+00,2026-09-07 21:36:10+00,AAPL,medium,99,169.979192,45082,27.62,57,693
2026-09-07 21:36:00+00,2026-09-07 21:36:10+00,ABEV3,medium,94,12.005638,47986,39.83,237,636
2026-09-07 21:36:00+00,2026-09-07 21:36:10+00,BBDC4,medium,98,13.997959,49377,29.33,82,642
2026-09-07 21:36:00+00,2026-09-07 21:36:10+00,BOVA11,medium,101,124.710990,43239,37.39,307,566
2026-09-07 21:36:00+00,2026-09-07 21:36:10+00,BTC-USD,medium,83,65078.015301,40411,47.72,367,626
2026-09-07 21:36:00+00,2026-09-07 21:36:10+00,ITUB4,medium,108,33.987222,51861,8.34,14,41
2026-09-07 21:36:00+00,2026-09-07 21:36:10+00,MGLU3,medium,106,1.998208,50617,35.38,277,613
2026-09-07 21:36:00+00,2026-09-07 21:36:10+00,MSFT,medium,113,420.406106,54963,29.68,107,653
2026-09-07 21:36:00+00,2026-09-07 21:36:10+00,PETR4,medium,102,38.003333,54497,31.79,90,683
2026-09-07 21:36:00+00,2026-09-07 21:36:10+00,VALE3,medium,101,62.014554,52372,8.07,14,36
2026-09-07 21:36:10+00,2026-09-07 21:36:20+00,AAPL,medium,102,169.936373,50604,10.31,15,87
2026-09-07 21:36:10+00,2026-09-07 21:36:20+00,ABEV3,medium,114,11.989649,59125,11.36,33,77
2026-09-07 21:36:10+00,2026-09-07 21:36:20+00,BBDC4,medium,88,14.004659,39022,9.51,23,37
2026-09-07 21:36:10+00,2026-09-07 21:36:20+00,BOVA11,medium,96,125.076042,50057,10.47,25,74
2026-09-07 21:36:10+00,2026-09-07 21:36:20+00,BTC-USD,medium,101,64920.280495,44190,8.50,15,57
2026-09-07 21:36:10+00,2026-09-07 21:36:20+00,ITUB4,medium,96,33.970000,48311,7.81,14,29
2026-09-07 21:36:10+00,2026-09-07 21:36:20+00,MGLU3,medium,103,1.999126,51486,11.15,16,84
2026-09-07 21:36:10+00,2026-09-07 21:36:20+00,MSFT,medium,94,420.045106,47463,9.19,16,73
2026-09-07 21:36:10+00,2026-09-07 21:36:20+00,PETR4,medium,94,37.935638,55270,9.84,24,93
2026-09-07 21:36:10+00,2026-09-07 21:36:20+00,VALE3,medium,106,62.024340,57718,7.52,13,14
2026-09-07 21:36:20+00,2026-09-07 21:36:30+00,AAPL,medium,102,169.883039,48667,7.73,15,35
2026-09-07 21:36:20+00,2026-09-07 21:36:30+00,ABEV3,medium,101,12.020099,53220,9.06,16,45
2026-09-07 21:36:20+00,2026-09-07 21:36:30+00,BBDC4,medium,87,14.013103,43475,7.72,15,32
2026-09-07 21:36:20+00,2026-09-07 21:36:30+00,BOVA11,medium,107,125.187570,59351,10.46,15,72
2026-09-07 21:36:20+00,2026-09-07 21:36:30+00,BTC-USD,medium,107,64883.583084,50481,11.07,17,91
2026-09-07 21:36:20+00,2026-09-07 21:36:30+00,ITUB4,medium,115,33.977478,58761,7.80,14,35
2026-09-07 21:36:20+00,2026-09-07 21:36:30+00,MGLU3,medium,95,2.001368,46464,9.27,17,55
2026-09-07 21:36:20+00,2026-09-07 21:36:30+00,MSFT,medium,92,419.689022,46183,10.67,21,61
2026-09-07 21:36:20+00,2026-09-07 21:36:30+00,PETR4,medium,106,38.005566,48671,9.03,14,72
2026-09-07 21:36:20+00,2026-09-07 21:36:30+00,VALE3,medium,90,61.949556,44375,8.10,14,15
2026-09-07 21:36:30+00,2026-09-07 21:36:40+00,AAPL,medium,1,170.680000,416,2.00,2,2
2026-09-07 21:36:30+00,2026-09-07 21:36:40+00,ABEV3,medium,106,12.002264,50697,12.13,33,84
2026-09-07 21:36:30+00,2026-09-07 21:36:40+00,BBDC4,medium,86,14.011047,45966,9.44,18,32
2026-09-07 21:36:30+00,2026-09-07 21:36:40+00,BOVA11,medium,98,124.770204,49200,10.69,41,73
2026-09-07 21:36:30+00,2026-09-07 21:36:40+00,BTC-USD,medium,1,65944.890000,325,2.00,2,2
2026-09-07 21:36:30+00,2026-09-07 21:36:40+00,ITUB4,medium,101,33.986733,47204,7.35,14,17
2026-09-07 21:36:30+00,2026-09-07 21:36:40+00,MGLU3,medium,2,2.010000,946,12.00,12,12
2026-09-07 21:36:30+00,2026-09-07 21:36:40+00,MSFT,medium,2,422.125000,1114,7.00,12,12
2026-09-07 21:36:30+00,2026-09-07 21:36:40+00,PETR4,medium,2,37.850000,1086,2.00,2,2
2026-09-07 21:36:30+00,2026-09-07 21:36:40+00,VALE3,medium,105,62.066381,55357,8.03,14,18
2026-09-07 21:36:40+00,2026-09-07 21:36:50+00,AAPL,medium,82,169.954268,43097,8.49,14,72
2026-09-07 21:36:40+00,2026-09-07 21:36:50+00,ABEV3,medium,94,12.024787,47317,8.70,16,34
2026-09-07 21:36:40+00,2026-09-07 21:36:50+00,BBDC4,medium,107,14.005514,49657,7.34,13,37
2026-09-07 21:36:40+00,2026-09-07 21:36:50+00,BOVA11,medium,107,125.165607,61888,9.38,24,67
2026-09-07 21:36:40+00,2026-09-07 21:36:50+00,BTC-USD,medium,109,65018.917431,58030,9.06,23,60
2026-09-07 21:36:40+00,2026-09-07 21:36:50+00,ITUB4,medium,106,33.960755,56305,7.94,13,27
2026-09-07 21:36:40+00,2026-09-07 21:36:50+00,MGLU3,medium,99,1.999192,48376,9.93,26,80
2026-09-07 21:36:40+00,2026-09-07 21:36:50+00,MSFT,medium,100,420.577400,48834,8.65,13,70
2026-09-07 21:36:40+00,2026-09-07 21:36:50+00,PETR4,medium,92,37.996739,45646,7.64,14,43
2026-09-07 21:36:40+00,2026-09-07 21:36:50+00,VALE3,medium,97,61.938763,50794,7.33,13,17
2026-09-07 21:36:50+00,2026-09-07 21:37:00+00,AAPL,medium,111,170.053153,57793,7.96,13,70
2026-09-07 21:36:50+00,2026-09-07 21:37:00+00,ABEV3,medium,99,12.008283,49316,10.22,40,63
2026-09-07 21:36:50+00,2026-09-07 21:37:00+00,BBDC4,medium,106,13.989811,47801,7.76,14,45
2026-09-07 21:36:50+00,2026-09-07 21:37:00+00,BOVA11,medium,102,124.941176,51295,8.31,13,53
2026-09-07 21:36:50+00,2026-09-07 21:37:00+00,BTC-USD,medium,103,65042.749903,50588,11.27,33,80
2026-09-07 21:36:50+00,2026-09-07 21:37:00+00,ITUB4,medium,80,33.965625,38241,7.28,12,14
2026-09-07 21:36:50+00,2026-09-07 21:37:00+00,MGLU3,medium,112,1.998839,57008,8.74,14,85
2026-09-07 21:36:50+00,2026-09-07 21:37:00+00,MSFT,medium,95,420.156947,53270,8.44,13,60
2026-09-07 21:36:50+00,2026-09-07 21:37:00+00,PETR4,medium,105,37.988476,53534,8.50,15,53
2026-09-07 21:36:50+00,2026-09-07 21:37:00+00,VALE3,medium,91,61.952418,48163,8.10,14,46
2026-09-07 21:37:00+00,2026-09-07 21:37:10+00,AAPL,medium,98,170.006429,48650,8.52,25,39
2026-09-07 21:37:00+00,2026-09-07 21:37:10+00,ABEV3,medium,107,11.996075,48317,8.01,12,60
2026-09-07 21:37:00+00,2026-09-07 21:37:10+00,BBDC4,medium,96,14.013438,43326,9.34,28,50
2026-09-07 21:37:00+00,2026-09-07 21:37:10+00,BOVA11,medium,101,124.817921,51429,8.69,16,38
2026-09-07 21:37:00+00,2026-09-07 21:37:10+00,BTC-USD,medium,98,64948.636224,53623,8.08,13,79
2026-09-07 21:37:00+00,2026-09-07 21:37:10+00,ITUB4,medium,101,34.010000,49573,6.56,12,31
2026-09-07 21:37:00+00,2026-09-07 21:37:10+00,MGLU3,medium,120,2.000250,62409,8.12,12,49
2026-09-07 21:37:00+00,2026-09-07 21:37:10+00,MSFT,medium,105,420.029524,51967,8.71,13,66
2026-09-07 21:37:00+00,2026-09-07 21:37:10+00,PETR4,medium,83,38.028916,43324,7.48,13,39
2026-09-07 21:37:00+00,2026-09-07 21:37:10+00,VALE3,medium,92,62.078152,45029,7.04,13,24
2026-09-07 21:37:10+00,2026-09-07 21:37:20+00,AAPL,medium,106,169.913208,51049,9.56,15,65
2026-09-07 21:37:10+00,2026-09-07 21:37:20+00,ABEV3,medium,100,11.992600,48908,9.63,17,59
2026-09-07 21:37:10+00,2026-09-07 21:37:20+00,BBDC4,medium,92,14.006087,47373,9.21,20,86
2026-09-07 21:37:10+00,2026-09-07 21:37:20+00,BOVA11,medium,86,125.103023,42436,10.83,30,72
2026-09-07 21:37:10+00,2026-09-07 21:37:20+00,BTC-USD,medium,102,64894.583725,48706,9.72,15,85
2026-09-07 21:37:10+00,2026-09-07 21:37:20+00,ITUB4,medium,98,34.013061,48367,7.68,13,14
2026-09-07 21:37:10+00,2026-09-07 21:37:20+00,MGLU3,medium,91,2.001648,47798,12.69,44,104
2026-09-07 21:37:10+00,2026-09-07 21:37:20+00,MSFT,medium,98,420.666939,49536,9.19,22,68
2026-09-07 21:37:10+00,2026-09-07 21:37:20+00,PETR4,medium,110,37.961182,58524,11.39,16,102
2026-09-07 21:37:10+00,2026-09-07 21:37:20+00,VALE3,medium,113,62.001770,54186,7.89,13,40
2026-09-07 21:37:20+00,2026-09-07 21:37:30+00,AAPL,medium,103,169.975534,54382,7.96,13,68
2026-09-07 21:37:20+00,2026-09-07 21:37:30+00,ABEV3,medium,114,11.985965,58615,8.65,14,63
2026-09-07 21:37:20+00,2026-09-07 21:37:30+00,BBDC4,medium,95,13.995474,55289,7.19,14,16
2026-09-07 21:37:20+00,2026-09-07 21:37:30+00,BOVA11,medium,105,125.038667,53559,10.35,42,74
2026-09-07 21:37:20+00,2026-09-07 21:37:30+00,BTC-USD,medium,85,65000.283765,42033,8.11,13,43
2026-09-07 21:37:20+00,2026-09-07 21:37:30+00,ITUB4,medium,123,33.976098,59990,7.95,14,64
2026-09-07 21:37:20+00,2026-09-07 21:37:30+00,MGLU3,medium,89,1.999551,43236,11.40,48,73
2026-09-07 21:37:20+00,2026-09-07 21:37:30+00,MSFT,medium,90,419.845222,44795,9.98,24,94
2026-09-07 21:37:20+00,2026-09-07 21:37:30+00,PETR4,medium,97,38.053918,55220,10.79,35,83
2026-09-07 21:37:20+00,2026-09-07 21:37:30+00,VALE3,medium,100,62.105700,50381,7.68,13,58
2026-09-07 21:37:30+00,2026-09-07 21:37:40+00,AAPL,medium,103,170.036505,54026,9.57,21,75
2026-09-07 21:37:30+00,2026-09-07 21:37:40+00,ABEV3,medium,96,12.015208,45582,8.82,18,104
2026-09-07 21:37:30+00,2026-09-07 21:37:40+00,BBDC4,medium,99,13.966768,49138,9.38,16,108
2026-09-07 21:37:30+00,2026-09-07 21:37:40+00,BOVA11,medium,91,124.881538,50882,9.89,24,98
2026-09-07 21:37:30+00,2026-09-07 21:37:40+00,BTC-USD,medium,109,65068.422385,59791,8.19,13,45
2026-09-07 21:37:30+00,2026-09-07 21:37:40+00,ITUB4,medium,104,33.973558,47283,8.31,13,48
2026-09-07 21:37:30+00,2026-09-07 21:37:40+00,MGLU3,medium,102,1.999706,52317,8.85,15,74
2026-09-07 21:37:30+00,2026-09-07 21:37:40+00,MSFT,medium,97,419.914124,49742,9.35,16,93
2026-09-07 21:37:30+00,2026-09-07 21:37:40+00,PETR4,medium,103,37.993398,49530,9.21,20,85
2026-09-07 21:37:30+00,2026-09-07 21:37:40+00,VALE3,medium,98,62.042143,47029,7.70,13,38
2026-09-07 21:37:40+00,2026-09-07 21:37:50+00,AAPL,medium,93,170.021828,45299,7.59,13,25
2026-09-07 21:37:40+00,2026-09-07 21:37:50+00,ABEV3,medium,111,12.008829,59542,7.81,13,38
2026-09-07 21:37:40+00,2026-09-07 21:37:50+00,BBDC4,medium,91,13.996813,45396,7.51,13,33
2026-09-07 21:37:40+00,2026-09-07 21:37:50+00,BOVA11,medium,85,125.250353,44860,7.94,13,42
2026-09-07 21:37:40+00,2026-09-07 21:37:50+00,BTC-USD,medium,112,65090.091786,59178,7.57,13,23
2026-09-07 21:37:40+00,2026-09-07 21:37:50+00,ITUB4,medium,100,34.000200,51815,7.29,13,21
2026-09-07 21:37:40+00,2026-09-07 21:37:50+00,MGLU3,medium,120,1.999667,53897,8.93,23,53
2026-09-07 21:37:40+00,2026-09-07 21:37:50+00,MSFT,medium,94,419.255106,41798,8.64,15,53
2026-09-07 21:37:40+00,2026-09-07 21:37:50+00,PETR4,medium,101,38.036139,55721,7.69,13,54
2026-09-07 21:37:40+00,2026-09-07 21:37:50+00,VALE3,medium,95,61.981263,45801,7.63,13,29
2026-09-07 21:37:50+00,2026-09-07 21:38:00+00,AAPL,medium,97,169.973711,48798,8.11,12,36
2026-09-07 21:37:50+00,2026-09-07 21:38:00+00,ABEV3,medium,115,12.017304,57018,7.07,13,25
2026-09-07 21:37:50+00,2026-09-07 21:38:00+00,BBDC4,medium,79,14.004684,44336,9.46,18,59
2026-09-07 21:37:50+00,2026-09-07 21:38:00+00,BOVA11,medium,93,125.091828,49099,8.26,23,57
2026-09-07 21:37:50+00,2026-09-07 21:38:00+00,BTC-USD,medium,100,64980.687700,50850,7.63,12,16
2026-09-07 21:37:50+00,2026-09-07 21:38:00+00,ITUB4,medium,94,34.053298,42370,6.97,13,29
2026-09-07 21:37:50+00,2026-09-07 21:38:00+00,MGLU3,medium,122,1.996967,59072,7.36,16,29
2026-09-07 21:37:50+00,2026-09-07 21:38:00+00,MSFT,medium,80,419.516125,40095,8.24,16,46
2026-09-07 21:37:50+00,2026-09-07 21:38:00+00,PETR4,medium,101,37.956535,49081,7.83,12,30
2026-09-07 21:37:50+00,2026-09-07 21:38:00+00,VALE3,medium,117,62.019744,57218,7.01,13,16
2026-09-07 21:38:00+00,2026-09-07 21:38:10+00,AAPL,medium,104,169.882404,45774,8.37,24,60
2026-09-07 21:38:00+00,2026-09-07 21:38:10+00,ABEV3,medium,82,11.979756,38531,7.26,12,14
2026-09-07 21:38:00+00,2026-09-07 21:38:10+00,BBDC4,medium,103,13.999029,51617,9.13,12,70
2026-09-07 21:38:00+00,2026-09-07 21:38:10+00,BOVA11,medium,96,125.036458,45846,7.35,13,39
2026-09-07 21:38:00+00,2026-09-07 21:38:10+00,BTC-USD,medium,99,64959.064343,42927,8.69,19,48
2026-09-07 21:38:00+00,2026-09-07 21:38:10+00,ITUB4,medium,116,33.978362,56103,8.12,14,34
2026-09-07 21:38:00+00,2026-09-07 21:38:10+00,MGLU3,medium,87,1.998851,44854,8.74,18,50
2026-09-07 21:38:00+00,2026-09-07 21:38:10+00,MSFT,medium,102,420.399118,48766,7.69,12,48
2026-09-07 21:38:00+00,2026-09-07 21:38:10+00,PETR4,medium,112,38.008839,61247,7.50,12,34
2026-09-07 21:38:00+00,2026-09-07 21:38:10+00,VALE3,medium,96,61.977813,55065,7.70,12,27
2026-09-07 21:38:10+00,2026-09-07 21:38:20+00,AAPL,medium,91,170.361648,46567,7.30,12,14
2026-09-07 21:38:10+00,2026-09-07 21:38:20+00,ABEV3,medium,104,11.986635,49769,7.67,12,28
2026-09-07 21:38:10+00,2026-09-07 21:38:20+00,BBDC4,medium,103,13.985534,55913,9.01,12,50
2026-09-07 21:38:10+00,2026-09-07 21:38:20+00,BOVA11,medium,103,124.839612,48474,7.55,12,47
2026-09-07 21:38:10+00,2026-09-07 21:38:20+00,BTC-USD,medium,109,65041.761560,57448,7.39,13,44
2026-09-07 21:38:10+00,2026-09-07 21:38:20+00,ITUB4,medium,78,33.980385,37414,6.91,12,12
2026-09-07 21:38:10+00,2026-09-07 21:38:20+00,MGLU3,medium,95,2.001684,45782,7.33,13,30
2026-09-07 21:38:10+00,2026-09-07 21:38:20+00,MSFT,medium,110,419.999727,51505,7.78,12,37
2026-09-07 21:38:10+00,2026-09-07 21:38:20+00,PETR4,medium,100,37.995100,48397,7.42,12,42
2026-09-07 21:38:10+00,2026-09-07 21:38:20+00,VALE3,medium,108,61.955000,51684,6.69,12,13
2026-09-07 21:38:20+00,2026-09-07 21:38:30+00,AAPL,medium,120,169.842167,58699,8.46,13,36
2026-09-07 21:38:20+00,2026-09-07 21:38:30+00,ABEV3,medium,90,12.007556,45684,7.97,19,56
2026-09-07 21:38:20+00,2026-09-07 21:38:30+00,BBDC4,medium,92,14.012065,46582,8.59,16,51
2026-09-07 21:38:20+00,2026-09-07 21:38:30+00,BOVA11,medium,99,125.041212,48159,7.44,13,59
2026-09-07 21:38:20+00,2026-09-07 21:38:30+00,BTC-USD,medium,88,64824.320227,42808,8.69,21,49
2026-09-07 21:38:20+00,2026-09-07 21:38:30+00,ITUB4,medium,107,34.004206,46031,7.96,12,35
2026-09-07 21:38:20+00,2026-09-07 21:38:30+00,MGLU3,medium,99,1.998687,52370,10.26,36,89
2026-09-07 21:38:20+00,2026-09-07 21:38:30+00,MSFT,medium,107,419.725888,54059,8.25,16,34
2026-09-07 21:38:20+00,2026-09-07 21:38:30+00,PETR4,medium,104,37.987019,54175,8.54,16,69
2026-09-07 21:38:20+00,2026-09-07 21:38:30+00,VALE3,medium,96,61.928646,48433,8.54,13,15
2026-09-07 21:38:30+00,2026-09-07 21:38:40+00,AAPL,medium,101,170.034059,49870,11.48,26,210
2026-09-07 21:38:30+00,2026-09-07 21:38:40+00,ABEV3,medium,98,11.988878,48462,12.45,46,171
2026-09-07 21:38:30+00,2026-09-07 21:38:40+00,BBDC4,medium,98,13.998061,52819,13.43,49,181
2026-09-07 21:38:30+00,2026-09-07 21:38:40+00,BOVA11,medium,104,125.012692,54245,16.14,75,151
2026-09-07 21:38:30+00,2026-09-07 21:38:40+00,BTC-USD,medium,87,65014.625977,43665,9.29,14,61
2026-09-07 21:38:30+00,2026-09-07 21:38:40+00,ITUB4,medium,100,34.006900,46003,8.37,14,82
2026-09-07 21:38:30+00,2026-09-07 21:38:40+00,MGLU3,medium,99,1.998182,48051,11.22,38,122
2026-09-07 21:38:30+00,2026-09-07 21:38:40+00,MSFT,medium,98,419.608878,53141,11.14,23,131
2026-09-07 21:38:30+00,2026-09-07 21:38:40+00,PETR4,medium,112,38.000446,56303,10.81,31,191
2026-09-07 21:38:30+00,2026-09-07 21:38:40+00,VALE3,medium,104,62.012115,46877,10.84,14,182
2026-09-07 21:38:40+00,2026-09-07 21:38:50+00,AAPL,medium,90,170.063778,41286,14.17,69,107
2026-09-07 21:38:40+00,2026-09-07 21:38:50+00,ABEV3,medium,104,11.988750,54034,11.54,42,137
2026-09-07 21:38:40+00,2026-09-07 21:38:50+00,BBDC4,medium,134,14.006418,66315,10.63,22,157
2026-09-07 21:38:40+00,2026-09-07 21:38:50+00,BOVA11,medium,94,125.022021,48985,12.50,47,118
2026-09-07 21:38:40+00,2026-09-07 21:38:50+00,BTC-USD,medium,103,64977.193689,46734,11.30,26,124
2026-09-07 21:38:40+00,2026-09-07 21:38:50+00,ITUB4,medium,92,33.981630,48549,12.07,14,198
2026-09-07 21:38:40+00,2026-09-07 21:38:50+00,MGLU3,medium,100,2.001400,45401,12.73,49,84
2026-09-07 21:38:40+00,2026-09-07 21:38:50+00,MSFT,medium,73,420.880822,32674,12.73,49,128
2026-09-07 21:38:40+00,2026-09-07 21:38:50+00,PETR4,medium,92,38.042283,50763,13.03,40,167
2026-09-07 21:38:40+00,2026-09-07 21:38:50+00,VALE3,medium,117,62.035470,59202,13.17,19,218
2026-09-07 21:38:50+00,2026-09-07 21:39:00+00,AAPL,medium,24,169.706250,11935,24.46,107,161
2026-09-07 21:38:50+00,2026-09-07 21:39:00+00,ABEV3,medium,21,11.998095,10330,36.24,141,151
2026-09-07 21:38:50+00,2026-09-07 21:39:00+00,BBDC4,medium,22,13.979091,12176,23.95,109,119
2026-09-07 21:38:50+00,2026-09-07 21:39:00+00,BOVA11,medium,19,124.893684,8292,18.95,101,101
2026-09-07 21:38:50+00,2026-09-07 21:39:00+00,BTC-USD,medium,33,65016.016364,16760,42.88,170,170
2026-09-07 21:38:50+00,2026-09-07 21:39:00+00,ITUB4,medium,38,34.003684,18665,27.42,248,298
2026-09-07 21:38:50+00,2026-09-07 21:39:00+00,MGLU3,medium,32,2.003438,17212,22.44,111,178
2026-09-07 21:38:50+00,2026-09-07 21:39:00+00,MSFT,medium,20,420.997500,10040,20.80,91,111
2026-09-07 21:38:50+00,2026-09-07 21:39:00+00,PETR4,medium,24,38.068333,10508,20.08,68,121
2026-09-07 21:38:50+00,2026-09-07 21:39:00+00,VALE3,medium,38,61.992105,19723,31.63,228,278
2026-09-07 21:39:00+00,2026-09-07 21:39:10+00,AAPL,medium,162,169.939877,78206,3337.55,9229,10183
2026-09-07 21:39:00+00,2026-09-07 21:39:10+00,ABEV3,medium,191,12.003351,95926,3029.41,9139,10213
2026-09-07 21:39:00+00,2026-09-07 21:39:10+00,BBDC4,medium,180,13.995667,84226,3382.49,9449,10147
2026-09-07 21:39:00+00,2026-09-07 21:39:10+00,BOVA11,medium,181,124.908729,92480,3226.02,9259,10223
2026-09-07 21:39:00+00,2026-09-07 21:39:10+00,BTC-USD,medium,180,64963.837056,90847,3229.57,9608,10193
2026-09-07 21:39:00+00,2026-09-07 21:39:10+00,ITUB4,medium,168,34.003036,77747,2768.74,8782,9418
2026-09-07 21:39:00+00,2026-09-07 21:39:10+00,MGLU3,medium,162,1.999074,81406,3060.07,8940,9977
2026-09-07 21:39:00+00,2026-09-07 21:39:10+00,MSFT,medium,180,420.206833,92608,3304.49,9479,10203
2026-09-07 21:39:00+00,2026-09-07 21:39:10+00,PETR4,medium,160,37.985313,82406,2670.42,9079,10233
2026-09-07 21:39:00+00,2026-09-07 21:39:10+00,VALE3,medium,163,61.905706,79889,2527.36,8582,9331
2026-09-07 21:39:10+00,2026-09-07 21:39:20+00,AAPL,medium,99,169.944747,49924,57.78,405,843
2026-09-07 21:39:10+00,2026-09-07 21:39:20+00,ABEV3,medium,94,12.002872,47537,69.23,434,854
2026-09-07 21:39:10+00,2026-09-07 21:39:20+00,BBDC4,medium,82,13.993537,42994,87.23,624,882
2026-09-07 21:39:10+00,2026-09-07 21:39:20+00,BOVA11,medium,106,124.914245,49973,62.65,486,785
2026-09-07 21:39:10+00,2026-09-07 21:39:20+00,BTC-USD,medium,85,65034.096118,42866,73.00,346,834
2026-09-07 21:39:10+00,2026-09-07 21:39:20+00,ITUB4,medium,116,33.944052,64858,24.57,136,234
2026-09-07 21:39:10+00,2026-09-07 21:39:20+00,MGLU3,medium,116,1.998103,60824,68.15,415,873
2026-09-07 21:39:10+00,2026-09-07 21:39:20+00,MSFT,medium,107,419.867477,58177,61.61,436,724
2026-09-07 21:39:10+00,2026-09-07 21:39:20+00,PETR4,medium,84,37.987976,42951,74.79,505,795
2026-09-07 21:39:10+00,2026-09-07 21:39:20+00,VALE3,medium,113,61.959115,58268,17.07,66,304
2026-09-07 21:39:20+00,2026-09-07 21:39:30+00,AAPL,medium,102,170.118824,53131,20.56,130,230
2026-09-07 21:39:20+00,2026-09-07 21:39:30+00,ABEV3,medium,104,12.005000,51899,15.41,71,140
2026-09-07 21:39:20+00,2026-09-07 21:39:30+00,BBDC4,medium,94,14.012660,45806,13.79,60,130
2026-09-07 21:39:20+00,2026-09-07 21:39:30+00,BOVA11,medium,107,125.032056,63223,14.81,70,189
2026-09-07 21:39:20+00,2026-09-07 21:39:30+00,BTC-USD,medium,100,64973.377600,49162,14.10,58,169
2026-09-07 21:39:20+00,2026-09-07 21:39:30+00,ITUB4,medium,85,34.023176,43849,9.47,13,63
2026-09-07 21:39:20+00,2026-09-07 21:39:30+00,MGLU3,medium,107,2.001963,57527,13.08,51,249
2026-09-07 21:39:20+00,2026-09-07 21:39:30+00,MSFT,medium,101,420.156436,48543,13.70,45,270
2026-09-07 21:39:20+00,2026-09-07 21:39:30+00,PETR4,medium,89,37.928876,42878,19.60,62,259
2026-09-07 21:39:20+00,2026-09-07 21:39:30+00,VALE3,medium,104,62.049808,46499,8.17,13,113
2026-09-07 21:39:30+00,2026-09-07 21:39:40+00,AAPL,medium,91,170.170220,45770,416.10,2300,2392
2026-09-07 21:39:30+00,2026-09-07 21:39:40+00,ABEV3,medium,87,11.987471,44322,358.06,2079,2381
2026-09-07 21:39:30+00,2026-09-07 21:39:40+00,BBDC4,medium,104,14.001154,47818,338.08,1799,2200
2026-09-07 21:39:30+00,2026-09-07 21:39:40+00,BOVA11,medium,128,124.987422,63690,298.13,1973,2401
2026-09-07 21:39:30+00,2026-09-07 21:39:40+00,BTC-USD,medium,114,64988.395526,56881,298.82,1923,2340
2026-09-07 21:39:30+00,2026-09-07 21:39:40+00,ITUB4,medium,94,33.999681,44071,164.36,1177,1514
2026-09-07 21:39:30+00,2026-09-07 21:39:40+00,MGLU3,medium,106,2.000755,51940,426.20,2220,2411
2026-09-07 21:39:30+00,2026-09-07 21:39:40+00,MSFT,medium,91,420.369231,46964,183.21,1340,2041
2026-09-07 21:39:30+00,2026-09-07 21:39:40+00,PETR4,medium,99,38.024848,49376,353.47,1950,2372
2026-09-07 21:39:30+00,2026-09-07 21:39:40+00,VALE3,medium,2,61.690000,1139,12.00,12,12
2026-09-07 21:39:40+00,2026-09-07 21:39:50+00,AAPL,medium,91,169.832418,45922,8.38,13,66
2026-09-07 21:39:40+00,2026-09-07 21:39:50+00,ABEV3,medium,111,11.999369,55866,11.46,39,99
2026-09-07 21:39:40+00,2026-09-07 21:39:50+00,BBDC4,medium,110,13.991182,54918,9.05,26,92
2026-09-07 21:39:40+00,2026-09-07 21:39:50+00,BOVA11,medium,100,125.047200,50809,8.82,13,73
2026-09-07 21:39:40+00,2026-09-07 21:39:50+00,BTC-USD,medium,116,65007.810690,55971,8.18,13,69
2026-09-07 21:39:40+00,2026-09-07 21:39:50+00,ITUB4,medium,97,33.989691,47532,8.07,13,17
2026-09-07 21:39:40+00,2026-09-07 21:39:50+00,MGLU3,medium,93,2.001935,49679,9.18,23,76
2026-09-07 21:39:40+00,2026-09-07 21:39:50+00,MSFT,medium,85,420.512353,49484,13.11,89,112
2026-09-07 21:39:40+00,2026-09-07 21:39:50+00,PETR4,medium,97,38.016289,48708,10.09,42,85
2026-09-07 21:39:40+00,2026-09-07 21:39:50+00,VALE3,medium,94,62.111489,47647,7.60,14,23
2026-09-07 21:39:50+00,2026-09-07 21:40:00+00,AAPL,medium,105,170.265238,54090,8.61,13,66
2026-09-07 21:39:50+00,2026-09-07 21:40:00+00,ABEV3,medium,104,12.007692,46927,9.90,24,96
2026-09-07 21:39:50+00,2026-09-07 21:40:00+00,BBDC4,medium,97,14.006392,47376,12.10,46,111
2026-09-07 21:39:50+00,2026-09-07 21:40:00+00,BOVA11,medium,89,124.882472,44587,10.51,29,88
2026-09-07 21:39:50+00,2026-09-07 21:40:00+00,BTC-USD,medium,105,64890.349810,55925,10.08,15,91
2026-09-07 21:39:50+00,2026-09-07 21:40:00+00,ITUB4,medium,110,34.034273,54346,7.63,13,40
2026-09-07 21:39:50+00,2026-09-07 21:40:00+00,MGLU3,medium,93,1.999140,46617,11.82,55,94
2026-09-07 21:39:50+00,2026-09-07 21:40:00+00,MSFT,medium,96,420.108333,43734,9.16,31,53
2026-09-07 21:39:50+00,2026-09-07 21:40:00+00,PETR4,medium,104,37.998077,49009,8.24,14,33
2026-09-07 21:39:50+00,2026-09-07 21:40:00+00,VALE3,medium,98,62.039184,45846,8.18,13,62
2026-09-07 21:40:00+00,2026-09-07 21:40:10+00,AAPL,medium,51,169.980196,24180,14.80,87,156
2026-09-07 21:40:00+00,2026-09-07 21:40:10+00,ABEV3,medium,73,11.984521,31740,9.71,28,53
2026-09-07 21:40:00+00,2026-09-07 21:40:10+00,BBDC4,medium,71,13.989718,40012,11.21,28,166
2026-09-07 21:40:00+00,2026-09-07 21:40:10+00,BOVA11,medium,64,124.721094,33255,9.11,13,136
2026-09-07 21:40:00+00,2026-09-07 21:40:10+00,BTC-USD,medium,77,64971.731948,37653,12.56,40,176
2026-09-07 21:40:00+00,2026-09-07 21:40:10+00,ITUB4,medium,61,34.040984,26130,8.48,13,17
2026-09-07 21:40:00+00,2026-09-07 21:40:10+00,MGLU3,medium,58,2.000690,30849,8.84,20,73
2026-09-07 21:40:00+00,2026-09-07 21:40:10+00,MSFT,medium,56,420.059821,28592,12.82,65,75
2026-09-07 21:40:00+00,2026-09-07 21:40:10+00,PETR4,medium,57,38.060526,28192,11.11,14,97
2026-09-07 21:40:00+00,2026-09-07 21:40:10+00,VALE3,medium,75,61.854533,36946,8.17,14,19
2026-09-07 21:41:00+00,2026-09-07 21:41:10+00,AAPL,high,285,170.181930,142130,63.64,264,342
2026-09-07 21:41:00+00,2026-09-07 21:41:10+00,ABEV3,high,299,11.995017,146935,63.44,259,345
2026-09-07 21:41:00+00,2026-09-07 21:41:10+00,BBDC4,high,284,13.993451,146330,68.71,274,331
2026-09-07 21:41:00+00,2026-09-07 21:41:10+00,BOVA11,high,293,124.974027,147883,64.51,246,343
2026-09-07 21:41:00+00,2026-09-07 21:41:10+00,BTC-USD,high,274,64972.215255,137003,68.84,262,341
2026-09-07 21:41:00+00,2026-09-07 21:41:10+00,ITUB4,high,282,33.991773,136296,17.89,86,159
2026-09-07 21:41:00+00,2026-09-07 21:41:10+00,MGLU3,high,292,1.999075,148831,60.49,273,339
2026-09-07 21:41:00+00,2026-09-07 21:41:10+00,MSFT,high,302,420.069106,155202,63.72,265,322
2026-09-07 21:41:00+00,2026-09-07 21:41:10+00,PETR4,high,289,37.994567,151654,62.04,245,338
2026-09-07 21:41:00+00,2026-09-07 21:41:10+00,VALE3,high,299,62.019097,152016,18.47,88,180
2026-09-07 21:41:10+00,2026-09-07 21:41:20+00,AAPL,high,991,169.997669,504306,99.67,322,393
2026-09-07 21:41:10+00,2026-09-07 21:41:20+00,ABEV3,high,967,12.003940,480264,92.51,315,386
2026-09-07 21:41:10+00,2026-09-07 21:41:20+00,BBDC4,high,991,14.003663,505268,95.35,313,384
2026-09-07 21:41:10+00,2026-09-07 21:41:20+00,BOVA11,high,995,124.971266,495864,98.03,316,379
2026-09-07 21:41:10+00,2026-09-07 21:41:20+00,BTC-USD,high,1037,65011.132816,522214,102.35,306,393
2026-09-07 21:41:10+00,2026-09-07 21:41:20+00,ITUB4,high,1030,33.991922,532285,19.52,115,190
2026-09-07 21:41:10+00,2026-09-07 21:41:20+00,MGLU3,high,1001,2.000310,499439,101.30,309,392
2026-09-07 21:41:10+00,2026-09-07 21:41:20+00,MSFT,high,989,419.832063,487273,94.50,321,389
2026-09-07 21:41:10+00,2026-09-07 21:41:20+00,PETR4,high,1029,38.030583,502578,93.27,307,391
2026-09-07 21:41:10+00,2026-09-07 21:41:20+00,VALE3,high,990,61.991747,487376,17.57,100,184
2026-09-07 21:41:20+00,2026-09-07 21:41:30+00,AAPL,high,991,169.945873,480531,94.48,316,379
2026-09-07 21:41:20+00,2026-09-07 21:41:30+00,ABEV3,high,991,11.994440,504152,93.54,310,362
2026-09-07 21:41:20+00,2026-09-07 21:41:30+00,BBDC4,high,990,13.999929,512800,91.41,309,381
2026-09-07 21:41:20+00,2026-09-07 21:41:30+00,BOVA11,high,941,125.023433,448668,97.82,308,372
2026-09-07 21:41:20+00,2026-09-07 21:41:30+00,BTC-USD,high,1028,64998.687335,515970,99.12,311,368
2026-09-07 21:41:20+00,2026-09-07 21:41:30+00,ITUB4,high,1053,33.997844,548570,14.91,76,164
2026-09-07 21:41:20+00,2026-09-07 21:41:30+00,MGLU3,high,1001,2.000260,509023,101.20,317,378
2026-09-07 21:41:20+00,2026-09-07 21:41:30+00,MSFT,high,996,420.217671,488929,90.29,296,358
2026-09-07 21:41:20+00,2026-09-07 21:41:30+00,PETR4,high,1016,37.995768,502421,99.50,314,375
2026-09-07 21:41:20+00,2026-09-07 21:41:30+00,VALE3,high,981,61.967686,499423,14.70,71,178
2026-09-07 21:41:30+00,2026-09-07 21:41:40+00,AAPL,high,977,170.049437,489819,380.78,1410,1616
2026-09-07 21:41:30+00,2026-09-07 21:41:40+00,ABEV3,high,982,11.994715,484443,385.00,1411,1610
2026-09-07 21:41:30+00,2026-09-07 21:41:40+00,BBDC4,high,1001,14.004146,492283,365.49,1399,1605
2026-09-07 21:41:30+00,2026-09-07 21:41:40+00,BOVA11,high,966,124.979058,494311,378.66,1365,1614
2026-09-07 21:41:30+00,2026-09-07 21:41:40+00,BTC-USD,high,1013,65004.269724,513764,367.04,1408,1605
2026-09-07 21:41:30+00,2026-09-07 21:41:40+00,ITUB4,high,984,33.990539,488901,79.19,621,1005
2026-09-07 21:41:30+00,2026-09-07 21:41:40+00,MGLU3,high,1019,2.000402,513167,366.75,1417,1615
2026-09-07 21:41:30+00,2026-09-07 21:41:40+00,MSFT,high,1028,420.031089,514319,371.86,1399,1604
2026-09-07 21:41:30+00,2026-09-07 21:41:40+00,PETR4,high,1014,37.994625,502084,362.81,1379,1611
2026-09-07 21:41:30+00,2026-09-07 21:41:40+00,VALE3,high,979,62.004004,499829,65.34,474,972
2026-09-07 21:41:40+00,2026-09-07 21:41:50+00,AAPL,high,984,169.958465,495596,69.90,248,330
2026-09-07 21:41:40+00,2026-09-07 21:41:50+00,ABEV3,high,1025,11.996751,507983,65.76,243,322
2026-09-07 21:41:40+00,2026-09-07 21:41:50+00,BBDC4,high,987,13.998409,501288,71.43,257,324
2026-09-07 21:41:40+00,2026-09-07 21:41:50+00,BOVA11,high,1047,125.003457,532283,68.76,250,318
2026-09-07 21:41:40+00,2026-09-07 21:41:50+00,BTC-USD,high,1015,65014.014906,513031,69.06,248,327
2026-09-07 21:41:40+00,2026-09-07 21:41:50+00,ITUB4,high,1015,34.014207,495571,16.79,77,183
2026-09-07 21:41:40+00,2026-09-07 21:41:50+00,MGLU3,high,948,1.998945,474359,71.89,255,329
2026-09-07 21:41:40+00,2026-09-07 21:41:50+00,MSFT,high,978,420.306738,503867,66.74,246,328
2026-09-07 21:41:40+00,2026-09-07 21:41:50+00,PETR4,high,950,37.998747,479924,69.13,251,311
2026-09-07 21:41:40+00,2026-09-07 21:41:50+00,VALE3,high,1016,62.011112,502750,16.71,86,182
2026-09-07 21:41:50+00,2026-09-07 21:42:00+00,AAPL,high,960,170.062115,471459,88.08,298,647
2026-09-07 21:41:50+00,2026-09-07 21:42:00+00,ABEV3,high,1048,11.997719,522352,92.23,297,651
2026-09-07 21:41:50+00,2026-09-07 21:42:00+00,BBDC4,high,1025,13.999883,502718,92.78,290,652
2026-09-07 21:41:50+00,2026-09-07 21:42:00+00,BOVA11,high,980,124.936571,491824,90.55,301,637
2026-09-07 21:41:50+00,2026-09-07 21:42:00+00,BTC-USD,high,974,65010.835051,481451,91.47,310,645
2026-09-07 21:41:50+00,2026-09-07 21:42:00+00,ITUB4,high,1011,33.998872,498073,15.62,80,154
2026-09-07 21:41:50+00,2026-09-07 21:42:00+00,MGLU3,high,1060,1.999915,531493,90.04,307,650
2026-09-07 21:41:50+00,2026-09-07 21:42:00+00,MSFT,high,1045,419.913962,525252,91.72,293,642
2026-09-07 21:41:50+00,2026-09-07 21:42:00+00,PETR4,high,966,37.999493,471500,85.26,290,641
2026-09-07 21:41:50+00,2026-09-07 21:42:00+00,VALE3,high,1042,62.034415,522253,15.35,74,132
2026-09-07 21:42:00+00,2026-09-07 21:42:10+00,AAPL,high,1017,170.082330,509819,85.32,286,354
2026-09-07 21:42:00+00,2026-09-07 21:42:10+00,ABEV3,high,1013,11.994571,493042,86.14,285,356
2026-09-07 21:42:00+00,2026-09-07 21:42:10+00,BBDC4,high,1042,14.003916,533102,85.06,289,335
2026-09-07 21:42:00+00,2026-09-07 21:42:10+00,BOVA11,high,985,125.059391,498419,82.92,278,357
2026-09-07 21:42:00+00,2026-09-07 21:42:10+00,BTC-USD,high,966,65015.612743,495988,82.17,280,358
2026-09-07 21:42:00+00,2026-09-07 21:42:10+00,ITUB4,high,1039,33.994995,513295,20.60,110,183
2026-09-07 21:42:00+00,2026-09-07 21:42:10+00,MGLU3,high,971,1.999506,475640,80.14,282,353
2026-09-07 21:42:00+00,2026-09-07 21:42:10+00,MSFT,high,1011,419.942681,502496,82.97,288,345
2026-09-07 21:42:00+00,2026-09-07 21:42:10+00,PETR4,high,1016,38.008760,512051,83.32,280,351
2026-09-07 21:42:00+00,2026-09-07 21:42:10+00,VALE3,high,945,62.011365,476199,19.96,102,179
2026-09-07 21:42:10+00,2026-09-07 21:42:20+00,AAPL,high,989,170.048928,480097,86.76,307,421
2026-09-07 21:42:10+00,2026-09-07 21:42:20+00,ABEV3,high,996,12.003916,504741,91.37,310,418
2026-09-07 21:42:10+00,2026-09-07 21:42:20+00,BBDC4,high,992,14.003952,491286,91.71,300,400
2026-09-07 21:42:10+00,2026-09-07 21:42:20+00,BOVA11,high,982,125.035550,487852,98.01,318,423
2026-09-07 21:42:10+00,2026-09-07 21:42:20+00,BTC-USD,high,983,64994.128026,485176,95.38,315,407
2026-09-07 21:42:10+00,2026-09-07 21:42:20+00,ITUB4,high,961,34.001082,473305,16.84,86,197
2026-09-07 21:42:10+00,2026-09-07 21:42:20+00,MGLU3,high,1018,1.999273,520079,94.27,313,422
2026-09-07 21:42:10+00,2026-09-07 21:42:20+00,MSFT,high,1037,420.192555,506649,87.21,300,414
2026-09-07 21:42:10+00,2026-09-07 21:42:20+00,PETR4,high,983,38.001607,507577,93.43,321,416
2026-09-07 21:42:10+00,2026-09-07 21:42:20+00,VALE3,high,1036,61.999228,507388,17.16,86,198
2026-09-07 21:42:20+00,2026-09-07 21:42:30+00,AAPL,high,1028,169.990263,529994,70.14,262,420
2026-09-07 21:42:20+00,2026-09-07 21:42:30+00,ABEV3,high,1002,11.999731,505993,70.23,254,419
2026-09-07 21:42:20+00,2026-09-07 21:42:30+00,BBDC4,high,972,13.999486,491743,62.81,240,416
2026-09-07 21:42:20+00,2026-09-07 21:42:30+00,BOVA11,high,999,124.995836,504921,69.69,242,413
2026-09-07 21:42:20+00,2026-09-07 21:42:30+00,BTC-USD,high,958,65000.972985,475649,68.61,250,400
2026-09-07 21:42:20+00,2026-09-07 21:42:30+00,ITUB4,high,979,34.010123,479130,15.96,74,182
2026-09-07 21:42:20+00,2026-09-07 21:42:30+00,MGLU3,high,982,2.000468,504798,70.76,268,412
2026-09-07 21:42:20+00,2026-09-07 21:42:30+00,MSFT,high,991,420.072805,516401,67.31,252,421
2026-09-07 21:42:20+00,2026-09-07 21:42:30+00,PETR4,high,956,37.982657,491193,67.40,260,408
2026-09-07 21:42:20+00,2026-09-07 21:42:30+00,VALE3,high,1042,61.991603,532509,14.73,73,176
2026-09-07 21:42:30+00,2026-09-07 21:42:40+00,AAPL,high,962,170.096642,494535,59.12,220,279
2026-09-07 21:42:30+00,2026-09-07 21:42:40+00,ABEV3,high,1005,12.002219,506747,61.63,227,282
2026-09-07 21:42:30+00,2026-09-07 21:42:40+00,BBDC4,high,971,14.003337,474031,59.62,232,284
2026-09-07 21:42:30+00,2026-09-07 21:42:40+00,BOVA11,high,999,125.010941,497184,58.87,229,281
2026-09-07 21:42:30+00,2026-09-07 21:42:40+00,BTC-USD,high,956,65023.379561,482924,59.54,226,288
2026-09-07 21:42:30+00,2026-09-07 21:42:40+00,ITUB4,high,1001,34.004645,494973,15.55,83,172
2026-09-07 21:42:30+00,2026-09-07 21:42:40+00,MGLU3,high,1041,1.999270,516824,62.04,231,287
2026-09-07 21:42:30+00,2026-09-07 21:42:40+00,MSFT,high,1041,419.964419,520130,55.68,220,285
2026-09-07 21:42:30+00,2026-09-07 21:42:40+00,PETR4,high,1033,37.994027,522910,54.56,218,280
2026-09-07 21:42:30+00,2026-09-07 21:42:40+00,VALE3,high,967,61.997559,498357,15.15,73,179
2026-09-07 21:42:40+00,2026-09-07 21:42:50+00,AAPL,high,1004,169.930697,509471,58.14,229,298
2026-09-07 21:42:40+00,2026-09-07 21:42:50+00,ABEV3,high,1040,12.004952,514617,59.27,225,299
2026-09-07 21:42:40+00,2026-09-07 21:42:50+00,BBDC4,high,1017,14.002861,520602,60.35,231,290
2026-09-07 21:42:40+00,2026-09-07 21:42:50+00,BOVA11,high,944,124.968856,461241,62.91,234,301
2026-09-07 21:42:40+00,2026-09-07 21:42:50+00,BTC-USD,high,1054,65007.681917,521384,62.39,237,300
2026-09-07 21:42:40+00,2026-09-07 21:42:50+00,ITUB4,high,990,34.012828,503775,13.92,62,179
2026-09-07 21:42:40+00,2026-09-07 21:42:50+00,MGLU3,high,1005,2.000199,500104,56.26,216,286
2026-09-07 21:42:40+00,2026-09-07 21:42:50+00,MSFT,high,1010,419.831663,501477,62.81,235,295
2026-09-07 21:42:40+00,2026-09-07 21:42:50+00,PETR4,high,1069,38.005454,517773,61.27,235,295
2026-09-07 21:42:40+00,2026-09-07 21:42:50+00,VALE3,high,997,62.043410,495598,14.07,62,191
2026-09-07 21:42:50+00,2026-09-07 21:43:00+00,AAPL,high,984,170.022154,481086,66.72,237,392
2026-09-07 21:42:50+00,2026-09-07 21:43:00+00,ABEV3,high,1027,11.999981,511263,63.73,237,396
2026-09-07 21:42:50+00,2026-09-07 21:43:00+00,BBDC4,high,987,13.997386,495180,61.97,231,386
2026-09-07 21:42:50+00,2026-09-07 21:43:00+00,BOVA11,high,1033,124.970145,513287,68.49,245,379
2026-09-07 21:42:50+00,2026-09-07 21:43:00+00,BTC-USD,high,936,64969.747810,469007,65.53,241,394
2026-09-07 21:42:50+00,2026-09-07 21:43:00+00,ITUB4,high,1040,33.992856,516811,14.69,72,154
2026-09-07 21:42:50+00,2026-09-07 21:43:00+00,MGLU3,high,952,2.000074,474108,66.24,242,392
2026-09-07 21:42:50+00,2026-09-07 21:43:00+00,MSFT,high,1065,419.921408,541193,61.37,240,390
2026-09-07 21:42:50+00,2026-09-07 21:43:00+00,PETR4,high,1028,37.976294,525748,65.65,247,380
2026-09-07 21:42:50+00,2026-09-07 21:43:00+00,VALE3,high,975,62.019487,492465,14.96,71,154
2026-09-07 21:43:00+00,2026-09-07 21:43:10+00,AAPL,high,1001,169.867243,488763,348.07,1270,1545
2026-09-07 21:43:00+00,2026-09-07 21:43:10+00,ABEV3,high,998,12.000701,502711,336.70,1265,1537
2026-09-07 21:43:00+00,2026-09-07 21:43:10+00,BBDC4,high,1021,14.001606,497807,319.07,1251,1544
2026-09-07 21:43:00+00,2026-09-07 21:43:10+00,BOVA11,high,976,124.965512,490413,352.31,1263,1547
2026-09-07 21:43:00+00,2026-09-07 21:43:10+00,BTC-USD,high,997,65015.330231,497229,338.37,1275,1555
2026-09-07 21:43:00+00,2026-09-07 21:43:10+00,ITUB4,high,1061,34.013148,540533,84.82,575,1060
2026-09-07 21:43:00+00,2026-09-07 21:43:10+00,MGLU3,high,991,1.999415,482733,326.70,1261,1553
2026-09-07 21:43:00+00,2026-09-07 21:43:10+00,MSFT,high,939,420.031608,474306,307.19,1240,1528
2026-09-07 21:43:00+00,2026-09-07 21:43:10+00,PETR4,high,1014,38.004862,513136,320.71,1263,1548
2026-09-07 21:43:00+00,2026-09-07 21:43:10+00,VALE3,high,998,62.011283,497866,72.16,446,1058
2026-09-07 21:43:10+00,2026-09-07 21:43:20+00,AAPL,high,1060,170.010726,525134,74.25,253,377
2026-09-07 21:43:10+00,2026-09-07 21:43:20+00,ABEV3,high,1000,11.999930,483753,74.67,269,371
2026-09-07 21:43:10+00,2026-09-07 21:43:20+00,BBDC4,high,979,14.000245,469902,74.28,264,360
2026-09-07 21:43:10+00,2026-09-07 21:43:20+00,BOVA11,high,1025,124.985512,514435,76.38,264,375
2026-09-07 21:43:10+00,2026-09-07 21:43:20+00,BTC-USD,high,996,65012.297028,501123,72.00,259,381
2026-09-07 21:43:10+00,2026-09-07 21:43:20+00,ITUB4,high,982,33.995896,487473,18.54,109,221
2026-09-07 21:43:10+00,2026-09-07 21:43:20+00,MGLU3,high,936,1.999423,471003,73.00,251,380
2026-09-07 21:43:10+00,2026-09-07 21:43:20+00,MSFT,high,978,419.897301,493012,73.32,265,340
2026-09-07 21:43:10+00,2026-09-07 21:43:20+00,PETR4,high,992,37.983438,508257,69.83,246,376
2026-09-07 21:43:10+00,2026-09-07 21:43:20+00,VALE3,high,1007,61.991946,516392,20.32,109,232
2026-09-07 21:43:20+00,2026-09-07 21:43:30+00,AAPL,high,986,170.008154,500657,70.37,266,364
2026-09-07 21:43:20+00,2026-09-07 21:43:30+00,ABEV3,high,957,12.001212,471081,75.17,262,366
2026-09-07 21:43:20+00,2026-09-07 21:43:30+00,BBDC4,high,1027,13.999834,529502,74.43,258,352
2026-09-07 21:43:20+00,2026-09-07 21:43:30+00,BOVA11,high,1016,125.012175,499590,74.21,263,358
2026-09-07 21:43:20+00,2026-09-07 21:43:30+00,BTC-USD,high,980,65011.457153,484501,73.40,260,370
2026-09-07 21:43:20+00,2026-09-07 21:43:30+00,ITUB4,high,1008,33.996875,504560,14.61,78,150
2026-09-07 21:43:20+00,2026-09-07 21:43:30+00,MGLU3,high,1043,1.999204,509079,73.46,262,362
2026-09-07 21:43:20+00,2026-09-07 21:43:30+00,MSFT,high,963,420.174424,489546,75.02,265,360
2026-09-07 21:43:20+00,2026-09-07 21:43:30+00,PETR4,high,1038,37.989306,521030,72.24,260,366
2026-09-07 21:43:20+00,2026-09-07 21:43:30+00,VALE3,high,998,62.005240,512508,16.00,83,155
2026-09-07 21:43:30+00,2026-09-07 21:43:40+00,AAPL,high,990,169.999909,491566,116.55,387,794
2026-09-07 21:43:30+00,2026-09-07 21:43:40+00,ABEV3,high,1007,12.005611,490090,123.61,392,815
2026-09-07 21:43:30+00,2026-09-07 21:43:40+00,BBDC4,high,987,13.999949,514049,126.55,500,812
2026-09-07 21:43:30+00,2026-09-07 21:43:40+00,BOVA11,high,1004,124.929811,509069,119.78,454,793
2026-09-07 21:43:30+00,2026-09-07 21:43:40+00,BTC-USD,high,991,64978.726065,490323,124.34,442,812
2026-09-07 21:43:30+00,2026-09-07 21:43:40+00,ITUB4,high,1026,34.000517,520470,28.08,128,523
2026-09-07 21:43:30+00,2026-09-07 21:43:40+00,MGLU3,high,1054,1.999763,538161,111.73,378,783
2026-09-07 21:43:30+00,2026-09-07 21:43:40+00,MSFT,high,987,419.994357,489821,119.97,430,808
2026-09-07 21:43:30+00,2026-09-07 21:43:40+00,PETR4,high,976,38.005133,476428,131.08,469,813
2026-09-07 21:43:30+00,2026-09-07 21:43:40+00,VALE3,high,978,62.041687,485742,27.85,132,522
2026-09-07 21:43:40+00,2026-09-07 21:43:50+00,AAPL,high,1030,169.985650,517910,201.47,845,1241
2026-09-07 21:43:40+00,2026-09-07 21:43:50+00,ABEV3,high,1027,11.996066,505131,200.36,845,1232
2026-09-07 21:43:40+00,2026-09-07 21:43:50+00,BBDC4,high,1009,14.001863,505512,190.69,847,1225
2026-09-07 21:43:40+00,2026-09-07 21:43:50+00,BOVA11,high,995,124.991176,490993,186.81,809,1221
2026-09-07 21:43:40+00,2026-09-07 21:43:50+00,BTC-USD,high,995,65001.642131,512854,198.46,886,1242
2026-09-07 21:43:40+00,2026-09-07 21:43:50+00,ITUB4,high,1006,34.000825,503126,53.03,362,834
2026-09-07 21:43:40+00,2026-09-07 21:43:50+00,MGLU3,high,973,2.000154,473341,186.12,851,1234
2026-09-07 21:43:40+00,2026-09-07 21:43:50+00,MSFT,high,992,420.236532,494596,205.27,860,1239
2026-09-07 21:43:40+00,2026-09-07 21:43:50+00,PETR4,high,982,38.002678,492158,193.21,864,1227
2026-09-07 21:43:40+00,2026-09-07 21:43:50+00,VALE3,high,1016,62.012156,521859,43.90,224,811
2026-09-07 21:43:50+00,2026-09-07 21:44:00+00,AAPL,high,950,170.025568,469325,754.62,2258,2571
2026-09-07 21:43:50+00,2026-09-07 21:44:00+00,ABEV3,high,989,12.001658,488758,755.78,2277,2569
2026-09-07 21:43:50+00,2026-09-07 21:44:00+00,BBDC4,high,933,13.994577,470115,724.87,2280,2564
2026-09-07 21:43:50+00,2026-09-07 21:44:00+00,BOVA11,high,969,125.010495,488917,683.76,2209,2563
2026-09-07 21:43:50+00,2026-09-07 21:44:00+00,BTC-USD,high,993,64983.398107,500633,742.95,2257,2571
2026-09-07 21:43:50+00,2026-09-07 21:44:00+00,ITUB4,high,996,34.002851,528276,227.63,1467,1904
2026-09-07 21:43:50+00,2026-09-07 21:44:00+00,MGLU3,high,949,1.999989,480293,743.08,2210,2570
2026-09-07 21:43:50+00,2026-09-07 21:44:00+00,MSFT,high,944,420.197246,459095,784.92,2281,2557
2026-09-07 21:43:50+00,2026-09-07 21:44:00+00,PETR4,high,910,37.992692,463055,714.20,2214,2565
2026-09-07 21:43:50+00,2026-09-07 21:44:00+00,VALE3,high,1055,61.977839,526019,191.13,1354,1906
2026-09-07 21:44:00+00,2026-09-07 21:44:10+00,AAPL,high,1043,170.004871,527779,144.73,504,848
2026-09-07 21:44:00+00,2026-09-07 21:44:10+00,ABEV3,high,999,12.000020,492477,145.46,594,847
2026-09-07 21:44:00+00,2026-09-07 21:44:10+00,BBDC4,high,1068,14.001264,543853,131.10,497,851
2026-09-07 21:44:00+00,2026-09-07 21:44:10+00,BOVA11,high,1028,125.000311,526755,144.40,555,842
2026-09-07 21:44:00+00,2026-09-07 21:44:10+00,BTC-USD,high,1030,65005.611136,513528,145.24,561,839
2026-09-07 21:44:00+00,2026-09-07 21:44:10+00,ITUB4,high,1001,33.997283,516495,37.01,192,618
2026-09-07 21:44:00+00,2026-09-07 21:44:10+00,MGLU3,high,995,2.000302,510421,135.46,508,820
2026-09-07 21:44:00+00,2026-09-07 21:44:10+00,MSFT,high,1033,419.934211,520241,155.97,576,824
2026-09-07 21:44:00+00,2026-09-07 21:44:10+00,PETR4,high,1039,37.975332,508092,147.46,603,846
2026-09-07 21:44:00+00,2026-09-07 21:44:10+00,VALE3,high,1027,62.003418,502819,41.57,252,621
2026-09-07 21:44:10+00,2026-09-07 21:44:20+00,AAPL,high,1007,170.017468,494483,83.07,288,365
2026-09-07 21:44:10+00,2026-09-07 21:44:20+00,ABEV3,high,995,12.002000,493364,87.16,292,366
2026-09-07 21:44:10+00,2026-09-07 21:44:20+00,BBDC4,high,1000,13.997130,489429,88.24,286,368
2026-09-07 21:44:10+00,2026-09-07 21:44:20+00,BOVA11,high,961,125.008626,477100,83.95,298,361
2026-09-07 21:44:10+00,2026-09-07 21:44:20+00,BTC-USD,high,1030,64993.605427,511212,83.10,283,345
2026-09-07 21:44:10+00,2026-09-07 21:44:20+00,ITUB4,high,1021,33.984564,511469,19.19,106,214
2026-09-07 21:44:10+00,2026-09-07 21:44:20+00,MGLU3,high,1019,2.001030,524930,85.12,292,371
2026-09-07 21:44:10+00,2026-09-07 21:44:20+00,MSFT,high,1004,419.950179,512001,89.27,291,374
2026-09-07 21:44:10+00,2026-09-07 21:44:20+00,PETR4,high,967,37.998697,496910,88.11,301,370
2026-09-07 21:44:10+00,2026-09-07 21:44:20+00,VALE3,high,1010,62.004287,513992,19.08,97,213
2026-09-07 21:44:20+00,2026-09-07 21:44:30+00,AAPL,high,975,169.964041,487273,88.04,288,363
2026-09-07 21:44:20+00,2026-09-07 21:44:30+00,ABEV3,high,1038,11.997678,515083,80.81,286,357
2026-09-07 21:44:20+00,2026-09-07 21:44:30+00,BBDC4,high,994,13.999406,498534,88.37,293,357
2026-09-07 21:44:20+00,2026-09-07 21:44:30+00,BOVA11,high,1039,124.967228,510096,86.49,291,369
2026-09-07 21:44:20+00,2026-09-07 21:44:30+00,BTC-USD,high,1002,64982.537625,492575,83.42,280,368
2026-09-07 21:44:20+00,2026-09-07 21:44:30+00,ITUB4,high,1016,33.986732,512661,20.44,105,205
2026-09-07 21:44:20+00,2026-09-07 21:44:30+00,MGLU3,high,971,1.999464,488330,84.68,276,370
2026-09-07 21:44:20+00,2026-09-07 21:44:30+00,MSFT,high,986,419.899026,486183,86.38,288,366
2026-09-07 21:44:20+00,2026-09-07 21:44:30+00,PETR4,high,1033,38.017415,515016,84.75,285,364
2026-09-07 21:44:20+00,2026-09-07 21:44:30+00,VALE3,high,938,62.004680,445277,17.81,90,199
2026-09-07 21:44:30+00,2026-09-07 21:44:40+00,AAPL,high,991,169.909021,486753,85.53,295,379
2026-09-07 21:44:30+00,2026-09-07 21:44:40+00,ABEV3,high,974,12.000072,479454,89.38,312,375
2026-09-07 21:44:30+00,2026-09-07 21:44:40+00,BBDC4,high,961,13.995432,468168,91.01,306,377
2026-09-07 21:44:30+00,2026-09-07 21:44:40+00,BOVA11,high,961,124.970291,490000,93.70,311,375
2026-09-07 21:44:30+00,2026-09-07 21:44:40+00,BTC-USD,high,1008,65024.384167,509543,86.26,297,378
2026-09-07 21:44:30+00,2026-09-07 21:44:40+00,ITUB4,high,993,34.001511,499718,21.63,120,221
2026-09-07 21:44:30+00,2026-09-07 21:44:40+00,MGLU3,high,1033,1.999903,513574,89.61,306,376
2026-09-07 21:44:30+00,2026-09-07 21:44:40+00,MSFT,high,1017,419.964690,511579,92.96,308,369
2026-09-07 21:44:30+00,2026-09-07 21:44:40+00,PETR4,high,1008,37.993333,512427,89.89,312,377
2026-09-07 21:44:30+00,2026-09-07 21:44:40+00,VALE3,high,1001,61.996304,513786,22.02,128,222
2026-09-07 21:44:40+00,2026-09-07 21:44:50+00,AAPL,high,982,170.009053,490202,59.62,227,281
2026-09-07 21:44:40+00,2026-09-07 21:44:50+00,ABEV3,high,977,11.996448,502779,58.15,225,296
2026-09-07 21:44:40+00,2026-09-07 21:44:50+00,BBDC4,high,1001,14.006543,502052,54.20,218,290
2026-09-07 21:44:40+00,2026-09-07 21:44:50+00,BOVA11,high,972,125.035041,476043,57.73,230,288
2026-09-07 21:44:40+00,2026-09-07 21:44:50+00,BTC-USD,high,1010,65014.226069,497271,60.07,233,291
2026-09-07 21:44:40+00,2026-09-07 21:44:50+00,ITUB4,high,1043,34.000777,525416,14.47,73,150
2026-09-07 21:44:40+00,2026-09-07 21:44:50+00,MGLU3,high,930,2.000290,467683,55.93,218,286
2026-09-07 21:44:40+00,2026-09-07 21:44:50+00,MSFT,high,1017,419.999410,511287,63.83,235,293
2026-09-07 21:44:40+00,2026-09-07 21:44:50+00,PETR4,high,1016,37.995935,513100,58.67,224,295
2026-09-07 21:44:40+00,2026-09-07 21:44:50+00,VALE3,high,996,62.041908,493479,12.99,50,143
2026-09-07 21:44:50+00,2026-09-07 21:45:00+00,AAPL,high,999,169.960450,490036,693.14,2248,2637
2026-09-07 21:44:50+00,2026-09-07 21:45:00+00,ABEV3,high,1000,12.002520,489137,686.85,2313,2660
2026-09-07 21:44:50+00,2026-09-07 21:45:00+00,BBDC4,high,1015,14.001970,502340,732.18,2274,2651
2026-09-07 21:44:50+00,2026-09-07 21:45:00+00,BOVA11,high,952,125.052752,481444,695.24,2312,2663
2026-09-07 21:44:50+00,2026-09-07 21:45:00+00,BTC-USD,high,946,64980.192981,475053,707.48,2323,2662
2026-09-07 21:44:50+00,2026-09-07 21:45:00+00,ITUB4,high,950,34.000011,473964,244.89,1565,2096
2026-09-07 21:44:50+00,2026-09-07 21:45:00+00,MGLU3,high,1000,2.000660,500345,729.53,2230,2657
2026-09-07 21:44:50+00,2026-09-07 21:45:00+00,MSFT,high,1025,419.986595,508390,721.38,2351,2654
2026-09-07 21:44:50+00,2026-09-07 21:45:00+00,PETR4,high,1047,37.979943,518890,632.86,2227,2663
2026-09-07 21:44:50+00,2026-09-07 21:45:00+00,VALE3,high,1055,61.961725,533541,269.60,1660,2131
2026-09-07 21:45:00+00,2026-09-07 21:45:10+00,AAPL,high,1044,170.015929,524905,131.19,474,859
2026-09-07 21:45:00+00,2026-09-07 21:45:10+00,ABEV3,high,1038,11.998121,517935,121.63,425,879
2026-09-07 21:45:00+00,2026-09-07 21:45:10+00,BBDC4,high,998,14.006423,500685,126.40,459,888
2026-09-07 21:45:00+00,2026-09-07 21:45:10+00,BOVA11,high,957,125.017179,487754,121.20,447,886
2026-09-07 21:45:00+00,2026-09-07 21:45:10+00,BTC-USD,high,938,65006.748060,476345,131.42,511,887
2026-09-07 21:45:00+00,2026-09-07 21:45:10+00,ITUB4,high,1024,33.999277,519564,22.38,113,366
2026-09-07 21:45:00+00,2026-09-07 21:45:10+00,MGLU3,high,1015,1.999813,512234,128.69,435,867
2026-09-07 21:45:00+00,2026-09-07 21:45:10+00,MSFT,high,1010,420.037644,499430,125.29,430,886
2026-09-07 21:45:00+00,2026-09-07 21:45:10+00,PETR4,high,987,37.982503,495299,133.35,486,858
2026-09-07 21:45:00+00,2026-09-07 21:45:10+00,VALE3,high,982,62.021079,486930,25.27,137,375
2026-09-07 21:45:10+00,2026-09-07 21:45:20+00,AAPL,high,968,170.031488,484920,76.25,276,384
2026-09-07 21:45:10+00,2026-09-07 21:45:20+00,ABEV3,high,1010,12.002653,509932,73.98,288,390
2026-09-07 21:45:10+00,2026-09-07 21:45:20+00,BBDC4,high,1015,13.995498,504494,76.94,276,400
2026-09-07 21:45:10+00,2026-09-07 21:45:20+00,BOVA11,high,976,124.996250,481502,80.17,282,391
2026-09-07 21:45:10+00,2026-09-07 21:45:20+00,BTC-USD,high,1054,64995.918672,534164,80.89,281,399
2026-09-07 21:45:10+00,2026-09-07 21:45:20+00,ITUB4,high,1011,33.998823,496211,20.30,112,229
2026-09-07 21:45:10+00,2026-09-07 21:45:20+00,MGLU3,high,920,1.999750,468565,83.63,276,397
2026-09-07 21:45:10+00,2026-09-07 21:45:20+00,MSFT,high,993,420.104512,497497,77.93,277,386
2026-09-07 21:45:10+00,2026-09-07 21:45:20+00,PETR4,high,1047,37.994365,526923,85.49,301,397
2026-09-07 21:45:10+00,2026-09-07 21:45:20+00,VALE3,high,1000,61.974110,493489,21.72,123,227
2026-09-07 21:45:20+00,2026-09-07 21:45:30+00,AAPL,high,988,170.004777,498187,96.93,311,534
2026-09-07 21:45:20+00,2026-09-07 21:45:30+00,ABEV3,high,976,12.000697,492775,95.45,315,516
2026-09-07 21:45:20+00,2026-09-07 21:45:30+00,BBDC4,high,1020,14.001745,516290,95.87,306,519
2026-09-07 21:45:20+00,2026-09-07 21:45:30+00,BOVA11,high,977,125.009171,504884,88.64,313,537
2026-09-07 21:45:20+00,2026-09-07 21:45:30+00,BTC-USD,high,1048,65011.561985,532398,90.37,300,530
2026-09-07 21:45:20+00,2026-09-07 21:45:30+00,ITUB4,high,1014,33.996489,492842,25.75,134,397
2026-09-07 21:45:20+00,2026-09-07 21:45:30+00,MGLU3,high,1010,1.999436,506766,85.23,305,533
2026-09-07 21:45:20+00,2026-09-07 21:45:30+00,MSFT,high,993,419.889950,500867,92.83,315,536
2026-09-07 21:45:20+00,2026-09-07 21:45:30+00,PETR4,high,987,37.998855,495438,93.58,322,534
2026-09-07 21:45:20+00,2026-09-07 21:45:30+00,VALE3,high,996,62.020392,482856,24.62,123,399
2026-09-07 21:45:30+00,2026-09-07 21:45:40+00,AAPL,high,989,170.116249,498569,108.05,338,431
2026-09-07 21:45:30+00,2026-09-07 21:45:40+00,ABEV3,high,961,12.000208,479702,109.21,341,437
2026-09-07 21:45:30+00,2026-09-07 21:45:40+00,BBDC4,high,989,13.999323,489185,109.01,336,402
2026-09-07 21:45:30+00,2026-09-07 21:45:40+00,BOVA11,high,972,125.019897,473498,111.24,338,436
2026-09-07 21:45:30+00,2026-09-07 21:45:40+00,BTC-USD,high,1035,65018.954116,517805,109.84,343,438
2026-09-07 21:45:30+00,2026-09-07 21:45:40+00,ITUB4,high,1004,34.012440,498633,17.69,98,190
2026-09-07 21:45:30+00,2026-09-07 21:45:40+00,MGLU3,high,1025,2.000790,524481,115.41,330,435
2026-09-07 21:45:30+00,2026-09-07 21:45:40+00,MSFT,high,1041,420.058204,521157,107.38,328,422
2026-09-07 21:45:30+00,2026-09-07 21:45:40+00,PETR4,high,968,38.002417,491656,108.37,339,434
2026-09-07 21:45:30+00,2026-09-07 21:45:40+00,VALE3,high,969,61.994438,483527,20.01,107,182
2026-09-07 21:45:40+00,2026-09-07 21:45:50+00,AAPL,high,1093,170.072251,555814,228.67,1027,1495
2026-09-07 21:45:40+00,2026-09-07 21:45:50+00,ABEV3,high,1015,12.006118,511682,228.73,1043,1493
2026-09-07 21:45:40+00,2026-09-07 21:45:50+00,BBDC4,high,1075,14.001330,523288,236.54,1084,1478
2026-09-07 21:45:40+00,2026-09-07 21:45:50+00,BOVA11,high,1030,124.969913,511133,220.40,1048,1479
2026-09-07 21:45:40+00,2026-09-07 21:45:50+00,BTC-USD,high,1004,65016.767709,503035,248.52,1087,1477
2026-09-07 21:45:40+00,2026-09-07 21:45:50+00,ITUB4,high,998,34.005762,499037,119.69,831,1238
2026-09-07 21:45:40+00,2026-09-07 21:45:50+00,MGLU3,high,1020,1.999794,509084,242.92,1039,1494
2026-09-07 21:45:40+00,2026-09-07 21:45:50+00,MSFT,high,1043,419.798408,518376,233.28,1085,1488
2026-09-07 21:45:40+00,2026-09-07 21:45:50+00,PETR4,high,970,38.013186,500698,212.61,1000,1492
2026-09-07 21:45:40+00,2026-09-07 21:45:50+00,VALE3,high,987,61.996525,486700,100.80,761,1227
2026-09-07 21:45:50+00,2026-09-07 21:46:00+00,AAPL,high,961,169.977690,479489,91.02,315,461
2026-09-07 21:45:50+00,2026-09-07 21:46:00+00,ABEV3,high,1037,12.002257,523384,88.11,303,450
2026-09-07 21:45:50+00,2026-09-07 21:46:00+00,BBDC4,high,944,14.003400,473968,87.53,298,455
2026-09-07 21:45:50+00,2026-09-07 21:46:00+00,BOVA11,high,969,124.998421,488361,85.59,289,449
2026-09-07 21:45:50+00,2026-09-07 21:46:00+00,BTC-USD,high,974,65000.865267,494556,91.49,305,426
2026-09-07 21:45:50+00,2026-09-07 21:46:00+00,ITUB4,high,989,33.991072,497390,20.52,105,310
2026-09-07 21:45:50+00,2026-09-07 21:46:00+00,MGLU3,high,990,2.000313,490436,85.01,300,453
2026-09-07 21:45:50+00,2026-09-07 21:46:00+00,MSFT,high,907,419.941665,454241,84.49,296,454
2026-09-07 21:45:50+00,2026-09-07 21:46:00+00,PETR4,high,961,38.011935,482617,85.21,287,440
2026-09-07 21:45:50+00,2026-09-07 21:46:00+00,VALE3,high,1014,62.025256,511610,21.10,108,306
2026-09-07 21:46:00+00,2026-09-07 21:46:10+00,AAPL,high,1012,169.980573,516664,70.42,256,325
2026-09-07 21:46:00+00,2026-09-07 21:46:10+00,ABEV3,high,1024,11.997363,491862,72.05,258,321
2026-09-07 21:46:00+00,2026-09-07 21:46:10+00,BBDC4,high,1023,14.000401,511723,67.11,252,324
2026-09-07 21:46:00+00,2026-09-07 21:46:10+00,BOVA11,high,979,125.020204,497375,72.47,262,327
2026-09-07 21:46:00+00,2026-09-07 21:46:10+00,BTC-USD,high,991,64950.757417,503238,75.64,262,328
2026-09-07 21:46:00+00,2026-09-07 21:46:10+00,ITUB4,high,1004,33.987739,504471,21.26,113,259
2026-09-07 21:46:00+00,2026-09-07 21:46:10+00,MGLU3,high,1082,1.999769,540437,79.44,266,326
2026-09-07 21:46:00+00,2026-09-07 21:46:10+00,MSFT,high,1073,419.917484,541223,75.12,275,326
2026-09-07 21:46:00+00,2026-09-07 21:46:10+00,PETR4,high,1063,38.001656,522972,71.62,253,321
2026-09-07 21:46:00+00,2026-09-07 21:46:10+00,VALE3,high,962,62.000582,478445,20.57,113,249
2026-09-07 21:46:10+00,2026-09-07 21:46:20+00,AAPL,high,1016,169.972776,521970,86.01,296,379
2026-09-07 21:46:10+00,2026-09-07 21:46:20+00,ABEV3,high,989,12.005015,500911,91.23,293,378
2026-09-07 21:46:10+00,2026-09-07 21:46:20+00,BBDC4,high,1041,13.994601,508490,84.87,283,358
2026-09-07 21:46:10+00,2026-09-07 21:46:20+00,BOVA11,high,926,124.988467,465849,88.97,291,356
2026-09-07 21:46:10+00,2026-09-07 21:46:20+00,BTC-USD,high,983,64994.007192,491365,85.82,300,369
2026-09-07 21:46:10+00,2026-09-07 21:46:20+00,ITUB4,high,1078,34.001827,546478,14.55,75,174
2026-09-07 21:46:10+00,2026-09-07 21:46:20+00,MGLU3,high,966,2.000455,487041,86.14,285,381
2026-09-07 21:46:10+00,2026-09-07 21:46:20+00,MSFT,high,980,420.019265,483727,87.72,290,362
2026-09-07 21:46:10+00,2026-09-07 21:46:20+00,PETR4,high,1052,38.000913,543508,83.48,289,375
2026-09-07 21:46:10+00,2026-09-07 21:46:20+00,VALE3,high,977,61.976520,501143,14.67,74,183
2026-09-07 21:46:20+00,2026-09-07 21:46:30+00,AAPL,high,974,170.050113,486007,102.06,322,412
2026-09-07 21:46:20+00,2026-09-07 21:46:30+00,ABEV3,high,993,12.003585,491597,99.77,321,411
2026-09-07 21:46:20+00,2026-09-07 21:46:30+00,BBDC4,high,1019,13.998342,501835,102.88,326,414
2026-09-07 21:46:20+00,2026-09-07 21:46:30+00,BOVA11,high,980,125.001143,478622,103.92,316,415
2026-09-07 21:46:20+00,2026-09-07 21:46:30+00,BTC-USD,high,978,64998.242352,517171,100.83,309,382
2026-09-07 21:46:20+00,2026-09-07 21:46:30+00,ITUB4,high,1062,33.998974,524365,15.27,79,194
2026-09-07 21:46:20+00,2026-09-07 21:46:30+00,MGLU3,high,1039,1.999721,514818,97.48,315,416
2026-09-07 21:46:20+00,2026-09-07 21:46:30+00,MSFT,high,1039,419.924928,523612,105.42,321,417
2026-09-07 21:46:20+00,2026-09-07 21:46:30+00,PETR4,high,976,38.015123,500094,93.74,318,413
2026-09-07 21:46:20+00,2026-09-07 21:46:30+00,VALE3,high,960,61.974458,477844,16.20,80,191
2026-09-07 21:46:30+00,2026-09-07 21:46:40+00,AAPL,high,958,170.045992,489078,252.25,952,1289
2026-09-07 21:46:30+00,2026-09-07 21:46:40+00,ABEV3,high,1015,12.004108,518735,251.05,919,1297
2026-09-07 21:46:30+00,2026-09-07 21:46:40+00,BBDC4,high,984,13.999817,499796,268.17,1020,1288
2026-09-07 21:46:30+00,2026-09-07 21:46:40+00,BOVA11,high,977,124.974289,485010,275.26,984,1285
2026-09-07 21:46:30+00,2026-09-07 21:46:40+00,BTC-USD,high,917,65008.276750,451532,255.28,970,1299
2026-09-07 21:46:30+00,2026-09-07 21:46:40+00,ITUB4,high,1036,34.002104,522759,33.93,186,564
2026-09-07 21:46:30+00,2026-09-07 21:46:40+00,MGLU3,high,948,2.000770,472640,268.95,933,1291
2026-09-07 21:46:30+00,2026-09-07 21:46:40+00,MSFT,high,958,419.846628,465039,254.00,1009,1300
2026-09-07 21:46:30+00,2026-09-07 21:46:40+00,PETR4,high,963,37.980104,487703,269.83,1023,1298
2026-09-07 21:46:30+00,2026-09-07 21:46:40+00,VALE3,high,952,62.010903,483598,33.78,172,561
2026-09-07 21:46:40+00,2026-09-07 21:46:50+00,AAPL,high,1050,169.932524,532104,245.86,990,1351
2026-09-07 21:46:40+00,2026-09-07 21:46:50+00,ABEV3,high,1016,11.992431,502407,225.82,874,1341
2026-09-07 21:46:40+00,2026-09-07 21:46:50+00,BBDC4,high,1023,13.997791,505893,222.98,894,1345
2026-09-07 21:46:40+00,2026-09-07 21:46:50+00,BOVA11,high,1043,124.982780,536974,227.48,933,1347
2026-09-07 21:46:40+00,2026-09-07 21:46:50+00,BTC-USD,high,1028,64990.355428,505850,228.81,971,1352
2026-09-07 21:46:40+00,2026-09-07 21:46:50+00,ITUB4,high,1042,33.981852,524016,46.23,274,650
2026-09-07 21:46:40+00,2026-09-07 21:46:50+00,MGLU3,high,1034,2.000774,517664,224.23,953,1354
2026-09-07 21:46:40+00,2026-09-07 21:46:50+00,MSFT,high,1058,419.986578,525945,241.15,934,1350
2026-09-07 21:46:40+00,2026-09-07 21:46:50+00,PETR4,high,973,38.000195,501623,237.68,938,1355
2026-09-07 21:46:40+00,2026-09-07 21:46:50+00,VALE3,high,1011,61.975569,507261,54.47,313,653
2026-09-07 21:46:50+00,2026-09-07 21:47:00+00,AAPL,high,974,169.998152,487400,93.64,305,465
2026-09-07 21:46:50+00,2026-09-07 21:47:00+00,ABEV3,high,984,11.994929,482671,88.65,298,463
2026-09-07 21:46:50+00,2026-09-07 21:47:00+00,BBDC4,high,1014,14.003826,496976,85.68,294,459
2026-09-07 21:46:50+00,2026-09-07 21:47:00+00,BOVA11,high,1013,124.953317,506342,88.67,301,439
2026-09-07 21:46:50+00,2026-09-07 21:47:00+00,BTC-USD,high,1018,65003.764538,510241,92.81,308,445
2026-09-07 21:46:50+00,2026-09-07 21:47:00+00,ITUB4,high,999,33.998699,518609,19.59,104,196
2026-09-07 21:46:50+00,2026-09-07 21:47:00+00,MGLU3,high,1024,1.999727,508872,94.01,317,466
2026-09-07 21:46:50+00,2026-09-07 21:47:00+00,MSFT,high,993,420.076596,517144,84.54,309,463
2026-09-07 21:46:50+00,2026-09-07 21:47:00+00,PETR4,high,998,38.001693,496510,95.49,307,468
2026-09-07 21:46:50+00,2026-09-07 21:47:00+00,VALE3,high,982,62.001792,487087,16.79,92,198
2026-09-07 21:47:00+00,2026-09-07 21:47:10+00,AAPL,high,998,169.958838,490734,88.41,300,371
2026-09-07 21:47:00+00,2026-09-07 21:47:10+00,ABEV3,high,1046,11.998031,524872,88.43,296,368
2026-09-07 21:47:00+00,2026-09-07 21:47:10+00,BBDC4,high,1026,13.995136,498830,87.04,292,367
2026-09-07 21:47:00+00,2026-09-07 21:47:10+00,BOVA11,high,929,124.957341,468335,84.88,289,370
2026-09-07 21:47:00+00,2026-09-07 21:47:10+00,BTC-USD,high,1019,64983.684328,500516,84.40,301,365
2026-09-07 21:47:00+00,2026-09-07 21:47:10+00,ITUB4,high,1020,34.009412,506799,19.83,102,202
2026-09-07 21:47:00+00,2026-09-07 21:47:10+00,MGLU3,high,977,1.999683,510801,81.11,292,356
2026-09-07 21:47:00+00,2026-09-07 21:47:10+00,MSFT,high,964,419.903133,490695,79.70,285,354
2026-09-07 21:47:00+00,2026-09-07 21:47:10+00,PETR4,high,982,37.982902,511372,84.18,285,356
2026-09-07 21:47:00+00,2026-09-07 21:47:10+00,VALE3,high,1035,61.998319,505926,16.62,79,204
2026-09-07 21:47:10+00,2026-09-07 21:47:20+00,AAPL,high,941,170.012104,457650,278.51,1177,1566
2026-09-07 21:47:10+00,2026-09-07 21:47:20+00,ABEV3,high,1019,12.004171,498672,270.61,1221,1600
2026-09-07 21:47:10+00,2026-09-07 21:47:20+00,BBDC4,high,1020,13.998824,499448,266.59,1191,1593
2026-09-07 21:47:10+00,2026-09-07 21:47:20+00,BOVA11,high,936,124.957372,463960,269.60,1214,1599
2026-09-07 21:47:10+00,2026-09-07 21:47:20+00,BTC-USD,high,1003,64981.049123,492576,288.61,1243,1584
2026-09-07 21:47:10+00,2026-09-07 21:47:20+00,ITUB4,high,977,33.987861,498318,136.23,918,1463
2026-09-07 21:47:10+00,2026-09-07 21:47:20+00,MGLU3,high,1017,1.999735,497052,242.25,1140,1582
2026-09-07 21:47:10+00,2026-09-07 21:47:20+00,MSFT,high,944,420.086271,477815,285.50,1236,1597
2026-09-07 21:47:10+00,2026-09-07 21:47:20+00,PETR4,high,1018,38.000334,485913,283.01,1243,1600
2026-09-07 21:47:10+00,2026-09-07 21:47:20+00,VALE3,high,1028,62.014183,519762,133.55,1019,1466
2026-09-07 21:47:20+00,2026-09-07 21:47:30+00,AAPL,high,1026,170.149854,502677,163.33,735,1145
2026-09-07 21:47:20+00,2026-09-07 21:47:30+00,ABEV3,high,1012,11.998024,507177,164.59,755,1142
2026-09-07 21:47:20+00,2026-09-07 21:47:30+00,BBDC4,high,1046,14.005325,538826,156.95,742,1144
2026-09-07 21:47:20+00,2026-09-07 21:47:30+00,BOVA11,high,1004,125.060817,502301,161.16,748,1150
2026-09-07 21:47:20+00,2026-09-07 21:47:30+00,BTC-USD,high,1019,64984.613994,505980,164.46,771,1136
2026-09-07 21:47:20+00,2026-09-07 21:47:30+00,ITUB4,high,1003,33.986112,502443,71.12,547,1083
2026-09-07 21:47:20+00,2026-09-07 21:47:30+00,MGLU3,high,1027,2.000107,510838,150.53,711,1151
2026-09-07 21:47:20+00,2026-09-07 21:47:30+00,MSFT,high,1006,420.007922,510823,150.79,698,1131
2026-09-07 21:47:20+00,2026-09-07 21:47:30+00,PETR4,high,1009,38.018246,501499,153.74,731,1146
2026-09-07 21:47:20+00,2026-09-07 21:47:30+00,VALE3,high,979,61.997978,498865,75.45,584,1087
2026-09-07 21:47:30+00,2026-09-07 21:47:40+00,AAPL,high,980,169.994347,490363,72.90,264,343
2026-09-07 21:47:30+00,2026-09-07 21:47:40+00,ABEV3,high,982,12.001324,487043,73.28,261,358
2026-09-07 21:47:30+00,2026-09-07 21:47:40+00,BBDC4,high,998,14.004890,504235,78.70,264,347
2026-09-07 21:47:30+00,2026-09-07 21:47:40+00,BOVA11,high,1048,125.000573,530750,74.12,258,359
2026-09-07 21:47:30+00,2026-09-07 21:47:40+00,BTC-USD,high,998,64981.302485,496567,73.54,262,355
2026-09-07 21:47:30+00,2026-09-07 21:47:40+00,ITUB4,high,1021,33.995504,505050,15.30,77,165
2026-09-07 21:47:30+00,2026-09-07 21:47:40+00,MGLU3,high,952,1.999517,478257,70.53,254,336
2026-09-07 21:47:30+00,2026-09-07 21:47:40+00,MSFT,high,947,420.119958,468288,76.63,259,354
2026-09-07 21:47:30+00,2026-09-07 21:47:40+00,PETR4,high,1028,38.005837,506152,73.87,268,324
2026-09-07 21:47:30+00,2026-09-07 21:47:40+00,VALE3,high,991,61.998244,499745,18.52,97,187
2026-09-07 21:47:40+00,2026-09-07 21:47:50+00,AAPL,high,1028,170.050409,517942,93.48,298,410
2026-09-07 21:47:40+00,2026-09-07 21:47:50+00,ABEV3,high,1030,12.001379,534846,92.52,310,401
2026-09-07 21:47:40+00,2026-09-07 21:47:50+00,BBDC4,high,989,13.998999,482771,92.83,302,403
2026-09-07 21:47:40+00,2026-09-07 21:47:50+00,BOVA11,high,991,125.022714,509038,96.11,308,404
2026-09-07 21:47:40+00,2026-09-07 21:47:50+00,BTC-USD,high,993,65028.537855,504238,96.00,314,412
2026-09-07 21:47:40+00,2026-09-07 21:47:50+00,ITUB4,high,962,33.991518,471232,17.00,87,205
2026-09-07 21:47:40+00,2026-09-07 21:47:50+00,MGLU3,high,998,1.999659,492538,96.03,305,413
2026-09-07 21:47:40+00,2026-09-07 21:47:50+00,MSFT,high,1018,420.070020,517748,92.46,303,398
2026-09-07 21:47:40+00,2026-09-07 21:47:50+00,PETR4,high,953,37.998416,488359,98.46,302,408
2026-09-07 21:47:40+00,2026-09-07 21:47:50+00,VALE3,high,974,61.967515,486629,17.91,92,211
2026-09-07 21:47:50+00,2026-09-07 21:48:00+00,AAPL,high,982,169.939776,490581,91.72,308,371
2026-09-07 21:47:50+00,2026-09-07 21:48:00+00,ABEV3,high,1015,11.996690,506804,95.63,306,375
2026-09-07 21:47:50+00,2026-09-07 21:48:00+00,BBDC4,high,1010,13.998881,492665,97.92,307,381
2026-09-07 21:47:50+00,2026-09-07 21:48:00+00,BOVA11,high,1011,124.964965,510557,96.52,303,378
2026-09-07 21:47:50+00,2026-09-07 21:48:00+00,BTC-USD,high,966,64999.098302,491274,92.16,303,382
2026-09-07 21:47:50+00,2026-09-07 21:48:00+00,ITUB4,high,1019,34.004877,514847,20.88,115,212
2026-09-07 21:47:50+00,2026-09-07 21:48:00+00,MGLU3,high,991,1.999778,509676,93.35,311,377
2026-09-07 21:47:50+00,2026-09-07 21:48:00+00,MSFT,high,1006,419.826869,509560,93.85,306,380
2026-09-07 21:47:50+00,2026-09-07 21:48:00+00,PETR4,high,1019,38.008342,501279,92.44,299,373
2026-09-07 21:47:50+00,2026-09-07 21:48:00+00,VALE3,high,1014,61.989359,503404,23.53,132,221
2026-09-07 21:48:00+00,2026-09-07 21:48:10+00,AAPL,high,996,169.997791,497742,253.15,1055,1476
2026-09-07 21:48:00+00,2026-09-07 21:48:10+00,ABEV3,high,1032,12.000659,511334,242.73,1042,1470
2026-09-07 21:48:00+00,2026-09-07 21:48:10+00,BBDC4,high,1026,13.996433,519338,256.83,1089,1481
2026-09-07 21:48:00+00,2026-09-07 21:48:10+00,BOVA11,high,1023,124.995181,511789,260.17,1062,1471
2026-09-07 21:48:00+00,2026-09-07 21:48:10+00,BTC-USD,high,961,64975.239657,485281,271.42,1082,1477
2026-09-07 21:48:00+00,2026-09-07 21:48:10+00,ITUB4,high,954,33.993166,469013,104.98,820,1264
2026-09-07 21:48:00+00,2026-09-07 21:48:10+00,MGLU3,high,1058,2.000435,536860,247.16,1060,1480
2026-09-07 21:48:00+00,2026-09-07 21:48:10+00,MSFT,high,982,419.983666,484003,259.80,1110,1478
2026-09-07 21:48:00+00,2026-09-07 21:48:10+00,PETR4,high,1050,38.006124,515913,257.47,1049,1479
2026-09-07 21:48:00+00,2026-09-07 21:48:10+00,VALE3,high,952,62.016124,479370,93.01,753,1260
2026-09-07 21:48:10+00,2026-09-07 21:48:20+00,AAPL,high,1002,170.019641,516461,96.48,318,647
2026-09-07 21:48:10+00,2026-09-07 21:48:20+00,ABEV3,high,1000,11.992390,509959,88.20,284,639
2026-09-07 21:48:10+00,2026-09-07 21:48:20+00,BBDC4,high,1037,13.996104,513069,91.01,313,641
2026-09-07 21:48:10+00,2026-09-07 21:48:20+00,BOVA11,high,958,125.014916,469531,90.74,299,649
2026-09-07 21:48:10+00,2026-09-07 21:48:20+00,BTC-USD,high,977,65005.000031,481475,88.65,291,644
2026-09-07 21:48:10+00,2026-09-07 21:48:20+00,ITUB4,high,1008,33.993988,504662,32.09,195,537
2026-09-07 21:48:10+00,2026-09-07 21:48:20+00,MGLU3,high,1039,2.000144,519839,86.47,293,648
2026-09-07 21:48:10+00,2026-09-07 21:48:20+00,MSFT,high,1014,420.148580,517827,90.37,312,638
2026-09-07 21:48:10+00,2026-09-07 21:48:20+00,PETR4,high,1016,37.996791,514156,91.31,313,634
2026-09-07 21:48:10+00,2026-09-07 21:48:20+00,VALE3,high,951,62.025489,470673,33.95,189,535
2026-09-07 21:48:20+00,2026-09-07 21:48:30+00,AAPL,high,1040,169.974875,509657,70.80,248,327
2026-09-07 21:48:20+00,2026-09-07 21:48:30+00,ABEV3,high,970,11.998062,488784,70.96,254,330
2026-09-07 21:48:20+00,2026-09-07 21:48:30+00,BBDC4,high,1010,13.991208,508353,69.64,253,322
2026-09-07 21:48:20+00,2026-09-07 21:48:30+00,BOVA11,high,949,124.971528,483266,68.02,256,317
2026-09-07 21:48:20+00,2026-09-07 21:48:30+00,BTC-USD,high,992,65011.718236,486325,69.30,253,331
2026-09-07 21:48:20+00,2026-09-07 21:48:30+00,ITUB4,high,993,34.008187,505127,17.65,96,217
2026-09-07 21:48:20+00,2026-09-07 21:48:30+00,MGLU3,high,1063,2.000414,514333,65.05,259,334
2026-09-07 21:48:20+00,2026-09-07 21:48:30+00,MSFT,high,905,419.902298,449498,68.21,252,329
2026-09-07 21:48:20+00,2026-09-07 21:48:30+00,PETR4,high,1048,37.985830,511061,70.43,253,332
2026-09-07 21:48:20+00,2026-09-07 21:48:30+00,VALE3,high,1011,62.014461,499491,17.06,87,218
2026-09-07 21:48:30+00,2026-09-07 21:48:40+00,AAPL,high,1040,170.009096,515210,87.04,289,387
2026-09-07 21:48:30+00,2026-09-07 21:48:40+00,ABEV3,high,1000,12.006290,509719,90.52,294,388
2026-09-07 21:48:30+00,2026-09-07 21:48:40+00,BBDC4,high,1056,14.002680,530257,88.39,301,384
2026-09-07 21:48:30+00,2026-09-07 21:48:40+00,BOVA11,high,946,124.959958,490286,92.06,292,377
2026-09-07 21:48:30+00,2026-09-07 21:48:40+00,BTC-USD,high,991,64976.132886,501783,95.11,301,391
2026-09-07 21:48:30+00,2026-09-07 21:48:40+00,ITUB4,high,1044,33.991025,535789,21.36,115,206
2026-09-07 21:48:30+00,2026-09-07 21:48:40+00,MGLU3,high,1004,2.000090,492062,80.88,291,369
2026-09-07 21:48:30+00,2026-09-07 21:48:40+00,MSFT,high,990,420.106020,494339,94.40,299,386
2026-09-07 21:48:30+00,2026-09-07 21:48:40+00,PETR4,high,947,38.006822,461165,89.73,291,389
2026-09-07 21:48:30+00,2026-09-07 21:48:40+00,VALE3,high,960,61.987833,488628,20.02,112,205
2026-09-07 21:48:40+00,2026-09-07 21:48:50+00,AAPL,high,987,170.019463,521146,83.29,295,386
2026-09-07 21:48:40+00,2026-09-07 21:48:50+00,ABEV3,high,968,12.003120,506755,86.18,298,393
2026-09-07 21:48:40+00,2026-09-07 21:48:50+00,BBDC4,high,1014,14.004576,497037,88.12,295,376
2026-09-07 21:48:40+00,2026-09-07 21:48:50+00,BOVA11,high,1008,124.951925,493133,82.70,283,392
2026-09-07 21:48:40+00,2026-09-07 21:48:50+00,BTC-USD,high,1038,65019.221908,530365,84.88,283,392
2026-09-07 21:48:40+00,2026-09-07 21:48:50+00,ITUB4,high,1046,33.995516,521547,17.24,85,196
2026-09-07 21:48:40+00,2026-09-07 21:48:50+00,MGLU3,high,997,2.000652,500485,78.35,283,394
2026-09-07 21:48:40+00,2026-09-07 21:48:50+00,MSFT,high,940,420.100766,476358,86.46,292,395
2026-09-07 21:48:40+00,2026-09-07 21:48:50+00,PETR4,high,990,37.982808,494284,88.76,289,384
2026-09-07 21:48:40+00,2026-09-07 21:48:50+00,VALE3,high,1053,62.009335,531468,18.18,99,187
2026-09-07 21:48:50+00,2026-09-07 21:49:00+00,AAPL,high,994,169.933712,492405,799.90,2363,2718
2026-09-07 21:48:50+00,2026-09-07 21:49:00+00,ABEV3,high,942,11.999915,471016,820.14,2422,2722
2026-09-07 21:48:50+00,2026-09-07 21:49:00+00,BBDC4,high,974,14.000698,491439,768.63,2411,2720
2026-09-07 21:48:50+00,2026-09-07 21:49:00+00,BOVA11,high,972,124.969208,481658,787.82,2363,2731
2026-09-07 21:48:50+00,2026-09-07 21:49:00+00,BTC-USD,high,994,65008.138672,498933,787.80,2392,2724
2026-09-07 21:48:50+00,2026-09-07 21:49:00+00,ITUB4,high,1014,33.996252,516872,250.09,1447,1982
2026-09-07 21:48:50+00,2026-09-07 21:49:00+00,MGLU3,high,963,1.999491,484002,804.00,2387,2704
2026-09-07 21:48:50+00,2026-09-07 21:49:00+00,MSFT,high,998,419.937525,518376,808.15,2336,2718
2026-09-07 21:48:50+00,2026-09-07 21:49:00+00,PETR4,high,910,37.987780,458861,818.06,2410,2719
2026-09-07 21:48:50+00,2026-09-07 21:49:00+00,VALE3,high,984,61.996667,513778,259.07,1535,1972
2026-09-07 21:49:00+00,2026-09-07 21:49:10+00,AAPL,high,1021,169.986641,526108,143.58,560,980
2026-09-07 21:49:00+00,2026-09-07 21:49:10+00,ABEV3,high,1060,11.998604,528696,148.75,569,970
2026-09-07 21:49:00+00,2026-09-07 21:49:10+00,BBDC4,high,1007,13.992066,499596,151.12,602,988
2026-09-07 21:49:00+00,2026-09-07 21:49:10+00,BOVA11,high,1061,124.938068,523956,151.82,574,978
2026-09-07 21:49:00+00,2026-09-07 21:49:10+00,BTC-USD,high,1020,65016.023657,523675,142.89,568,987
2026-09-07 21:49:00+00,2026-09-07 21:49:10+00,ITUB4,high,985,34.002102,491128,54.73,348,767
2026-09-07 21:49:00+00,2026-09-07 21:49:10+00,MGLU3,high,1057,1.999707,530603,142.86,544,971
2026-09-07 21:49:00+00,2026-09-07 21:49:10+00,MSFT,high,1038,419.915434,517902,148.98,565,986
2026-09-07 21:49:00+00,2026-09-07 21:49:10+00,PETR4,high,1034,37.998617,527325,145.14,542,959
2026-09-07 21:49:00+00,2026-09-07 21:49:10+00,VALE3,high,1015,62.001379,509604,45.80,255,758
2026-09-07 21:49:10+00,2026-09-07 21:49:20+00,AAPL,high,962,169.982713,479794,61.09,243,327
2026-09-07 21:49:10+00,2026-09-07 21:49:20+00,ABEV3,high,1007,11.996713,493434,66.01,246,326
2026-09-07 21:49:10+00,2026-09-07 21:49:20+00,BBDC4,high,968,13.998337,477052,65.44,244,305
2026-09-07 21:49:10+00,2026-09-07 21:49:20+00,BOVA11,high,1039,124.992474,513515,65.81,238,319
2026-09-07 21:49:10+00,2026-09-07 21:49:20+00,BTC-USD,high,953,64973.098311,474076,63.81,238,321
2026-09-07 21:49:10+00,2026-09-07 21:49:20+00,ITUB4,high,1056,33.987027,542291,17.04,85,204
2026-09-07 21:49:10+00,2026-09-07 21:49:20+00,MGLU3,high,993,1.999859,489743,63.98,245,313
2026-09-07 21:49:10+00,2026-09-07 21:49:20+00,MSFT,high,984,420.118638,496903,65.13,253,325
2026-09-07 21:49:10+00,2026-09-07 21:49:20+00,PETR4,high,987,38.005735,502629,62.22,241,327
2026-09-07 21:49:10+00,2026-09-07 21:49:20+00,VALE3,high,998,62.004329,506035,15.46,73,203
2026-09-07 21:49:20+00,2026-09-07 21:49:30+00,AAPL,high,992,169.946028,514603,92.98,302,487
2026-09-07 21:49:20+00,2026-09-07 21:49:30+00,ABEV3,high,981,12.002864,494659,91.32,302,511
2026-09-07 21:49:20+00,2026-09-07 21:49:30+00,BBDC4,high,983,13.997345,496948,93.68,298,498
2026-09-07 21:49:20+00,2026-09-07 21:49:30+00,BOVA11,high,1032,125.004031,521160,89.58,304,506
2026-09-07 21:49:20+00,2026-09-07 21:49:30+00,BTC-USD,high,1014,65006.817091,509649,93.52,314,492
2026-09-07 21:49:20+00,2026-09-07 21:49:30+00,ITUB4,high,948,33.977669,465383,14.96,77,156
2026-09-07 21:49:20+00,2026-09-07 21:49:30+00,MGLU3,high,990,1.999919,488930,95.34,305,503
2026-09-07 21:49:20+00,2026-09-07 21:49:30+00,MSFT,high,999,420.006597,513285,93.27,306,510
2026-09-07 21:49:20+00,2026-09-07 21:49:30+00,PETR4,high,1006,37.982604,512689,92.80,313,507
2026-09-07 21:49:20+00,2026-09-07 21:49:30+00,VALE3,high,1005,62.013234,507148,15.68,76,163
2026-09-07 21:49:30+00,2026-09-07 21:49:40+00,AAPL,high,1039,169.956169,534789,94.87,317,394
2026-09-07 21:49:30+00,2026-09-07 21:49:40+00,ABEV3,high,1015,12.003606,507566,90.78,308,381
2026-09-07 21:49:30+00,2026-09-07 21:49:40+00,BBDC4,high,1002,14.001557,498992,93.80,301,372
2026-09-07 21:49:30+00,2026-09-07 21:49:40+00,BOVA11,high,1001,124.991309,491119,96.04,313,387
2026-09-07 21:49:30+00,2026-09-07 21:49:40+00,BTC-USD,high,935,64990.379519,450386,90.08,301,387
2026-09-07 21:49:30+00,2026-09-07 21:49:40+00,ITUB4,high,1021,34.009931,502602,18.41,93,208
2026-09-07 21:49:30+00,2026-09-07 21:49:40+00,MGLU3,high,977,2.000860,493194,92.75,322,392
2026-09-07 21:49:30+00,2026-09-07 21:49:40+00,MSFT,high,1051,419.987212,531672,95.89,314,388
2026-09-07 21:49:30+00,2026-09-07 21:49:40+00,PETR4,high,980,37.998378,490460,97.49,308,388
2026-09-07 21:49:30+00,2026-09-07 21:49:40+00,VALE3,high,975,61.991005,484404,18.93,98,206
2026-09-07 21:49:40+00,2026-09-07 21:49:50+00,AAPL,high,1009,170.032775,508918,373.30,1532,1925
2026-09-07 21:49:40+00,2026-09-07 21:49:50+00,ABEV3,high,1006,12.001769,507003,371.48,1521,1958
2026-09-07 21:49:40+00,2026-09-07 21:49:50+00,BBDC4,high,1036,14.001293,513356,362.82,1478,1946
2026-09-07 21:49:40+00,2026-09-07 21:49:50+00,BOVA11,high,968,125.022500,482061,376.25,1496,1962
2026-09-07 21:49:40+00,2026-09-07 21:49:50+00,BTC-USD,high,1000,65035.278370,515950,354.89,1426,1961
2026-09-07 21:49:40+00,2026-09-07 21:49:50+00,ITUB4,high,1013,33.993504,488184,191.21,1305,1650
2026-09-07 21:49:40+00,2026-09-07 21:49:50+00,MGLU3,high,1019,2.000343,518619,354.02,1467,1943
2026-09-07 21:49:40+00,2026-09-07 21:49:50+00,MSFT,high,985,420.106873,489906,400.76,1479,1954
2026-09-07 21:49:40+00,2026-09-07 21:49:50+00,PETR4,high,924,38.000693,452425,380.65,1541,1957
2026-09-07 21:49:40+00,2026-09-07 21:49:50+00,VALE3,high,1056,61.987102,541837,166.44,1290,1645
2026-09-07 21:49:50+00,2026-09-07 21:50:00+00,AAPL,high,988,169.909949,502837,87.42,318,440
2026-09-07 21:49:50+00,2026-09-07 21:50:00+00,ABEV3,high,992,12.001371,503250,87.74,299,450
2026-09-07 21:49:50+00,2026-09-07 21:50:00+00,BBDC4,high,1011,13.997705,521362,89.00,313,442
2026-09-07 21:49:50+00,2026-09-07 21:50:00+00,BOVA11,high,1022,124.999755,517642,82.98,285,449
2026-09-07 21:49:50+00,2026-09-07 21:50:00+00,BTC-USD,high,973,65008.193597,493463,89.05,298,447
2026-09-07 21:49:50+00,2026-09-07 21:50:00+00,ITUB4,high,991,33.995409,494526,18.17,101,273
2026-09-07 21:49:50+00,2026-09-07 21:50:00+00,MGLU3,high,973,1.999496,462975,87.27,317,446
2026-09-07 21:49:50+00,2026-09-07 21:50:00+00,MSFT,high,957,419.901317,485739,90.80,322,443
2026-09-07 21:49:50+00,2026-09-07 21:50:00+00,PETR4,high,1026,37.995507,507658,87.07,301,445
2026-09-07 21:49:50+00,2026-09-07 21:50:00+00,VALE3,high,975,61.988441,485788,20.34,108,279
2026-09-07 21:50:00+00,2026-09-07 21:50:10+00,AAPL,high,997,169.956189,498265,77.01,280,398
2026-09-07 21:50:00+00,2026-09-07 21:50:10+00,ABEV3,high,1026,11.993928,515470,81.95,272,393
2026-09-07 21:50:00+00,2026-09-07 21:50:10+00,BBDC4,high,1002,14.006996,501680,76.21,280,395
2026-09-07 21:50:00+00,2026-09-07 21:50:10+00,BOVA11,high,1012,125.030889,506609,78.03,275,382
2026-09-07 21:50:00+00,2026-09-07 21:50:10+00,BTC-USD,high,1073,65015.758788,545132,77.02,272,400
2026-09-07 21:50:00+00,2026-09-07 21:50:10+00,ITUB4,high,988,33.977996,494679,14.44,73,156
2026-09-07 21:50:00+00,2026-09-07 21:50:10+00,MGLU3,high,977,2.000307,479618,78.48,268,391
2026-09-07 21:50:00+00,2026-09-07 21:50:10+00,MSFT,high,1055,420.177090,537626,75.10,267,373
2026-09-07 21:50:00+00,2026-09-07 21:50:10+00,PETR4,high,1055,38.002910,527653,78.93,272,377
2026-09-07 21:50:00+00,2026-09-07 21:50:10+00,VALE3,high,1009,61.981021,517065,15.72,84,151
2026-09-07 21:50:10+00,2026-09-07 21:50:20+00,AAPL,high,1015,169.980867,499741,81.90,284,359
2026-09-07 21:50:10+00,2026-09-07 21:50:20+00,ABEV3,high,986,11.999067,505209,79.84,275,360
2026-09-07 21:50:10+00,2026-09-07 21:50:20+00,BBDC4,high,1010,13.996960,504106,78.88,280,357
2026-09-07 21:50:10+00,2026-09-07 21:50:20+00,BOVA11,high,966,124.975424,475211,83.47,288,349
2026-09-07 21:50:10+00,2026-09-07 21:50:20+00,BTC-USD,high,1008,65021.852827,500698,79.39,285,355
2026-09-07 21:50:10+00,2026-09-07 21:50:20+00,ITUB4,high,1012,34.017460,511241,19.37,111,194
2026-09-07 21:50:10+00,2026-09-07 21:50:20+00,MGLU3,high,958,2.000125,479179,79.42,280,340
2026-09-07 21:50:10+00,2026-09-07 21:50:20+00,MSFT,high,1066,420.068856,518977,81.61,287,352
2026-09-07 21:50:10+00,2026-09-07 21:50:20+00,PETR4,high,992,38.002873,496366,78.20,281,361
2026-09-07 21:50:10+00,2026-09-07 21:50:20+00,VALE3,high,997,61.991705,500965,20.29,112,192
2026-09-07 21:50:20+00,2026-09-07 21:50:30+00,AAPL,high,981,170.012263,477716,105.05,343,608
2026-09-07 21:50:20+00,2026-09-07 21:50:30+00,ABEV3,high,1010,12.002832,499713,103.29,340,606
2026-09-07 21:50:20+00,2026-09-07 21:50:30+00,BBDC4,high,967,13.992151,481718,101.56,341,612
2026-09-07 21:50:20+00,2026-09-07 21:50:30+00,BOVA11,high,997,124.984945,502793,114.58,353,594
2026-09-07 21:50:20+00,2026-09-07 21:50:30+00,BTC-USD,high,1039,65017.421145,516962,113.79,370,609
2026-09-07 21:50:20+00,2026-09-07 21:50:30+00,ITUB4,high,978,33.975307,492467,24.40,138,296
2026-09-07 21:50:20+00,2026-09-07 21:50:30+00,MGLU3,high,983,2.000081,490158,109.73,339,600
2026-09-07 21:50:20+00,2026-09-07 21:50:30+00,MSFT,high,952,420.082668,477876,112.93,333,612
2026-09-07 21:50:20+00,2026-09-07 21:50:30+00,PETR4,high,1045,37.984842,533229,110.91,329,611
2026-09-07 21:50:20+00,2026-09-07 21:50:30+00,VALE3,high,993,62.014904,495750,19.78,111,301
2026-09-07 21:50:30+00,2026-09-07 21:50:40+00,AAPL,high,990,169.934000,493898,231.22,1046,1404
2026-09-07 21:50:30+00,2026-09-07 21:50:40+00,ABEV3,high,978,12.002945,482228,220.10,981,1420
2026-09-07 21:50:30+00,2026-09-07 21:50:40+00,BBDC4,high,1027,13.999318,504790,236.74,1043,1419
2026-09-07 21:50:30+00,2026-09-07 21:50:40+00,BOVA11,high,959,125.035662,483695,243.08,1065,1418
2026-09-07 21:50:30+00,2026-09-07 21:50:40+00,BTC-USD,high,1025,65000.826254,509791,210.39,933,1391
2026-09-07 21:50:30+00,2026-09-07 21:50:40+00,ITUB4,high,1006,33.992575,515943,24.00,126,341
2026-09-07 21:50:30+00,2026-09-07 21:50:40+00,MGLU3,high,1020,1.999529,522194,242.64,1051,1408
2026-09-07 21:50:30+00,2026-09-07 21:50:40+00,MSFT,high,1015,420.005202,503509,220.81,972,1397
2026-09-07 21:50:30+00,2026-09-07 21:50:40+00,PETR4,high,963,38.017362,478147,231.32,1029,1414
2026-09-07 21:50:30+00,2026-09-07 21:50:40+00,VALE3,high,1036,62.009846,528285,27.04,140,342
2026-09-07 21:50:40+00,2026-09-07 21:50:50+00,AAPL,high,952,170.046061,485591,160.34,584,891
2026-09-07 21:50:40+00,2026-09-07 21:50:50+00,ABEV3,high,1007,12.001927,507868,159.54,529,899
2026-09-07 21:50:40+00,2026-09-07 21:50:50+00,BBDC4,high,1016,14.005512,499618,161.68,547,900
2026-09-07 21:50:40+00,2026-09-07 21:50:50+00,BOVA11,high,946,124.981522,474438,152.92,549,892
2026-09-07 21:50:40+00,2026-09-07 21:50:50+00,BTC-USD,high,1007,64975.533019,493456,146.69,515,905
2026-09-07 21:50:40+00,2026-09-07 21:50:50+00,ITUB4,high,960,33.990240,463528,30.36,149,526
2026-09-07 21:50:40+00,2026-09-07 21:50:50+00,MGLU3,high,992,1.999950,488240,147.87,541,903
2026-09-07 21:50:40+00,2026-09-07 21:50:50+00,MSFT,high,1051,420.006546,519323,149.10,578,884
2026-09-07 21:50:40+00,2026-09-07 21:50:50+00,PETR4,high,1035,37.992280,526552,151.90,537,902
2026-09-07 21:50:40+00,2026-09-07 21:50:50+00,VALE3,high,941,61.997630,477686,33.69,187,512
2026-09-07 21:50:50+00,2026-09-07 21:51:00+00,AAPL,high,1003,169.992672,502422,73.08,261,406
2026-09-07 21:50:50+00,2026-09-07 21:51:00+00,ABEV3,high,1038,12.003054,536148,72.95,257,401
2026-09-07 21:50:50+00,2026-09-07 21:51:00+00,BBDC4,high,956,13.997144,482862,77.82,270,401
2026-09-07 21:50:50+00,2026-09-07 21:51:00+00,BOVA11,high,963,124.980997,472079,73.80,260,404
2026-09-07 21:50:50+00,2026-09-07 21:51:00+00,BTC-USD,high,992,64975.415323,510833,70.20,264,402
2026-09-07 21:50:50+00,2026-09-07 21:51:00+00,ITUB4,high,934,34.007334,469762,20.71,112,208
2026-09-07 21:50:50+00,2026-09-07 21:51:00+00,MGLU3,high,1001,2.000619,497971,78.67,278,408
2026-09-07 21:50:50+00,2026-09-07 21:51:00+00,MSFT,high,1027,420.110915,496929,75.85,265,387
2026-09-07 21:50:50+00,2026-09-07 21:51:00+00,PETR4,high,994,37.985936,491172,76.40,266,395
2026-09-07 21:50:50+00,2026-09-07 21:51:00+00,VALE3,high,1030,62.017767,514055,20.48,104,204
2026-09-07 21:51:00+00,2026-09-07 21:51:10+00,AAPL,high,736,170.035503,369165,84.41,284,397
2026-09-07 21:51:00+00,2026-09-07 21:51:10+00,ABEV3,high,754,11.994549,382426,75.77,273,409
2026-09-07 21:51:00+00,2026-09-07 21:51:10+00,BBDC4,high,700,13.995471,360498,92.19,299,397
2026-09-07 21:51:00+00,2026-09-07 21:51:10+00,BOVA11,high,681,125.043421,347744,79.69,283,409
2026-09-07 21:51:00+00,2026-09-07 21:51:10+00,BTC-USD,high,744,64999.590927,371390,82.40,284,404
2026-09-07 21:51:00+00,2026-09-07 21:51:10+00,ITUB4,high,707,33.996379,353268,16.83,82,183
2026-09-07 21:51:00+00,2026-09-07 21:51:10+00,MGLU3,high,728,1.999533,349229,82.76,276,409
2026-09-07 21:51:00+00,2026-09-07 21:51:10+00,MSFT,high,683,420.035520,327246,90.35,288,404
2026-09-07 21:51:00+00,2026-09-07 21:51:10+00,PETR4,high,736,38.022378,361635,82.47,285,406
2026-09-07 21:51:00+00,2026-09-07 21:51:10+00,VALE3,high,723,61.997884,355341,15.76,78,175
