bucket_start,bucket_end,symbol,scenario,event_count,avg_price,total_quantity,avg_ingestion_latency_ms,p95_ingestion_latency_ms,max_ingestion_latency_ms
2026-09-07 22:37:20+00,2026-09-07 22:37:30+00,AAPL,low,6,169.511667,4142,13.83,15,15
2026-09-07 22:37:20+00,2026-09-07 22:37:30+00,ABEV3,low,13,11.976923,7909,13.85,15,15
2026-09-07 22:37:20+00,2026-09-07 22:37:30+00,BBDC4,low,3,14.023333,1051,15.33,18,18
2026-09-07 22:37:20+00,2026-09-07 22:37:30+00,BOVA11,low,11,124.448182,4606,14.09,16,16
2026-09-07 22:37:20+00,2026-09-07 22:37:30+00,BTC-USD,low,5,64773.152000,2081,13.60,14,14
2026-09-07 22:37:20+00,2026-09-07 22:37:30+00,ITUB4,low,8,33.897500,4893,16.75,36,36
2026-09-07 22:37:20+00,2026-09-07 22:37:30+00,MGLU3,low,6,2.006667,3369,13.50,15,15
2026-09-07 22:37:20+00,2026-09-07 22:37:30+00,MSFT,low,9,418.523333,4474,14.00,15,15
2026-09-07 22:37:20+00,2026-09-07 22:37:30+00,PETR4,low,8,38.067500,3092,14.38,17,17
2026-09-07 22:37:20+00,2026-09-07 22:37:30+00,VALE3,low,8,62.130000,3678,14.88,20,20
2026-09-07 22:37:30+00,2026-09-07 22:37:40+00,AAPL,low,5,170.038000,1168,13.40,16,16
2026-09-07 22:37:30+00,2026-09-07 22:37:40+00,ABEV3,low,6,12.001667,3092,12.67,13,13
2026-09-07 22:37:30+00,2026-09-07 22:37:40+00,BBDC4,low,4,14.067500,2216,152.50,571,571
2026-09-07 22:37:30+00,2026-09-07 22:37:40+00,BOVA11,low,12,124.771667,5733,39.67,271,271
2026-09-07 22:37:30+00,2026-09-07 22:37:40+00,BTC-USD,low,13,65031.680769,5956,25.38,172,172
2026-09-07 22:37:30+00,2026-09-07 22:37:40+00,ITUB4,low,12,33.933333,5410,13.08,14,14
2026-09-07 22:37:30+00,2026-09-07 22:37:40+00,MGLU3,low,8,2.000000,3246,13.25,14,14
2026-09-07 22:37:30+00,2026-09-07 22:37:40+00,MSFT,low,13,420.175385,5654,13.23,14,14
2026-09-07 22:37:30+00,2026-09-07 22:37:40+00,PETR4,low,12,37.804167,3959,13.08,14,14
2026-09-07 22:37:30+00,2026-09-07 22:37:40+00,VALE3,low,15,61.902667,7081,13.60,18,18
2026-09-07 22:37:40+00,2026-09-07 22:37:50+00,AAPL,low,12,169.889167,4947,13.33,15,15
2026-09-07 22:37:40+00,2026-09-07 22:37:50+00,ABEV3,low,8,12.026250,4246,13.13,14,14
2026-09-07 22:37:40+00,2026-09-07 22:37:50+00,BBDC4,low,12,14.065833,5899,13.17,14,14
2026-09-07 22:37:40+00,2026-09-07 22:37:50+00,BOVA11,low,10,124.450000,4137,13.40,15,15
2026-09-07 22:37:40+00,2026-09-07 22:37:50+00,BTC-USD,low,15,65020.004000,7400,13.67,17,17
2026-09-07 22:37:40+00,2026-09-07 22:37:50+00,ITUB4,low,8,34.010000,3149,13.38,14,14
2026-09-07 22:37:40+00,2026-09-07 22:37:50+00,MGLU3,low,7,2.001429,2531,13.71,16,16
2026-09-07 22:37:40+00,2026-09-07 22:37:50+00,MSFT,low,11,420.144545,5094,13.09,15,15
2026-09-07 22:37:40+00,2026-09-07 22:37:50+00,PETR4,low,9,38.155556,5363,12.89,14,14
2026-09-07 22:37:40+00,2026-09-07 22:37:50+00,VALE3,low,7,62.227143,3212,13.14,14,14
2026-09-07 22:37:50+00,2026-09-07 22:38:00+00,AAPL,low,6,169.343333,2261,13.67,16,16
2026-09-07 22:37:50+00,2026-09-07 22:38:00+00,ABEV3,low,14,12.038571,7672,13.71,17,17
2026-09-07 22:37:50+00,2026-09-07 22:38:00+00,BBDC4,low,14,14.015714,6810,13.43,15,15
2026-09-07 22:37:50+00,2026-09-07 22:38:00+00,BOVA11,low,8,125.108750,4803,13.50,16,16
2026-09-07 22:37:50+00,2026-09-07 22:38:00+00,BTC-USD,low,11,65035.042727,6685,13.45,14,14
2026-09-07 22:37:50+00,2026-09-07 22:38:00+00,ITUB4,low,10,34.164000,4968,13.30,14,14
2026-09-07 22:37:50+00,2026-09-07 22:38:00+00,MGLU3,low,10,2.009000,5317,14.20,20,20
2026-09-07 22:37:50+00,2026-09-07 22:38:00+00,MSFT,low,6,416.176667,3253,13.33,14,14
2026-09-07 22:37:50+00,2026-09-07 22:38:00+00,PETR4,low,10,37.909000,5397,13.60,15,15
2026-09-07 22:37:50+00,2026-09-07 22:38:00+00,VALE3,low,11,62.054545,4368,13.73,15,15
2026-09-07 22:38:00+00,2026-09-07 22:38:10+00,AAPL,low,18,169.687222,9508,13.61,15,15
2026-09-07 22:38:00+00,2026-09-07 22:38:10+00,ABEV3,low,8,12.000000,5172,13.38,14,14
2026-09-07 22:38:00+00,2026-09-07 22:38:10+00,BBDC4,low,15,13.982667,6329,14.00,18,18
2026-09-07 22:38:00+00,2026-09-07 22:38:10+00,BOVA11,low,6,124.328333,4406,13.17,14,14
2026-09-07 22:38:00+00,2026-09-07 22:38:10+00,BTC-USD,low,7,65223.775714,3572,13.29,15,15
2026-09-07 22:38:00+00,2026-09-07 22:38:10+00,ITUB4,low,6,33.850000,2292,13.33,14,14
2026-09-07 22:38:00+00,2026-09-07 22:38:10+00,MGLU3,low,12,2.003333,5889,13.42,14,14
2026-09-07 22:38:00+00,2026-09-07 22:38:10+00,MSFT,low,13,421.381538,6186,13.31,15,15
2026-09-07 22:38:00+00,2026-09-07 22:38:10+00,PETR4,low,9,38.075556,5465,13.22,14,14
2026-09-07 22:38:00+00,2026-09-07 22:38:10+00,VALE3,low,7,62.047143,2703,14.29,16,16
2026-09-07 22:38:10+00,2026-09-07 22:38:20+00,AAPL,low,11,170.118182,4303,14.18,23,23
2026-09-07 22:38:10+00,2026-09-07 22:38:20+00,ABEV3,low,11,11.982727,5302,13.36,14,14
2026-09-07 22:38:10+00,2026-09-07 22:38:20+00,BBDC4,low,12,13.950000,7280,13.42,15,15
2026-09-07 22:38:10+00,2026-09-07 22:38:20+00,BOVA11,low,5,124.628000,2131,13.00,14,14
2026-09-07 22:38:10+00,2026-09-07 22:38:20+00,BTC-USD,low,14,65108.512143,7999,13.21,14,14
2026-09-07 22:38:10+00,2026-09-07 22:38:20+00,ITUB4,low,13,34.059231,6522,13.85,15,15
2026-09-07 22:38:10+00,2026-09-07 22:38:20+00,MGLU3,low,5,2.004000,2544,14.00,15,15
2026-09-07 22:38:10+00,2026-09-07 22:38:20+00,MSFT,low,7,419.990000,4341,13.71,16,16
2026-09-07 22:38:10+00,2026-09-07 22:38:20+00,PETR4,low,8,38.148750,3045,13.50,15,15
2026-09-07 22:38:10+00,2026-09-07 22:38:20+00,VALE3,low,14,61.934286,6503,13.29,15,15
2026-09-07 22:38:20+00,2026-09-07 22:38:30+00,AAPL,low,7,169.885714,2910,13.29,14,14
2026-09-07 22:38:20+00,2026-09-07 22:38:30+00,ABEV3,low,3,12.043333,1570,13.67,14,14
2026-09-07 22:38:20+00,2026-09-07 22:38:30+00,BBDC4,low,13,14.038462,6387,13.31,15,15
2026-09-07 22:38:20+00,2026-09-07 22:38:30+00,BOVA11,low,9,125.307778,5479,12.78,14,14
2026-09-07 22:38:20+00,2026-09-07 22:38:30+00,BTC-USD,low,5,64743.548000,2589,13.40,15,15
2026-09-07 22:38:20+00,2026-09-07 22:38:30+00,ITUB4,low,8,34.032500,2908,13.00,14,14
2026-09-07 22:38:20+00,2026-09-07 22:38:30+00,MGLU3,low,14,2.006429,6515,13.07,14,14
2026-09-07 22:38:20+00,2026-09-07 22:38:30+00,MSFT,low,16,418.633125,6575,13.38,16,16
2026-09-07 22:38:20+00,2026-09-07 22:38:30+00,PETR4,low,14,38.056429,6334,12.86,14,14
2026-09-07 22:38:20+00,2026-09-07 22:38:30+00,VALE3,low,10,62.063000,4849,13.70,15,15
2026-09-07 22:38:30+00,2026-09-07 22:38:40+00,AAPL,low,12,170.600833,7546,13.17,15,15
2026-09-07 22:38:30+00,2026-09-07 22:38:40+00,ABEV3,low,11,12.019091,5128,12.82,14,14
2026-09-07 22:38:30+00,2026-09-07 22:38:40+00,BBDC4,low,9,13.915556,4575,12.78,16,16
2026-09-07 22:38:30+00,2026-09-07 22:38:40+00,BOVA11,low,6,125.240000,3380,12.67,14,14
2026-09-07 22:38:30+00,2026-09-07 22:38:40+00,BTC-USD,low,7,64949.895714,2907,12.57,13,13
2026-09-07 22:38:30+00,2026-09-07 22:38:40+00,ITUB4,low,12,34.018333,4938,13.33,15,15
2026-09-07 22:38:30+00,2026-09-07 22:38:40+00,MGLU3,low,6,1.993333,2769,12.83,14,14
2026-09-07 22:38:30+00,2026-09-07 22:38:40+00,MSFT,low,6,421.021667,3266,14.00,19,19
2026-09-07 22:38:30+00,2026-09-07 22:38:40+00,PETR4,low,13,38.077692,7150,13.00,14,14
2026-09-07 22:38:30+00,2026-09-07 22:38:40+00,VALE3,low,19,61.971053,9380,12.95,14,14
2026-09-07 22:38:40+00,2026-09-07 22:38:50+00,AAPL,low,8,169.923750,3897,13.13,15,15
2026-09-07 22:38:40+00,2026-09-07 22:38:50+00,ABEV3,low,13,12.033077,8803,12.31,13,13
2026-09-07 22:38:40+00,2026-09-07 22:38:50+00,BBDC4,low,7,14.048571,3373,12.57,14,14
2026-09-07 22:38:40+00,2026-09-07 22:38:50+00,BOVA11,low,12,125.336667,5029,12.92,16,16
2026-09-07 22:38:40+00,2026-09-07 22:38:50+00,BTC-USD,low,15,65191.666000,7887,12.60,14,14
2026-09-07 22:38:40+00,2026-09-07 22:38:50+00,ITUB4,low,12,33.878333,6086,12.50,14,14
2026-09-07 22:38:40+00,2026-09-07 22:38:50+00,MGLU3,low,10,1.995000,4902,12.50,13,13
2026-09-07 22:38:40+00,2026-09-07 22:38:50+00,MSFT,low,4,421.900000,977,12.50,13,13
2026-09-07 22:38:40+00,2026-09-07 22:38:50+00,PETR4,low,11,37.950909,4912,12.45,14,14
2026-09-07 22:38:40+00,2026-09-07 22:38:50+00,VALE3,low,8,61.467500,4205,12.50,14,14
2026-09-07 22:38:50+00,2026-09-07 22:39:00+00,AAPL,low,8,170.190000,5337,12.50,14,14
2026-09-07 22:38:50+00,2026-09-07 22:39:00+00,ABEV3,low,15,12.026000,6608,12.73,14,14
2026-09-07 22:38:50+00,2026-09-07 22:39:00+00,BBDC4,low,4,13.992500,2421,12.75,14,14
2026-09-07 22:38:50+00,2026-09-07 22:39:00+00,BOVA11,low,10,125.788000,6028,13.10,14,14
2026-09-07 22:38:50+00,2026-09-07 22:39:00+00,BTC-USD,low,16,65171.065000,8031,13.06,14,14
2026-09-07 22:38:50+00,2026-09-07 22:39:00+00,ITUB4,low,7,33.972857,3159,13.29,14,14
2026-09-07 22:38:50+00,2026-09-07 22:39:00+00,MGLU3,low,9,2.005556,3962,12.44,13,13
2026-09-07 22:38:50+00,2026-09-07 22:39:00+00,MSFT,low,8,420.275000,5223,12.63,13,13
2026-09-07 22:38:50+00,2026-09-07 22:39:00+00,PETR4,low,13,38.011538,5108,12.77,14,14
2026-09-07 22:38:50+00,2026-09-07 22:39:00+00,VALE3,low,10,61.898000,4786,12.90,14,14
2026-09-07 22:39:00+00,2026-09-07 22:39:10+00,AAPL,low,8,170.843750,3550,13.25,14,14
2026-09-07 22:39:00+00,2026-09-07 22:39:10+00,ABEV3,low,13,12.008462,5295,12.54,14,14
2026-09-07 22:39:00+00,2026-09-07 22:39:10+00,BBDC4,low,6,14.015000,2971,18.33,46,46
2026-09-07 22:39:00+00,2026-09-07 22:39:10+00,BOVA11,low,8,125.092500,4445,29.13,145,145
2026-09-07 22:39:00+00,2026-09-07 22:39:10+00,BTC-USD,low,7,65206.692857,4134,13.14,14,14
2026-09-07 22:39:00+00,2026-09-07 22:39:10+00,ITUB4,low,17,34.151176,8820,12.88,14,14
2026-09-07 22:39:00+00,2026-09-07 22:39:10+00,MGLU3,low,11,1.998182,6549,12.82,14,14
2026-09-07 22:39:00+00,2026-09-07 22:39:10+00,MSFT,low,11,418.801818,3994,12.64,13,13
2026-09-07 22:39:00+00,2026-09-07 22:39:10+00,PETR4,low,10,37.968000,5211,12.90,14,14
2026-09-07 22:39:00+00,2026-09-07 22:39:10+00,VALE3,low,8,61.640000,4069,13.13,14,14
2026-09-07 22:39:10+00,2026-09-07 22:39:20+00,AAPL,low,10,170.626000,5440,13.00,15,15
2026-09-07 22:39:10+00,2026-09-07 22:39:20+00,ABEV3,low,9,12.003333,4683,13.00,14,14
2026-09-07 22:39:10+00,2026-09-07 22:39:20+00,BBDC4,low,14,13.997857,6906,13.21,14,14
2026-09-07 22:39:10+00,2026-09-07 22:39:20+00,BOVA11,low,9,125.111111,4626,13.56,15,15
2026-09-07 22:39:10+00,2026-09-07 22:39:20+00,BTC-USD,low,11,65133.408182,6111,13.18,15,15
2026-09-07 22:39:10+00,2026-09-07 22:39:20+00,ITUB4,low,9,34.001111,3778,13.33,14,14
2026-09-07 22:39:10+00,2026-09-07 22:39:20+00,MGLU3,low,8,2.002500,2970,12.88,14,14
2026-09-07 22:39:10+00,2026-09-07 22:39:20+00,MSFT,low,7,419.285714,3934,13.57,14,14
2026-09-07 22:39:10+00,2026-09-07 22:39:20+00,PETR4,low,18,38.006111,9082,13.22,16,16
2026-09-07 22:39:10+00,2026-09-07 22:39:20+00,VALE3,low,6,62.091667,3302,12.83,14,14
2026-09-07 22:39:20+00,2026-09-07 22:39:30+00,AAPL,low,6,168.850000,3499,12.83,13,13
2026-09-07 22:39:20+00,2026-09-07 22:39:30+00,ABEV3,low,10,12.064000,6251,12.60,13,13
2026-09-07 22:39:20+00,2026-09-07 22:39:30+00,BBDC4,low,9,13.992222,4642,13.11,14,14
2026-09-07 22:39:20+00,2026-09-07 22:39:30+00,BOVA11,low,13,124.068462,6493,13.08,15,15
2026-09-07 22:39:20+00,2026-09-07 22:39:30+00,BTC-USD,low,11,64620.721818,4310,12.36,14,14
2026-09-07 22:39:20+00,2026-09-07 22:39:30+00,ITUB4,low,8,34.098750,4730,12.88,14,14
2026-09-07 22:39:20+00,2026-09-07 22:39:30+00,MGLU3,low,11,1.992727,4256,13.09,17,17
2026-09-07 22:39:20+00,2026-09-07 22:39:30+00,MSFT,low,16,420.363750,5962,13.00,14,14
2026-09-07 22:39:20+00,2026-09-07 22:39:30+00,PETR4,low,9,38.104444,4174,13.00,14,14
2026-09-07 22:39:20+00,2026-09-07 22:39:30+00,VALE3,low,7,62.174286,4929,12.57,14,14
2026-09-07 22:39:30+00,2026-09-07 22:39:40+00,AAPL,low,13,169.724615,6390,13.15,14,14
2026-09-07 22:39:30+00,2026-09-07 22:39:40+00,ABEV3,low,11,11.962727,4973,12.82,14,14
2026-09-07 22:39:30+00,2026-09-07 22:39:40+00,BBDC4,low,8,13.976250,4092,12.75,13,13
2026-09-07 22:39:30+00,2026-09-07 22:39:40+00,BOVA11,low,10,125.131000,6741,12.90,14,14
2026-09-07 22:39:30+00,2026-09-07 22:39:40+00,BTC-USD,low,14,65228.989286,8375,12.71,14,14
2026-09-07 22:39:30+00,2026-09-07 22:39:40+00,ITUB4,low,6,33.981667,2544,12.83,13,13
2026-09-07 22:39:30+00,2026-09-07 22:39:40+00,MGLU3,low,8,1.995000,5371,12.88,14,14
2026-09-07 22:39:30+00,2026-09-07 22:39:40+00,MSFT,low,9,419.524444,3309,12.89,13,13
2026-09-07 22:39:30+00,2026-09-07 22:39:40+00,PETR4,low,11,37.820909,4993,13.09,14,14
2026-09-07 22:39:30+00,2026-09-07 22:39:40+00,VALE3,low,10,61.976000,5741,12.70,14,14
2026-09-07 22:39:40+00,2026-09-07 22:39:50+00,AAPL,low,10,170.515000,4879,13.10,15,15
2026-09-07 22:39:40+00,2026-09-07 22:39:50+00,ABEV3,low,10,12.005000,6100,13.10,15,15
2026-09-07 22:39:40+00,2026-09-07 22:39:50+00,BBDC4,low,16,13.956250,9492,12.63,14,14
2026-09-07 22:39:40+00,2026-09-07 22:39:50+00,BOVA11,low,12,124.922500,4450,13.67,18,18
2026-09-07 22:39:40+00,2026-09-07 22:39:50+00,BTC-USD,low,6,64777.946667,3289,12.50,14,14
2026-09-07 22:39:40+00,2026-09-07 22:39:50+00,ITUB4,low,7,33.710000,4038,12.86,14,14
2026-09-07 22:39:40+00,2026-09-07 22:39:50+00,MGLU3,low,11,2.001818,4914,13.09,15,15
2026-09-07 22:39:40+00,2026-09-07 22:39:50+00,MSFT,low,13,419.383077,6459,15.54,52,52
2026-09-07 22:39:40+00,2026-09-07 22:39:50+00,PETR4,low,4,37.857500,1622,12.50,13,13
2026-09-07 22:39:40+00,2026-09-07 22:39:50+00,VALE3,low,10,61.776000,4496,13.10,16,16
2026-09-07 22:39:50+00,2026-09-07 22:40:00+00,AAPL,low,11,170.980909,5762,12.91,14,14
2026-09-07 22:39:50+00,2026-09-07 22:40:00+00,ABEV3,low,10,12.015000,5283,13.30,14,14
2026-09-07 22:39:50+00,2026-09-07 22:40:00+00,BBDC4,low,11,13.970909,7647,13.18,14,14
2026-09-07 22:39:50+00,2026-09-07 22:40:00+00,BOVA11,low,14,124.993571,3356,12.86,14,14
2026-09-07 22:39:50+00,2026-09-07 22:40:00+00,BTC-USD,low,9,64809.610000,5179,12.67,14,14
2026-09-07 22:39:50+00,2026-09-07 22:40:00+00,ITUB4,low,6,33.736667,3174,14.17,18,18
2026-09-07 22:39:50+00,2026-09-07 22:40:00+00,MGLU3,low,5,1.990000,2308,13.00,14,14
2026-09-07 22:39:50+00,2026-09-07 22:40:00+00,MSFT,low,11,418.967273,4788,13.09,14,14
2026-09-07 22:39:50+00,2026-09-07 22:40:00+00,PETR4,low,13,37.992308,9086,13.15,14,14
2026-09-07 22:39:50+00,2026-09-07 22:40:00+00,VALE3,low,11,62.250000,5269,12.91,14,14
2026-09-07 22:40:00+00,2026-09-07 22:40:10+00,AAPL,low,13,169.786154,7467,12.54,13,13
2026-09-07 22:40:00+00,2026-09-07 22:40:10+00,ABEV3,low,5,12.088000,2342,13.00,13,13
2026-09-07 22:40:00+00,2026-09-07 22:40:10+00,BBDC4,low,9,13.997778,4997,12.44,13,13
2026-09-07 22:40:00+00,2026-09-07 22:40:10+00,BOVA11,low,10,125.360000,3258,12.90,14,14
2026-09-07 22:40:00+00,2026-09-07 22:40:10+00,BTC-USD,low,14,65023.180000,8557,12.79,15,15
2026-09-07 22:40:00+00,2026-09-07 22:40:10+00,ITUB4,low,7,33.944286,3028,13.00,14,14
2026-09-07 22:40:00+00,2026-09-07 22:40:10+00,MGLU3,low,9,2.003333,3604,12.56,13,13
2026-09-07 22:40:00+00,2026-09-07 22:40:10+00,MSFT,low,7,418.017143,4636,12.71,13,13
2026-09-07 22:40:00+00,2026-09-07 22:40:10+00,PETR4,low,14,37.845000,7078,13.21,18,18
2026-09-07 22:40:00+00,2026-09-07 22:40:10+00,VALE3,low,12,62.417500,5673,12.58,13,13
2026-09-07 22:40:10+00,2026-09-07 22:40:20+00,AAPL,low,9,169.663333,4347,65.56,418,418
2026-09-07 22:40:10+00,2026-09-07 22:40:20+00,ABEV3,low,10,11.992000,5006,43.70,319,319
2026-09-07 22:40:10+00,2026-09-07 22:40:20+00,BBDC4,low,11,14.010000,5093,81.82,390,390
2026-09-07 22:40:10+00,2026-09-07 22:40:20+00,BOVA11,low,11,125.200909,4595,53.64,190,190
2026-09-07 22:40:10+00,2026-09-07 22:40:20+00,BTC-USD,low,9,65209.471111,1978,37.00,71,71
2026-09-07 22:40:10+00,2026-09-07 22:40:20+00,ITUB4,low,13,34.036154,5933,53.31,389,389
2026-09-07 22:40:10+00,2026-09-07 22:40:20+00,MGLU3,low,11,1.996364,6485,57.55,270,270
2026-09-07 22:40:10+00,2026-09-07 22:40:20+00,MSFT,low,8,419.763750,3840,12.88,14,14
2026-09-07 22:40:10+00,2026-09-07 22:40:20+00,PETR4,low,8,37.863750,3848,12.50,14,14
2026-09-07 22:40:10+00,2026-09-07 22:40:20+00,VALE3,low,10,62.010000,6750,37.70,187,187
2026-09-07 22:40:20+00,2026-09-07 22:40:30+00,AAPL,low,13,169.984615,8318,12.62,13,13
2026-09-07 22:40:20+00,2026-09-07 22:40:30+00,ABEV3,low,8,11.995000,3796,13.13,17,17
2026-09-07 22:40:20+00,2026-09-07 22:40:30+00,BBDC4,low,6,13.918333,2793,12.33,13,13
2026-09-07 22:40:20+00,2026-09-07 22:40:30+00,BOVA11,low,8,125.516250,3112,12.75,14,14
2026-09-07 22:40:20+00,2026-09-07 22:40:30+00,BTC-USD,low,9,64813.950000,5269,12.67,13,13
2026-09-07 22:40:20+00,2026-09-07 22:40:30+00,ITUB4,low,10,33.911000,4790,13.40,19,19
2026-09-07 22:40:20+00,2026-09-07 22:40:30+00,MGLU3,low,11,1.993636,6675,12.45,13,13
2026-09-07 22:40:20+00,2026-09-07 22:40:30+00,MSFT,low,10,419.794000,4266,12.60,14,14
2026-09-07 22:40:20+00,2026-09-07 22:40:30+00,PETR4,low,10,37.919000,3974,12.50,13,13
2026-09-07 22:40:20+00,2026-09-07 22:40:30+00,VALE3,low,15,62.118667,9424,26.53,166,166
2026-09-07 22:40:30+00,2026-09-07 22:40:40+00,AAPL,low,10,168.989000,5282,12.80,16,16
2026-09-07 22:40:30+00,2026-09-07 22:40:40+00,ABEV3,low,11,12.029091,5534,21.82,112,112
2026-09-07 22:40:30+00,2026-09-07 22:40:40+00,BBDC4,low,13,13.995385,6693,12.85,14,14
2026-09-07 22:40:30+00,2026-09-07 22:40:40+00,BOVA11,low,12,124.968333,5779,54.17,312,312
2026-09-07 22:40:30+00,2026-09-07 22:40:40+00,BTC-USD,low,8,65061.601250,3572,12.63,13,13
2026-09-07 22:40:30+00,2026-09-07 22:40:40+00,ITUB4,low,11,34.101818,4886,13.00,14,14
2026-09-07 22:40:30+00,2026-09-07 22:40:40+00,MGLU3,low,9,2.001111,5068,12.44,14,14
2026-09-07 22:40:30+00,2026-09-07 22:40:40+00,MSFT,low,7,420.245714,2478,12.29,13,13
2026-09-07 22:40:30+00,2026-09-07 22:40:40+00,PETR4,low,9,38.123333,4116,12.56,13,13
2026-09-07 22:40:30+00,2026-09-07 22:40:40+00,VALE3,low,10,62.222000,3144,12.40,14,14
2026-09-07 22:40:40+00,2026-09-07 22:40:50+00,AAPL,low,9,169.526667,4523,13.22,18,18
2026-09-07 22:40:40+00,2026-09-07 22:40:50+00,ABEV3,low,9,11.976667,5335,12.67,13,13
2026-09-07 22:40:40+00,2026-09-07 22:40:50+00,BBDC4,low,15,13.999333,7206,12.53,14,14
2026-09-07 22:40:40+00,2026-09-07 22:40:50+00,BOVA11,low,10,125.347000,4224,12.50,13,13
2026-09-07 22:40:40+00,2026-09-07 22:40:50+00,BTC-USD,low,11,65159.638182,5092,12.36,14,14
2026-09-07 22:40:40+00,2026-09-07 22:40:50+00,ITUB4,low,11,33.987273,3751,12.55,14,14
2026-09-07 22:40:40+00,2026-09-07 22:40:50+00,MGLU3,low,9,1.995556,3748,12.67,13,13
2026-09-07 22:40:40+00,2026-09-07 22:40:50+00,MSFT,low,12,420.487500,4428,12.75,15,15
2026-09-07 22:40:40+00,2026-09-07 22:40:50+00,PETR4,low,6,38.016667,2451,12.17,13,13
2026-09-07 22:40:40+00,2026-09-07 22:40:50+00,VALE3,low,8,62.153750,3924,12.38,13,13
2026-09-07 22:40:50+00,2026-09-07 22:41:00+00,AAPL,low,9,169.970000,3574,12.56,13,13
2026-09-07 22:40:50+00,2026-09-07 22:41:00+00,ABEV3,low,12,12.010833,6246,12.58,14,14
2026-09-07 22:40:50+00,2026-09-07 22:41:00+00,BBDC4,low,12,13.976667,7008,12.83,15,15
2026-09-07 22:40:50+00,2026-09-07 22:41:00+00,BOVA11,low,12,124.768333,7591,13.25,14,14
2026-09-07 22:40:50+00,2026-09-07 22:41:00+00,BTC-USD,low,8,64763.708750,4629,13.13,14,14
2026-09-07 22:40:50+00,2026-09-07 22:41:00+00,ITUB4,low,14,34.181429,6361,12.86,15,15
2026-09-07 22:40:50+00,2026-09-07 22:41:00+00,MGLU3,low,7,1.997143,3023,13.14,14,14
2026-09-07 22:40:50+00,2026-09-07 22:41:00+00,MSFT,low,10,421.572000,4232,13.10,16,16
2026-09-07 22:40:50+00,2026-09-07 22:41:00+00,PETR4,low,10,37.912000,5815,12.40,13,13
2026-09-07 22:40:50+00,2026-09-07 22:41:00+00,VALE3,low,6,61.988333,3012,13.00,14,14
2026-09-07 22:41:00+00,2026-09-07 22:41:10+00,AAPL,low,8,169.393750,4758,13.00,14,14
2026-09-07 22:41:00+00,2026-09-07 22:41:10+00,ABEV3,low,12,11.999167,5741,12.92,14,14
2026-09-07 22:41:00+00,2026-09-07 22:41:10+00,BBDC4,low,7,14.002857,3240,13.00,14,14
2026-09-07 22:41:00+00,2026-09-07 22:41:10+00,BOVA11,low,5,124.538000,1365,13.20,14,14
2026-09-07 22:41:00+00,2026-09-07 22:41:10+00,BTC-USD,low,7,65293.161429,3034,12.86,14,14
2026-09-07 22:41:00+00,2026-09-07 22:41:10+00,ITUB4,low,17,34.141176,7742,13.24,15,15
2026-09-07 22:41:00+00,2026-09-07 22:41:10+00,MGLU3,low,11,2.003636,6414,12.82,15,15
2026-09-07 22:41:00+00,2026-09-07 22:41:10+00,MSFT,low,11,421.054545,4956,13.09,15,15
2026-09-07 22:41:00+00,2026-09-07 22:41:10+00,PETR4,low,10,38.097000,4010,13.10,15,15
2026-09-07 22:41:00+00,2026-09-07 22:41:10+00,VALE3,low,11,62.003636,4941,13.00,15,15
2026-09-07 22:41:10+00,2026-09-07 22:41:20+00,AAPL,low,14,170.008571,7448,12.71,14,14
2026-09-07 22:41:10+00,2026-09-07 22:41:20+00,ABEV3,low,12,12.005833,7038,12.83,14,14
2026-09-07 22:41:10+00,2026-09-07 22:41:20+00,BBDC4,low,8,13.983750,3474,12.50,14,14
2026-09-07 22:41:10+00,2026-09-07 22:41:20+00,BOVA11,low,11,125.516364,6171,12.73,19,19
2026-09-07 22:41:10+00,2026-09-07 22:41:20+00,BTC-USD,low,8,65350.335000,4858,12.75,14,14
2026-09-07 22:41:10+00,2026-09-07 22:41:20+00,ITUB4,low,12,33.924167,6637,12.75,15,15
2026-09-07 22:41:10+00,2026-09-07 22:41:20+00,MGLU3,low,6,1.993333,3015,12.67,14,14
2026-09-07 22:41:10+00,2026-09-07 22:41:20+00,MSFT,low,11,420.076364,4643,12.45,14,14
2026-09-07 22:41:10+00,2026-09-07 22:41:20+00,PETR4,low,12,38.067500,5898,12.58,14,14
2026-09-07 22:41:10+00,2026-09-07 22:41:20+00,VALE3,low,7,61.794286,3566,12.71,13,13
2026-09-07 22:41:20+00,2026-09-07 22:41:30+00,AAPL,low,12,169.588333,6357,13.00,14,14
2026-09-07 22:41:20+00,2026-09-07 22:41:30+00,ABEV3,low,9,11.973333,4271,12.78,14,14
2026-09-07 22:41:20+00,2026-09-07 22:41:30+00,BBDC4,low,9,14.011111,3188,13.11,15,15
2026-09-07 22:41:20+00,2026-09-07 22:41:30+00,BOVA11,low,10,124.874000,3819,13.60,15,15
2026-09-07 22:41:20+00,2026-09-07 22:41:30+00,BTC-USD,low,14,65095.717143,6769,12.79,14,14
2026-09-07 22:41:20+00,2026-09-07 22:41:30+00,ITUB4,low,11,34.059091,3856,13.64,18,18
2026-09-07 22:41:20+00,2026-09-07 22:41:30+00,MGLU3,low,10,2.001000,6530,13.10,14,14
2026-09-07 22:41:20+00,2026-09-07 22:41:30+00,MSFT,low,4,420.685000,2786,13.25,14,14
2026-09-07 22:41:20+00,2026-09-07 22:41:30+00,PETR4,low,12,38.140000,5157,13.17,14,14
2026-09-07 22:41:20+00,2026-09-07 22:41:30+00,VALE3,low,9,62.342222,3503,13.11,14,14
2026-09-07 22:41:30+00,2026-09-07 22:41:40+00,AAPL,low,8,169.728750,3614,12.75,14,14
2026-09-07 22:41:30+00,2026-09-07 22:41:40+00,ABEV3,low,9,12.041111,3939,12.67,14,14
2026-09-07 22:41:30+00,2026-09-07 22:41:40+00,BBDC4,low,8,14.068750,3115,12.63,13,13
2026-09-07 22:41:30+00,2026-09-07 22:41:40+00,BOVA11,low,11,125.037273,5964,13.09,15,15
2026-09-07 22:41:30+00,2026-09-07 22:41:40+00,BTC-USD,low,9,65316.934444,5449,12.89,14,14
2026-09-07 22:41:30+00,2026-09-07 22:41:40+00,ITUB4,low,17,33.971176,10029,12.88,14,14
2026-09-07 22:41:30+00,2026-09-07 22:41:40+00,MGLU3,low,8,2.008750,4914,13.25,15,15
2026-09-07 22:41:30+00,2026-09-07 22:41:40+00,MSFT,low,11,421.552727,6376,12.82,14,14
2026-09-07 22:41:30+00,2026-09-07 22:41:40+00,PETR4,low,8,38.110000,4327,12.63,14,14
2026-09-07 22:41:30+00,2026-09-07 22:41:40+00,VALE3,low,11,62.000909,4298,12.91,14,14
2026-09-07 22:41:40+00,2026-09-07 22:41:50+00,AAPL,low,11,169.491818,6753,13.00,14,14
2026-09-07 22:41:40+00,2026-09-07 22:41:50+00,ABEV3,low,9,11.986667,4382,18.56,64,64
2026-09-07 22:41:40+00,2026-09-07 22:41:50+00,BBDC4,low,12,14.073333,6235,13.25,15,15
2026-09-07 22:41:40+00,2026-09-07 22:41:50+00,BOVA11,low,9,125.696667,4102,13.11,14,14
2026-09-07 22:41:40+00,2026-09-07 22:41:50+00,BTC-USD,low,11,65127.395455,4039,13.00,15,15
2026-09-07 22:41:40+00,2026-09-07 22:41:50+00,ITUB4,low,11,34.101818,5365,13.00,14,14
2026-09-07 22:41:40+00,2026-09-07 22:41:50+00,MGLU3,low,10,1.997000,6156,13.30,14,14
2026-09-07 22:41:40+00,2026-09-07 22:41:50+00,MSFT,low,11,418.800000,6979,12.82,14,14
2026-09-07 22:41:40+00,2026-09-07 22:41:50+00,PETR4,low,8,37.673750,5518,13.13,14,14
2026-09-07 22:41:40+00,2026-09-07 22:41:50+00,VALE3,low,8,62.395000,4981,13.13,14,14
2026-09-07 22:41:50+00,2026-09-07 22:42:00+00,AAPL,low,10,168.579000,6274,12.80,14,14
2026-09-07 22:41:50+00,2026-09-07 22:42:00+00,ABEV3,low,13,11.974615,6243,12.46,14,14
2026-09-07 22:41:50+00,2026-09-07 22:42:00+00,BBDC4,low,6,13.965000,2762,13.00,14,14
2026-09-07 22:41:50+00,2026-09-07 22:42:00+00,BOVA11,low,12,124.981667,6826,12.50,14,14
2026-09-07 22:41:50+00,2026-09-07 22:42:00+00,BTC-USD,low,10,65118.194000,5338,12.80,14,14
2026-09-07 22:41:50+00,2026-09-07 22:42:00+00,ITUB4,low,12,34.110833,7233,13.00,14,14
2026-09-07 22:41:50+00,2026-09-07 22:42:00+00,MGLU3,low,5,1.988000,2748,12.20,13,13
2026-09-07 22:41:50+00,2026-09-07 22:42:00+00,MSFT,low,13,419.145385,6166,13.08,18,18
2026-09-07 22:41:50+00,2026-09-07 22:42:00+00,PETR4,low,11,38.125455,5017,12.64,13,13
2026-09-07 22:41:50+00,2026-09-07 22:42:00+00,VALE3,low,8,62.302500,3488,13.00,15,15
2026-09-07 22:42:00+00,2026-09-07 22:42:10+00,AAPL,low,13,169.953077,4503,13.31,14,14
2026-09-07 22:42:00+00,2026-09-07 22:42:10+00,ABEV3,low,12,12.005000,3698,12.33,13,13
2026-09-07 22:42:00+00,2026-09-07 22:42:10+00,BBDC4,low,5,13.988000,2680,12.60,13,13
2026-09-07 22:42:00+00,2026-09-07 22:42:10+00,BOVA11,low,9,125.668889,3175,12.78,14,14
2026-09-07 22:42:00+00,2026-09-07 22:42:10+00,BTC-USD,low,14,64935.003571,6562,12.50,14,14
2026-09-07 22:42:00+00,2026-09-07 22:42:10+00,ITUB4,low,13,34.012308,7494,12.62,14,14
2026-09-07 22:42:00+00,2026-09-07 22:42:10+00,MGLU3,low,8,1.993750,4115,13.13,17,17
2026-09-07 22:42:00+00,2026-09-07 22:42:10+00,MSFT,low,8,419.230000,3573,12.63,14,14
2026-09-07 22:42:00+00,2026-09-07 22:42:10+00,PETR4,low,6,37.870000,2024,12.33,13,13
2026-09-07 22:42:00+00,2026-09-07 22:42:10+00,VALE3,low,12,61.923333,5562,12.92,14,14
2026-09-07 22:42:10+00,2026-09-07 22:42:20+00,AAPL,low,13,169.376154,6399,12.69,14,14
2026-09-07 22:42:10+00,2026-09-07 22:42:20+00,ABEV3,low,9,12.017778,4247,12.44,14,14
2026-09-07 22:42:10+00,2026-09-07 22:42:20+00,BBDC4,low,10,13.921000,4833,12.60,14,14
2026-09-07 22:42:10+00,2026-09-07 22:42:20+00,BOVA11,low,15,125.051333,6082,12.67,14,14
2026-09-07 22:42:10+00,2026-09-07 22:42:20+00,BTC-USD,low,7,65162.507143,2369,12.43,14,14
2026-09-07 22:42:10+00,2026-09-07 22:42:20+00,ITUB4,low,11,33.921818,6043,13.45,19,19
2026-09-07 22:42:10+00,2026-09-07 22:42:20+00,MGLU3,low,8,2.001250,4246,12.75,14,14
2026-09-07 22:42:10+00,2026-09-07 22:42:20+00,MSFT,low,9,420.767778,3987,12.33,14,14
2026-09-07 22:42:10+00,2026-09-07 22:42:20+00,PETR4,low,9,37.644444,4614,12.67,14,14
2026-09-07 22:42:10+00,2026-09-07 22:42:20+00,VALE3,low,9,61.877778,4416,12.56,13,13
2026-09-07 22:42:20+00,2026-09-07 22:42:30+00,AAPL,low,3,170.646667,397,12.33,13,13
2026-09-07 22:42:20+00,2026-09-07 22:42:30+00,ABEV3,low,2,11.925000,853,12.50,13,13
2026-09-07 22:42:20+00,2026-09-07 22:42:30+00,BBDC4,low,1,13.850000,916,13.00,13,13
2026-09-07 22:42:20+00,2026-09-07 22:42:30+00,BOVA11,low,5,125.268000,2505,12.60,14,14
2026-09-07 22:42:20+00,2026-09-07 22:42:30+00,BTC-USD,low,2,64338.305000,955,14.00,16,16
2026-09-07 22:42:20+00,2026-09-07 22:42:30+00,ITUB4,low,2,33.870000,771,13.00,14,14
2026-09-07 22:42:20+00,2026-09-07 22:42:30+00,MGLU3,low,3,2.020000,1360,12.67,13,13
2026-09-07 22:42:20+00,2026-09-07 22:42:30+00,MSFT,low,3,419.666667,1177,12.67,13,13
2026-09-07 22:42:20+00,2026-09-07 22:42:30+00,PETR4,low,1,38.310000,67,14.00,14,14
2026-09-07 22:42:20+00,2026-09-07 22:42:30+00,VALE3,low,1,61.500000,980,12.00,12,12
2026-09-07 22:43:10+00,2026-09-07 22:43:20+00,AAPL,medium,23,169.990870,12429,10.35,20,29
2026-09-07 22:43:10+00,2026-09-07 22:43:20+00,ABEV3,medium,23,12.029565,11162,9.43,15,34
2026-09-07 22:43:10+00,2026-09-07 22:43:20+00,BBDC4,medium,31,14.011613,16171,9.87,28,47
2026-09-07 22:43:10+00,2026-09-07 22:43:20+00,BOVA11,medium,30,125.217000,14915,8.13,13,14
2026-09-07 22:43:10+00,2026-09-07 22:43:20+00,BTC-USD,medium,41,64848.245610,18925,7.61,13,38
2026-09-07 22:43:10+00,2026-09-07 22:43:20+00,ITUB4,medium,45,33.996889,22250,6.82,14,14
2026-09-07 22:43:10+00,2026-09-07 22:43:20+00,MGLU3,medium,24,1.999167,12248,7.04,13,24
2026-09-07 22:43:10+00,2026-09-07 22:43:20+00,MSFT,medium,30,420.494333,16494,7.90,13,13
2026-09-07 22:43:10+00,2026-09-07 22:43:20+00,PETR4,medium,27,38.085185,13864,9.22,13,49
2026-09-07 22:43:10+00,2026-09-07 22:43:20+00,VALE3,medium,34,62.054706,16704,7.79,15,17
2026-09-07 22:43:20+00,2026-09-07 22:43:30+00,AAPL,medium,92,170.015217,44477,6.92,13,32
2026-09-07 22:43:20+00,2026-09-07 22:43:30+00,ABEV3,medium,90,12.001778,50463,10.59,32,55
2026-09-07 22:43:20+00,2026-09-07 22:43:30+00,BBDC4,medium,92,14.004565,42777,9.02,14,58
2026-09-07 22:43:20+00,2026-09-07 22:43:30+00,BOVA11,medium,102,125.019216,55937,8.48,13,65
2026-09-07 22:43:20+00,2026-09-07 22:43:30+00,BTC-USD,medium,102,64995.130686,55212,8.65,17,48
2026-09-07 22:43:20+00,2026-09-07 22:43:30+00,ITUB4,medium,101,33.977822,48279,7.69,13,15
2026-09-07 22:43:20+00,2026-09-07 22:43:30+00,MGLU3,medium,104,2.001923,51230,8.26,13,28
2026-09-07 22:43:20+00,2026-09-07 22:43:30+00,MSFT,medium,102,420.457941,51757,7.82,13,25
2026-09-07 22:43:20+00,2026-09-07 22:43:30+00,PETR4,medium,112,38.028304,52792,8.35,13,48
2026-09-07 22:43:20+00,2026-09-07 22:43:30+00,VALE3,medium,106,62.040189,51172,6.78,13,13
2026-09-07 22:43:30+00,2026-09-07 22:43:40+00,AAPL,medium,97,170.027835,46946,8.00,13,29
2026-09-07 22:43:30+00,2026-09-07 22:43:40+00,ABEV3,medium,103,12.005243,51751,9.03,13,60
2026-09-07 22:43:30+00,2026-09-07 22:43:40+00,BBDC4,medium,99,13.985859,51157,8.48,13,59
2026-09-07 22:43:30+00,2026-09-07 22:43:40+00,BOVA11,medium,103,124.928058,51058,8.64,13,50
2026-09-07 22:43:30+00,2026-09-07 22:43:40+00,BTC-USD,medium,92,65021.702391,47880,9.29,13,47
2026-09-07 22:43:30+00,2026-09-07 22:43:40+00,ITUB4,medium,97,33.987113,48966,7.30,13,14
2026-09-07 22:43:30+00,2026-09-07 22:43:40+00,MGLU3,medium,85,1.999529,47467,8.51,13,60
2026-09-07 22:43:30+00,2026-09-07 22:43:40+00,MSFT,medium,109,419.729358,55452,7.86,13,40
2026-09-07 22:43:30+00,2026-09-07 22:43:40+00,PETR4,medium,104,37.964423,50978,7.98,19,30
2026-09-07 22:43:30+00,2026-09-07 22:43:40+00,VALE3,medium,105,62.011429,49630,6.92,13,16
2026-09-07 22:43:40+00,2026-09-07 22:43:50+00,AAPL,medium,107,170.004393,53309,8.75,13,47
2026-09-07 22:43:40+00,2026-09-07 22:43:50+00,ABEV3,medium,101,12.002376,50912,8.95,17,56
2026-09-07 22:43:40+00,2026-09-07 22:43:50+00,BBDC4,medium,97,14.005979,40496,8.43,13,49
2026-09-07 22:43:40+00,2026-09-07 22:43:50+00,BOVA11,medium,95,124.759053,43888,8.97,15,66
2026-09-07 22:43:40+00,2026-09-07 22:43:50+00,BTC-USD,medium,112,65005.078304,55296,10.07,27,63
2026-09-07 22:43:40+00,2026-09-07 22:43:50+00,ITUB4,medium,86,33.973953,40157,7.33,13,38
2026-09-07 22:43:40+00,2026-09-07 22:43:50+00,MGLU3,medium,112,2.001071,59727,8.97,19,69
2026-09-07 22:43:40+00,2026-09-07 22:43:50+00,MSFT,medium,94,420.452340,47667,8.57,14,57
2026-09-07 22:43:40+00,2026-09-07 22:43:50+00,PETR4,medium,97,37.985773,50686,9.51,14,67
2026-09-07 22:43:40+00,2026-09-07 22:43:50+00,VALE3,medium,99,61.941818,49606,7.34,13,23
2026-09-07 22:43:50+00,2026-09-07 22:44:00+00,AAPL,medium,102,170.245490,47870,7.05,13,17
2026-09-07 22:43:50+00,2026-09-07 22:44:00+00,ABEV3,medium,95,12.019158,55419,9.20,14,52
2026-09-07 22:43:50+00,2026-09-07 22:44:00+00,BBDC4,medium,101,13.991386,53913,9.07,15,62
2026-09-07 22:43:50+00,2026-09-07 22:44:00+00,BOVA11,medium,100,125.155200,52827,7.83,13,42
2026-09-07 22:43:50+00,2026-09-07 22:44:00+00,BTC-USD,medium,112,64984.084464,54832,6.58,13,17
2026-09-07 22:43:50+00,2026-09-07 22:44:00+00,ITUB4,medium,102,34.015882,47045,7.61,13,14
2026-09-07 22:43:50+00,2026-09-07 22:44:00+00,MGLU3,medium,91,2.002527,46477,7.42,13,42
2026-09-07 22:43:50+00,2026-09-07 22:44:00+00,MSFT,medium,107,420.011402,48474,7.78,13,38
2026-09-07 22:43:50+00,2026-09-07 22:44:00+00,PETR4,medium,101,38.007030,53067,8.93,14,33
2026-09-07 22:43:50+00,2026-09-07 22:44:00+00,VALE3,medium,93,62.066774,49046,7.38,13,41
2026-09-07 22:44:00+00,2026-09-07 22:44:10+00,AAPL,medium,113,170.034071,55596,7.68,13,49
2026-09-07 22:44:00+00,2026-09-07 22:44:10+00,ABEV3,medium,92,12.023152,45124,7.99,14,20
2026-09-07 22:44:00+00,2026-09-07 22:44:10+00,BBDC4,medium,113,13.987788,59480,8.39,13,43
2026-09-07 22:44:00+00,2026-09-07 22:44:10+00,BOVA11,medium,100,125.044300,48333,7.24,13,33
2026-09-07 22:44:00+00,2026-09-07 22:44:10+00,BTC-USD,medium,93,64981.492043,50211,8.70,13,39
2026-09-07 22:44:00+00,2026-09-07 22:44:10+00,ITUB4,medium,110,34.005636,52406,7.51,13,13
2026-09-07 22:44:00+00,2026-09-07 22:44:10+00,MGLU3,medium,93,1.999677,49702,7.34,13,13
2026-09-07 22:44:00+00,2026-09-07 22:44:10+00,MSFT,medium,98,419.923265,51390,7.99,16,38
2026-09-07 22:44:00+00,2026-09-07 22:44:10+00,PETR4,medium,100,38.017500,49735,7.66,14,30
2026-09-07 22:44:00+00,2026-09-07 22:44:10+00,VALE3,medium,90,61.979556,43780,6.80,13,14
2026-09-07 22:44:10+00,2026-09-07 22:44:20+00,AAPL,medium,104,169.907308,47753,7.86,13,37
2026-09-07 22:44:10+00,2026-09-07 22:44:20+00,ABEV3,medium,108,11.988611,59052,8.19,13,43
2026-09-07 22:44:10+00,2026-09-07 22:44:20+00,BBDC4,medium,97,14.002990,49649,7.26,13,27
2026-09-07 22:44:10+00,2026-09-07 22:44:20+00,BOVA11,medium,97,125.119588,51456,7.35,13,25
2026-09-07 22:44:10+00,2026-09-07 22:44:20+00,BTC-USD,medium,103,65070.520680,45060,6.95,13,41
2026-09-07 22:44:10+00,2026-09-07 22:44:20+00,ITUB4,medium,82,33.956220,45242,7.30,13,15
2026-09-07 22:44:10+00,2026-09-07 22:44:20+00,MGLU3,medium,111,1.999099,53019,8.13,13,39
2026-09-07 22:44:10+00,2026-09-07 22:44:20+00,MSFT,medium,94,420.023830,48983,8.63,17,38
2026-09-07 22:44:10+00,2026-09-07 22:44:20+00,PETR4,medium,89,37.992584,44674,8.20,13,26
2026-09-07 22:44:10+00,2026-09-07 22:44:20+00,VALE3,medium,109,62.034128,54837,7.63,13,13
2026-09-07 22:44:20+00,2026-09-07 22:44:30+00,AAPL,medium,107,170.155888,49916,7.31,13,13
2026-09-07 22:44:20+00,2026-09-07 22:44:30+00,ABEV3,medium,114,12.003421,58649,8.31,22,49
2026-09-07 22:44:20+00,2026-09-07 22:44:30+00,BBDC4,medium,107,14.006729,56295,6.92,13,24
2026-09-07 22:44:20+00,2026-09-07 22:44:30+00,BOVA11,medium,95,124.964421,47898,8.31,13,44
2026-09-07 22:44:20+00,2026-09-07 22:44:30+00,BTC-USD,medium,101,65001.899802,52757,8.13,13,22
2026-09-07 22:44:20+00,2026-09-07 22:44:30+00,ITUB4,medium,99,34.028283,53989,7.93,13,14
2026-09-07 22:44:20+00,2026-09-07 22:44:30+00,MGLU3,medium,80,1.999000,40874,8.21,13,34
2026-09-07 22:44:20+00,2026-09-07 22:44:30+00,MSFT,medium,105,420.132000,51717,6.27,12,13
2026-09-07 22:44:20+00,2026-09-07 22:44:30+00,PETR4,medium,97,37.996495,49793,7.59,13,44
2026-09-07 22:44:20+00,2026-09-07 22:44:30+00,VALE3,medium,99,62.024343,46668,7.24,13,14
2026-09-07 22:44:30+00,2026-09-07 22:44:40+00,AAPL,medium,106,169.978585,54691,7.86,13,48
2026-09-07 22:44:30+00,2026-09-07 22:44:40+00,ABEV3,medium,98,11.999490,46666,7.67,13,31
2026-09-07 22:44:30+00,2026-09-07 22:44:40+00,BBDC4,medium,91,14.002527,49238,8.25,12,41
2026-09-07 22:44:30+00,2026-09-07 22:44:40+00,BOVA11,medium,103,124.948155,48804,8.17,13,53
2026-09-07 22:44:30+00,2026-09-07 22:44:40+00,BTC-USD,medium,105,65072.584000,53863,8.83,14,58
2026-09-07 22:44:30+00,2026-09-07 22:44:40+00,ITUB4,medium,98,34.032551,46595,6.36,12,17
2026-09-07 22:44:30+00,2026-09-07 22:44:40+00,MGLU3,medium,104,1.997596,52602,6.84,13,43
2026-09-07 22:44:30+00,2026-09-07 22:44:40+00,MSFT,medium,89,419.896966,50018,8.75,18,36
2026-09-07 22:44:30+00,2026-09-07 22:44:40+00,PETR4,medium,87,38.026207,39057,7.15,12,15
2026-09-07 22:44:30+00,2026-09-07 22:44:40+00,VALE3,medium,119,61.984202,62169,7.40,12,16
2026-09-07 22:44:40+00,2026-09-07 22:44:50+00,AAPL,medium,101,170.097624,48072,7.33,13,32
2026-09-07 22:44:40+00,2026-09-07 22:44:50+00,ABEV3,medium,109,12.001376,57357,7.87,12,24
2026-09-07 22:44:40+00,2026-09-07 22:44:50+00,BBDC4,medium,98,13.996939,45604,7.81,14,35
2026-09-07 22:44:40+00,2026-09-07 22:44:50+00,BOVA11,medium,96,125.111458,46744,7.09,13,29
2026-09-07 22:44:40+00,2026-09-07 22:44:50+00,BTC-USD,medium,105,65081.325905,49646,7.17,12,19
2026-09-07 22:44:40+00,2026-09-07 22:44:50+00,ITUB4,medium,92,33.956196,46926,7.42,12,13
2026-09-07 22:44:40+00,2026-09-07 22:44:50+00,MGLU3,medium,82,2.002317,41999,7.18,12,42
2026-09-07 22:44:40+00,2026-09-07 22:44:50+00,MSFT,medium,99,419.724545,48141,7.26,12,34
2026-09-07 22:44:40+00,2026-09-07 22:44:50+00,PETR4,medium,119,37.973193,55341,8.40,14,52
2026-09-07 22:44:40+00,2026-09-07 22:44:50+00,VALE3,medium,100,62.006000,50058,7.35,12,14
2026-09-07 22:44:50+00,2026-09-07 22:45:00+00,AAPL,medium,96,169.829479,44452,26.88,191,350
2026-09-07 22:44:50+00,2026-09-07 22:45:00+00,ABEV3,medium,100,12.019100,49287,33.68,177,529
2026-09-07 22:44:50+00,2026-09-07 22:45:00+00,BBDC4,medium,110,13.998545,48225,15.97,27,508
2026-09-07 22:44:50+00,2026-09-07 22:45:00+00,BOVA11,medium,106,124.886415,55598,15.89,38,450
2026-09-07 22:44:50+00,2026-09-07 22:45:00+00,BTC-USD,medium,100,65101.577100,50300,24.94,117,479
2026-09-07 22:44:50+00,2026-09-07 22:45:00+00,ITUB4,medium,84,33.969048,43257,34.80,285,503
2026-09-07 22:44:50+00,2026-09-07 22:45:00+00,MGLU3,medium,110,1.998455,53529,30.45,231,549
2026-09-07 22:44:50+00,2026-09-07 22:45:00+00,MSFT,medium,92,420.183696,43773,25.13,161,460
2026-09-07 22:44:50+00,2026-09-07 22:45:00+00,PETR4,medium,96,37.992396,52014,21.34,56,390
2026-09-07 22:44:50+00,2026-09-07 22:45:00+00,VALE3,medium,102,62.054118,48726,23.79,87,563
2026-09-07 22:45:00+00,2026-09-07 22:45:10+00,AAPL,medium,88,169.942955,45602,9.00,13,70
2026-09-07 22:45:00+00,2026-09-07 22:45:10+00,ABEV3,medium,116,12.009569,56024,8.48,13,139
2026-09-07 22:45:00+00,2026-09-07 22:45:10+00,BBDC4,medium,100,14.012600,54351,10.13,14,149
2026-09-07 22:45:00+00,2026-09-07 22:45:10+00,BOVA11,medium,95,125.004842,41989,8.53,12,99
2026-09-07 22:45:00+00,2026-09-07 22:45:10+00,BTC-USD,medium,114,64974.692719,60971,9.27,21,129
2026-09-07 22:45:00+00,2026-09-07 22:45:10+00,ITUB4,medium,101,34.002673,48772,8.92,12,124
2026-09-07 22:45:00+00,2026-09-07 22:45:10+00,MGLU3,medium,91,2.002198,48136,8.19,13,106
2026-09-07 22:45:00+00,2026-09-07 22:45:10+00,MSFT,medium,103,419.735534,47743,10.51,27,119
2026-09-07 22:45:00+00,2026-09-07 22:45:10+00,PETR4,medium,99,38.025152,43837,10.99,42,116
2026-09-07 22:45:00+00,2026-09-07 22:45:10+00,VALE3,medium,93,62.023656,47186,10.75,13,115
2026-09-07 22:45:10+00,2026-09-07 22:45:20+00,AAPL,medium,98,170.013980,48171,6.86,12,31
2026-09-07 22:45:10+00,2026-09-07 22:45:20+00,ABEV3,medium,93,11.987957,49265,7.53,12,41
2026-09-07 22:45:10+00,2026-09-07 22:45:20+00,BBDC4,medium,98,13.979694,49160,6.44,12,35
2026-09-07 22:45:10+00,2026-09-07 22:45:20+00,BOVA11,medium,113,124.906549,57624,8.77,13,51
2026-09-07 22:45:10+00,2026-09-07 22:45:20+00,BTC-USD,medium,85,65090.120353,41715,8.24,12,34
2026-09-07 22:45:10+00,2026-09-07 22:45:20+00,ITUB4,medium,90,34.017222,44298,6.73,12,15
2026-09-07 22:45:10+00,2026-09-07 22:45:20+00,MGLU3,medium,103,2.000291,54301,8.10,12,54
2026-09-07 22:45:10+00,2026-09-07 22:45:20+00,MSFT,medium,118,419.883475,58617,8.47,12,45
2026-09-07 22:45:10+00,2026-09-07 22:45:20+00,PETR4,medium,98,38.056122,50829,8.92,16,75
2026-09-07 22:45:10+00,2026-09-07 22:45:20+00,VALE3,medium,107,61.978411,54560,6.75,12,32
2026-09-07 22:45:20+00,2026-09-07 22:45:30+00,AAPL,medium,84,169.991071,44411,8.30,12,59
2026-09-07 22:45:20+00,2026-09-07 22:45:30+00,ABEV3,medium,104,12.004712,51372,7.99,13,53
2026-09-07 22:45:20+00,2026-09-07 22:45:30+00,BBDC4,medium,107,13.993551,52909,7.46,17,46
2026-09-07 22:45:20+00,2026-09-07 22:45:30+00,BOVA11,medium,85,125.035059,40398,6.98,12,12
2026-09-07 22:45:20+00,2026-09-07 22:45:30+00,BTC-USD,medium,93,64924.761183,48640,7.51,12,63
2026-09-07 22:45:20+00,2026-09-07 22:45:30+00,ITUB4,medium,106,33.961038,52382,6.22,12,13
2026-09-07 22:45:20+00,2026-09-07 22:45:30+00,MGLU3,medium,106,1.997453,52071,8.11,12,39
2026-09-07 22:45:20+00,2026-09-07 22:45:30+00,MSFT,medium,109,419.695505,54585,7.87,13,47
2026-09-07 22:45:20+00,2026-09-07 22:45:30+00,PETR4,medium,101,38.004851,53561,8.65,12,55
2026-09-07 22:45:20+00,2026-09-07 22:45:30+00,VALE3,medium,107,61.981682,50883,6.10,12,12
2026-09-07 22:45:30+00,2026-09-07 22:45:40+00,AAPL,medium,98,169.957653,51913,8.33,12,48
2026-09-07 22:45:30+00,2026-09-07 22:45:40+00,ABEV3,medium,101,12.010297,50849,9.79,14,80
2026-09-07 22:45:30+00,2026-09-07 22:45:40+00,BBDC4,medium,110,13.978818,50120,8.75,12,70
2026-09-07 22:45:30+00,2026-09-07 22:45:40+00,BOVA11,medium,98,125.009796,53343,8.13,30,51
2026-09-07 22:45:30+00,2026-09-07 22:45:40+00,BTC-USD,medium,83,64979.461325,39857,8.01,12,70
2026-09-07 22:45:30+00,2026-09-07 22:45:40+00,ITUB4,medium,106,33.993491,58229,6.58,12,17
2026-09-07 22:45:30+00,2026-09-07 22:45:40+00,MGLU3,medium,83,2.002048,38612,8.64,17,55
2026-09-07 22:45:30+00,2026-09-07 22:45:40+00,MSFT,medium,79,419.756329,40391,8.09,13,60
2026-09-07 22:45:30+00,2026-09-07 22:45:40+00,PETR4,medium,131,37.995725,66945,9.73,40,68
2026-09-07 22:45:30+00,2026-09-07 22:45:40+00,VALE3,medium,104,62.030385,46679,7.38,13,36
2026-09-07 22:45:40+00,2026-09-07 22:45:50+00,AAPL,medium,106,169.893396,50570,8.21,12,58
2026-09-07 22:45:40+00,2026-09-07 22:45:50+00,ABEV3,medium,103,11.991165,54885,7.73,12,86
2026-09-07 22:45:40+00,2026-09-07 22:45:50+00,BBDC4,medium,100,13.991000,51140,7.77,12,56
2026-09-07 22:45:40+00,2026-09-07 22:45:50+00,BOVA11,medium,103,125.058350,47525,6.49,14,47
2026-09-07 22:45:40+00,2026-09-07 22:45:50+00,BTC-USD,medium,99,64957.423333,48379,9.40,29,76
2026-09-07 22:45:40+00,2026-09-07 22:45:50+00,ITUB4,medium,105,34.012000,50049,7.77,12,47
2026-09-07 22:45:40+00,2026-09-07 22:45:50+00,MGLU3,medium,97,2.000309,48407,7.04,13,18
2026-09-07 22:45:40+00,2026-09-07 22:45:50+00,MSFT,medium,90,420.011444,40910,8.37,12,36
2026-09-07 22:45:40+00,2026-09-07 22:45:50+00,PETR4,medium,105,38.059810,54914,7.64,12,56
2026-09-07 22:45:40+00,2026-09-07 22:45:50+00,VALE3,medium,95,62.108105,48479,7.29,13,38
2026-09-07 22:45:50+00,2026-09-07 22:46:00+00,AAPL,medium,94,170.161277,48426,8.36,13,61
2026-09-07 22:45:50+00,2026-09-07 22:46:00+00,ABEV3,medium,102,11.993235,54634,7.68,13,71
2026-09-07 22:45:50+00,2026-09-07 22:46:00+00,BBDC4,medium,87,14.005057,46066,12.62,68,97
2026-09-07 22:45:50+00,2026-09-07 22:46:00+00,BOVA11,medium,111,125.094144,59546,9.02,25,60
2026-09-07 22:45:50+00,2026-09-07 22:46:00+00,BTC-USD,medium,91,65137.692527,45245,9.30,18,87
2026-09-07 22:45:50+00,2026-09-07 22:46:00+00,ITUB4,medium,86,33.971628,46248,6.42,13,31
2026-09-07 22:45:50+00,2026-09-07 22:46:00+00,MGLU3,medium,113,2.000796,52217,7.95,13,28
2026-09-07 22:45:50+00,2026-09-07 22:46:00+00,MSFT,medium,100,419.146700,49497,7.46,13,51
2026-09-07 22:45:50+00,2026-09-07 22:46:00+00,PETR4,medium,113,37.988319,50296,10.27,31,81
2026-09-07 22:45:50+00,2026-09-07 22:46:00+00,VALE3,medium,106,62.005377,49685,7.28,13,41
2026-09-07 22:46:00+00,2026-09-07 22:46:10+00,AAPL,medium,95,170.012947,52201,8.23,13,67
2026-09-07 22:46:00+00,2026-09-07 22:46:10+00,ABEV3,medium,91,11.993846,43532,6.79,12,15
2026-09-07 22:46:00+00,2026-09-07 22:46:10+00,BBDC4,medium,100,13.997400,49407,7.74,14,57
2026-09-07 22:46:00+00,2026-09-07 22:46:10+00,BOVA11,medium,122,124.899836,64803,8.06,13,77
2026-09-07 22:46:00+00,2026-09-07 22:46:10+00,BTC-USD,medium,95,65046.448105,42159,7.21,13,49
2026-09-07 22:46:00+00,2026-09-07 22:46:10+00,ITUB4,medium,97,33.999588,48016,7.28,12,44
2026-09-07 22:46:00+00,2026-09-07 22:46:10+00,MGLU3,medium,106,2.000660,52699,7.79,12,75
2026-09-07 22:46:00+00,2026-09-07 22:46:10+00,MSFT,medium,91,419.774725,41228,8.18,20,35
2026-09-07 22:46:00+00,2026-09-07 22:46:10+00,PETR4,medium,99,37.994444,54377,7.10,12,18
2026-09-07 22:46:00+00,2026-09-07 22:46:10+00,VALE3,medium,106,62.012736,48595,6.24,12,17
2026-09-07 22:46:10+00,2026-09-07 22:46:20+00,AAPL,medium,92,169.961413,49089,7.27,12,32
2026-09-07 22:46:10+00,2026-09-07 22:46:20+00,ABEV3,medium,82,11.988171,37353,8.39,13,67
2026-09-07 22:46:10+00,2026-09-07 22:46:20+00,BBDC4,medium,120,13.998083,60041,8.72,16,51
2026-09-07 22:46:10+00,2026-09-07 22:46:20+00,BOVA11,medium,95,124.938316,48739,9.29,27,60
2026-09-07 22:46:10+00,2026-09-07 22:46:20+00,BTC-USD,medium,80,65063.698625,45097,10.35,42,80
2026-09-07 22:46:10+00,2026-09-07 22:46:20+00,ITUB4,medium,87,33.970230,38580,7.13,13,28
2026-09-07 22:46:10+00,2026-09-07 22:46:20+00,MGLU3,medium,103,2.000874,51524,7.52,13,66
2026-09-07 22:46:10+00,2026-09-07 22:46:20+00,MSFT,medium,105,419.463238,55893,7.45,12,37
2026-09-07 22:46:10+00,2026-09-07 22:46:20+00,PETR4,medium,103,38.054757,51556,9.08,21,90
2026-09-07 22:46:10+00,2026-09-07 22:46:20+00,VALE3,medium,125,61.979760,64140,6.58,12,22
2026-09-07 22:46:20+00,2026-09-07 22:46:30+00,AAPL,medium,101,169.804455,51740,7.97,13,62
2026-09-07 22:46:20+00,2026-09-07 22:46:30+00,ABEV3,medium,93,11.995699,51098,8.32,13,52
2026-09-07 22:46:20+00,2026-09-07 22:46:30+00,BBDC4,medium,100,13.973200,49876,9.51,24,72
2026-09-07 22:46:20+00,2026-09-07 22:46:30+00,BOVA11,medium,108,125.052593,53222,7.71,13,41
2026-09-07 22:46:20+00,2026-09-07 22:46:30+00,BTC-USD,medium,97,65042.977629,52211,10.12,35,57
2026-09-07 22:46:20+00,2026-09-07 22:46:30+00,ITUB4,medium,96,33.996667,51311,7.43,12,17
2026-09-07 22:46:20+00,2026-09-07 22:46:30+00,MGLU3,medium,114,1.996404,62884,8.11,13,84
2026-09-07 22:46:20+00,2026-09-07 22:46:30+00,MSFT,medium,100,420.303000,48665,10.62,34,92
2026-09-07 22:46:20+00,2026-09-07 22:46:30+00,PETR4,medium,101,38.019406,49060,8.73,13,82
2026-09-07 22:46:20+00,2026-09-07 22:46:30+00,VALE3,medium,92,61.969239,51047,7.74,13,26
2026-09-07 22:46:30+00,2026-09-07 22:46:40+00,AAPL,medium,93,169.842688,42349,8.24,13,64
2026-09-07 22:46:30+00,2026-09-07 22:46:40+00,ABEV3,medium,100,12.022400,51509,9.54,23,74
2026-09-07 22:46:30+00,2026-09-07 22:46:40+00,BBDC4,medium,100,13.981300,49715,11.00,36,87
2026-09-07 22:46:30+00,2026-09-07 22:46:40+00,BOVA11,medium,91,124.958681,46209,8.80,14,57
2026-09-07 22:46:30+00,2026-09-07 22:46:40+00,BTC-USD,medium,105,64979.429238,51027,7.70,13,14
2026-09-07 22:46:30+00,2026-09-07 22:46:40+00,ITUB4,medium,86,33.969070,40735,11.92,38,128
2026-09-07 22:46:30+00,2026-09-07 22:46:40+00,MGLU3,medium,107,2.001495,52841,8.58,13,75
2026-09-07 22:46:30+00,2026-09-07 22:46:40+00,MSFT,medium,101,419.994653,48609,8.54,13,67
2026-09-07 22:46:30+00,2026-09-07 22:46:40+00,PETR4,medium,128,37.998984,62511,7.82,13,53
2026-09-07 22:46:30+00,2026-09-07 22:46:40+00,VALE3,medium,91,61.958132,43933,7.04,13,18
2026-09-07 22:46:40+00,2026-09-07 22:46:50+00,AAPL,medium,107,169.938318,53668,9.77,43,100
2026-09-07 22:46:40+00,2026-09-07 22:46:50+00,ABEV3,medium,85,12.032824,40463,9.44,13,79
2026-09-07 22:46:40+00,2026-09-07 22:46:50+00,BBDC4,medium,104,13.992500,45914,9.94,23,90
2026-09-07 22:46:40+00,2026-09-07 22:46:50+00,BOVA11,medium,107,124.900187,55953,9.53,13,55
2026-09-07 22:46:40+00,2026-09-07 22:46:50+00,BTC-USD,medium,96,64955.289896,48954,9.56,22,92
2026-09-07 22:46:40+00,2026-09-07 22:46:50+00,ITUB4,medium,121,34.011570,59306,7.43,13,37
2026-09-07 22:46:40+00,2026-09-07 22:46:50+00,MGLU3,medium,88,1.999205,39194,10.93,35,65
2026-09-07 22:46:40+00,2026-09-07 22:46:50+00,MSFT,medium,102,420.143922,53762,9.10,13,75
2026-09-07 22:46:40+00,2026-09-07 22:46:50+00,PETR4,medium,89,38.070337,43746,10.98,39,82
2026-09-07 22:46:40+00,2026-09-07 22:46:50+00,VALE3,medium,105,62.026190,52080,6.48,13,19
2026-09-07 22:46:50+00,2026-09-07 22:47:00+00,AAPL,medium,111,169.922072,61689,7.95,13,33
2026-09-07 22:46:50+00,2026-09-07 22:47:00+00,ABEV3,medium,101,12.002673,48530,12.19,53,99
2026-09-07 22:46:50+00,2026-09-07 22:47:00+00,BBDC4,medium,83,14.028193,40637,10.94,37,93
2026-09-07 22:46:50+00,2026-09-07 22:47:00+00,BOVA11,medium,94,124.885745,48753,8.95,23,69
2026-09-07 22:46:50+00,2026-09-07 22:47:00+00,BTC-USD,medium,113,65002.956814,55287,8.58,14,73
2026-09-07 22:46:50+00,2026-09-07 22:47:00+00,ITUB4,medium,102,34.056863,50979,7.12,12,13
2026-09-07 22:46:50+00,2026-09-07 22:47:00+00,MGLU3,medium,105,1.999429,54530,10.97,33,91
2026-09-07 22:46:50+00,2026-09-07 22:47:00+00,MSFT,medium,95,421.026632,46169,8.84,14,57
2026-09-07 22:46:50+00,2026-09-07 22:47:00+00,PETR4,medium,90,38.038889,44315,8.52,13,83
2026-09-07 22:46:50+00,2026-09-07 22:47:00+00,VALE3,medium,101,62.067228,52473,7.96,13,23
2026-09-07 22:47:00+00,2026-09-07 22:47:10+00,AAPL,medium,116,170.141121,63539,9.82,45,73
2026-09-07 22:47:00+00,2026-09-07 22:47:10+00,ABEV3,medium,103,11.991650,50199,8.70,13,75
2026-09-07 22:47:00+00,2026-09-07 22:47:10+00,BBDC4,medium,93,14.011828,45509,8.24,13,55
2026-09-07 22:47:00+00,2026-09-07 22:47:10+00,BOVA11,medium,96,125.005104,44681,7.56,13,92
2026-09-07 22:47:00+00,2026-09-07 22:47:10+00,BTC-USD,medium,88,64961.286364,44567,9.70,24,73
2026-09-07 22:47:00+00,2026-09-07 22:47:10+00,ITUB4,medium,104,33.979615,51561,6.87,13,26
2026-09-07 22:47:00+00,2026-09-07 22:47:10+00,MGLU3,medium,99,1.997677,54663,12.13,63,83
2026-09-07 22:47:00+00,2026-09-07 22:47:10+00,MSFT,medium,109,419.316239,55457,8.85,13,65
2026-09-07 22:47:00+00,2026-09-07 22:47:10+00,PETR4,medium,99,38.045758,48658,9.66,18,83
2026-09-07 22:47:00+00,2026-09-07 22:47:10+00,VALE3,medium,94,61.975213,46384,7.77,12,14
2026-09-07 22:47:10+00,2026-09-07 22:47:20+00,AAPL,medium,96,170.152188,45926,10.46,36,79
2026-09-07 22:47:10+00,2026-09-07 22:47:20+00,ABEV3,medium,102,12.003235,50898,10.71,33,67
2026-09-07 22:47:10+00,2026-09-07 22:47:20+00,BBDC4,medium,101,14.012970,47476,9.21,25,49
2026-09-07 22:47:10+00,2026-09-07 22:47:20+00,BOVA11,medium,99,125.035455,50423,8.61,13,78
2026-09-07 22:47:10+00,2026-09-07 22:47:20+00,BTC-USD,medium,118,65087.025424,59478,10.21,15,88
2026-09-07 22:47:10+00,2026-09-07 22:47:20+00,ITUB4,medium,85,34.012588,41712,6.27,13,13
2026-09-07 22:47:10+00,2026-09-07 22:47:20+00,MGLU3,medium,110,2.002091,55425,7.38,13,87
2026-09-07 22:47:10+00,2026-09-07 22:47:20+00,MSFT,medium,90,420.118333,41478,8.47,13,89
2026-09-07 22:47:10+00,2026-09-07 22:47:20+00,PETR4,medium,96,37.947500,48540,7.80,13,14
2026-09-07 22:47:10+00,2026-09-07 22:47:20+00,VALE3,medium,103,62.000194,47308,6.92,12,14
2026-09-07 22:47:20+00,2026-09-07 22:47:30+00,AAPL,medium,111,169.878108,55127,11.02,39,102
2026-09-07 22:47:20+00,2026-09-07 22:47:30+00,ABEV3,medium,114,12.001491,56527,11.64,52,92
2026-09-07 22:47:20+00,2026-09-07 22:47:30+00,BBDC4,medium,99,14.022626,48651,7.90,14,69
2026-09-07 22:47:20+00,2026-09-07 22:47:30+00,BOVA11,medium,107,124.892710,57910,12.88,69,151
2026-09-07 22:47:20+00,2026-09-07 22:47:30+00,BTC-USD,medium,109,64970.825505,50323,8.75,14,42
2026-09-07 22:47:20+00,2026-09-07 22:47:30+00,ITUB4,medium,89,33.987191,42900,7.92,13,49
2026-09-07 22:47:20+00,2026-09-07 22:47:30+00,MGLU3,medium,85,1.996588,44045,10.46,13,82
2026-09-07 22:47:20+00,2026-09-07 22:47:30+00,MSFT,medium,85,419.770118,39068,11.36,22,89
2026-09-07 22:47:20+00,2026-09-07 22:47:30+00,PETR4,medium,99,38.040505,49062,13.91,69,161
2026-09-07 22:47:20+00,2026-09-07 22:47:30+00,VALE3,medium,105,62.067048,52497,8.44,13,46
2026-09-07 22:47:30+00,2026-09-07 22:47:40+00,AAPL,medium,122,170.106148,61417,8.01,13,32
2026-09-07 22:47:30+00,2026-09-07 22:47:40+00,ABEV3,medium,104,11.998558,50933,7.58,13,45
2026-09-07 22:47:30+00,2026-09-07 22:47:40+00,BBDC4,medium,85,13.999412,37684,7.89,13,16
2026-09-07 22:47:30+00,2026-09-07 22:47:40+00,BOVA11,medium,101,125.060396,53283,8.81,13,45
2026-09-07 22:47:30+00,2026-09-07 22:47:40+00,BTC-USD,medium,92,64925.152174,47516,7.72,13,31
2026-09-07 22:47:30+00,2026-09-07 22:47:40+00,ITUB4,medium,101,34.016931,44910,6.37,12,13
2026-09-07 22:47:30+00,2026-09-07 22:47:40+00,MGLU3,medium,90,2.004889,54521,7.60,13,25
2026-09-07 22:47:30+00,2026-09-07 22:47:40+00,MSFT,medium,100,420.028400,49214,7.71,13,38
2026-09-07 22:47:30+00,2026-09-07 22:47:40+00,PETR4,medium,102,37.933922,51364,7.24,13,35
2026-09-07 22:47:30+00,2026-09-07 22:47:40+00,VALE3,medium,98,61.917959,48155,6.73,13,13
2026-09-07 22:47:40+00,2026-09-07 22:47:50+00,AAPL,medium,107,169.794766,57039,6.96,12,40
2026-09-07 22:47:40+00,2026-09-07 22:47:50+00,ABEV3,medium,93,12.002258,43992,7.82,13,39
2026-09-07 22:47:40+00,2026-09-07 22:47:50+00,BBDC4,medium,85,14.030000,41388,7.15,12,24
2026-09-07 22:47:40+00,2026-09-07 22:47:50+00,BOVA11,medium,94,125.088298,45242,8.46,15,44
2026-09-07 22:47:40+00,2026-09-07 22:47:50+00,BTC-USD,medium,118,64993.496271,57434,8.29,19,48
2026-09-07 22:47:40+00,2026-09-07 22:47:50+00,ITUB4,medium,106,34.037547,54971,6.66,13,15
2026-09-07 22:47:40+00,2026-09-07 22:47:50+00,MGLU3,medium,109,1.999908,55987,7.82,13,14
2026-09-07 22:47:40+00,2026-09-07 22:47:50+00,MSFT,medium,90,419.914222,46774,8.02,13,38
2026-09-07 22:47:40+00,2026-09-07 22:47:50+00,PETR4,medium,109,38.045505,58332,9.17,18,39
2026-09-07 22:47:40+00,2026-09-07 22:47:50+00,VALE3,medium,90,62.046000,41819,6.20,13,14
2026-09-07 22:47:50+00,2026-09-07 22:48:00+00,AAPL,medium,103,169.879806,50344,7.68,14,44
2026-09-07 22:47:50+00,2026-09-07 22:48:00+00,ABEV3,medium,113,11.999292,51530,7.96,13,60
2026-09-07 22:47:50+00,2026-09-07 22:48:00+00,BBDC4,medium,123,13.996179,64245,8.08,13,56
2026-09-07 22:47:50+00,2026-09-07 22:48:00+00,BOVA11,medium,92,124.943696,44703,9.08,13,64
2026-09-07 22:47:50+00,2026-09-07 22:48:00+00,BTC-USD,medium,90,64921.240333,41976,9.11,15,65
2026-09-07 22:47:50+00,2026-09-07 22:48:00+00,ITUB4,medium,89,34.014382,45847,7.69,13,54
2026-09-07 22:47:50+00,2026-09-07 22:48:00+00,MGLU3,medium,98,1.999388,52013,6.68,13,40
2026-09-07 22:47:50+00,2026-09-07 22:48:00+00,MSFT,medium,89,419.851798,46148,8.93,24,54
2026-09-07 22:47:50+00,2026-09-07 22:48:00+00,PETR4,medium,97,37.964021,48585,7.77,13,44
2026-09-07 22:47:50+00,2026-09-07 22:48:00+00,VALE3,medium,110,61.970273,50682,7.06,13,44
2026-09-07 22:48:00+00,2026-09-07 22:48:10+00,AAPL,medium,99,169.798586,54076,7.36,12,30
2026-09-07 22:48:00+00,2026-09-07 22:48:10+00,ABEV3,medium,95,11.991158,47434,7.49,16,45
2026-09-07 22:48:00+00,2026-09-07 22:48:10+00,BBDC4,medium,107,13.994112,52337,8.78,17,46
2026-09-07 22:48:00+00,2026-09-07 22:48:10+00,BOVA11,medium,104,125.142212,50671,9.16,22,41
2026-09-07 22:48:00+00,2026-09-07 22:48:10+00,BTC-USD,medium,97,64978.919175,47867,7.85,14,51
2026-09-07 22:48:00+00,2026-09-07 22:48:10+00,ITUB4,medium,103,33.993689,51545,7.01,12,14
2026-09-07 22:48:00+00,2026-09-07 22:48:10+00,MGLU3,medium,103,2.000097,53488,7.01,14,50
2026-09-07 22:48:00+00,2026-09-07 22:48:10+00,MSFT,medium,96,419.898229,50361,8.26,14,48
2026-09-07 22:48:00+00,2026-09-07 22:48:10+00,PETR4,medium,91,37.998791,44715,6.51,13,40
2026-09-07 22:48:00+00,2026-09-07 22:48:10+00,VALE3,medium,100,62.057700,47266,6.24,12,26
2026-09-07 22:48:10+00,2026-09-07 22:48:20+00,AAPL,medium,107,170.095421,54240,8.72,13,56
2026-09-07 22:48:10+00,2026-09-07 22:48:20+00,ABEV3,medium,109,12.005321,55142,7.84,13,49
2026-09-07 22:48:10+00,2026-09-07 22:48:20+00,BBDC4,medium,115,13.996435,54618,6.96,12,27
2026-09-07 22:48:10+00,2026-09-07 22:48:20+00,BOVA11,medium,95,125.054000,43248,7.56,12,31
2026-09-07 22:48:10+00,2026-09-07 22:48:20+00,BTC-USD,medium,80,64886.424875,41992,7.40,13,69
2026-09-07 22:48:10+00,2026-09-07 22:48:20+00,ITUB4,medium,106,33.988019,51251,5.72,12,13
2026-09-07 22:48:10+00,2026-09-07 22:48:20+00,MGLU3,medium,91,2.000549,44430,7.68,27,47
2026-09-07 22:48:10+00,2026-09-07 22:48:20+00,MSFT,medium,93,420.076559,48536,7.58,16,38
2026-09-07 22:48:10+00,2026-09-07 22:48:20+00,PETR4,medium,98,37.975102,50423,8.35,19,58
2026-09-07 22:48:10+00,2026-09-07 22:48:20+00,VALE3,medium,109,61.980275,54910,7.58,13,20
2026-09-07 22:48:20+00,2026-09-07 22:48:30+00,AAPL,medium,95,170.238211,50081,6.81,13,68
2026-09-07 22:48:20+00,2026-09-07 22:48:30+00,ABEV3,medium,109,11.999541,54157,8.14,13,58
2026-09-07 22:48:20+00,2026-09-07 22:48:30+00,BBDC4,medium,98,14.021122,47901,7.33,12,13
2026-09-07 22:48:20+00,2026-09-07 22:48:30+00,BOVA11,medium,111,125.004955,56918,8.50,13,54
2026-09-07 22:48:20+00,2026-09-07 22:48:30+00,BTC-USD,medium,97,64949.934227,45714,8.10,15,48
2026-09-07 22:48:20+00,2026-09-07 22:48:30+00,ITUB4,medium,80,34.019375,34069,7.53,13,13
2026-09-07 22:48:20+00,2026-09-07 22:48:30+00,MGLU3,medium,101,2.000891,52611,7.15,12,38
2026-09-07 22:48:20+00,2026-09-07 22:48:30+00,MSFT,medium,115,419.985304,57855,8.58,23,58
2026-09-07 22:48:20+00,2026-09-07 22:48:30+00,PETR4,medium,87,38.034598,41478,6.68,13,28
2026-09-07 22:48:20+00,2026-09-07 22:48:30+00,VALE3,medium,106,61.966792,53640,6.77,12,13
2026-09-07 22:48:30+00,2026-09-07 22:48:40+00,AAPL,medium,114,170.163772,59765,9.04,31,68
2026-09-07 22:48:30+00,2026-09-07 22:48:40+00,ABEV3,medium,119,11.990336,60427,8.41,21,58
2026-09-07 22:48:30+00,2026-09-07 22:48:40+00,BBDC4,medium,91,13.994725,45884,7.20,12,38
2026-09-07 22:48:30+00,2026-09-07 22:48:40+00,BOVA11,medium,104,125.044904,52850,8.55,13,61
2026-09-07 22:48:30+00,2026-09-07 22:48:40+00,BTC-USD,medium,104,64957.041538,50132,8.00,13,46
2026-09-07 22:48:30+00,2026-09-07 22:48:40+00,ITUB4,medium,103,33.980291,46980,5.66,12,24
2026-09-07 22:48:30+00,2026-09-07 22:48:40+00,MGLU3,medium,96,2.000000,43801,8.02,16,57
2026-09-07 22:48:30+00,2026-09-07 22:48:40+00,MSFT,medium,79,419.948354,40332,7.97,20,36
2026-09-07 22:48:30+00,2026-09-07 22:48:40+00,PETR4,medium,80,37.978250,38073,8.21,12,73
2026-09-07 22:48:30+00,2026-09-07 22:48:40+00,VALE3,medium,113,62.049115,59570,7.46,12,13
2026-09-07 22:48:40+00,2026-09-07 22:48:50+00,AAPL,medium,90,170.029444,44283,8.16,16,35
2026-09-07 22:48:40+00,2026-09-07 22:48:50+00,ABEV3,medium,103,11.997961,54847,6.97,12,35
2026-09-07 22:48:40+00,2026-09-07 22:48:50+00,BBDC4,medium,78,14.001538,36836,7.51,16,43
2026-09-07 22:48:40+00,2026-09-07 22:48:50+00,BOVA11,medium,108,125.128796,55985,8.33,13,55
2026-09-07 22:48:40+00,2026-09-07 22:48:50+00,BTC-USD,medium,97,64887.755258,48215,6.98,13,28
2026-09-07 22:48:40+00,2026-09-07 22:48:50+00,ITUB4,medium,95,33.987474,46726,6.93,12,22
2026-09-07 22:48:40+00,2026-09-07 22:48:50+00,MGLU3,medium,98,1.998776,50432,7.72,13,42
2026-09-07 22:48:40+00,2026-09-07 22:48:50+00,MSFT,medium,107,420.047570,52943,6.52,12,14
2026-09-07 22:48:40+00,2026-09-07 22:48:50+00,PETR4,medium,114,38.017719,59840,8.24,18,45
2026-09-07 22:48:40+00,2026-09-07 22:48:50+00,VALE3,medium,106,61.889623,54349,6.16,12,13
2026-09-07 22:48:50+00,2026-09-07 22:49:00+00,AAPL,medium,95,170.154842,48482,6.93,12,13
2026-09-07 22:48:50+00,2026-09-07 22:49:00+00,ABEV3,medium,116,11.984483,57827,7.73,12,49
2026-09-07 22:48:50+00,2026-09-07 22:49:00+00,BBDC4,medium,94,14.010106,44178,8.31,13,32
2026-09-07 22:48:50+00,2026-09-07 22:49:00+00,BOVA11,medium,114,124.820351,53340,8.11,13,37
2026-09-07 22:48:50+00,2026-09-07 22:49:00+00,BTC-USD,medium,93,64961.548710,44485,8.89,29,59
2026-09-07 22:48:50+00,2026-09-07 22:49:00+00,ITUB4,medium,103,34.036505,53710,6.86,12,13
2026-09-07 22:48:50+00,2026-09-07 22:49:00+00,MGLU3,medium,91,1.997912,44861,7.99,27,52
2026-09-07 22:48:50+00,2026-09-07 22:49:00+00,MSFT,medium,103,419.996408,55275,8.11,13,57
2026-09-07 22:48:50+00,2026-09-07 22:49:00+00,PETR4,medium,92,37.970652,44897,8.99,19,50
2026-09-07 22:48:50+00,2026-09-07 22:49:00+00,VALE3,medium,100,62.067200,48076,6.99,12,13
2026-09-07 22:49:00+00,2026-09-07 22:49:10+00,AAPL,medium,102,170.149020,48388,8.79,13,52
2026-09-07 22:49:00+00,2026-09-07 22:49:10+00,ABEV3,medium,96,12.000313,49600,8.19,13,42
2026-09-07 22:49:00+00,2026-09-07 22:49:10+00,BBDC4,medium,108,13.991481,50902,7.08,13,42
2026-09-07 22:49:00+00,2026-09-07 22:49:10+00,BOVA11,medium,99,125.170101,49620,7.67,13,51
2026-09-07 22:49:00+00,2026-09-07 22:49:10+00,BTC-USD,medium,113,64946.956549,52177,7.55,13,14
2026-09-07 22:49:00+00,2026-09-07 22:49:10+00,ITUB4,medium,95,33.992316,42099,6.98,13,16
2026-09-07 22:49:00+00,2026-09-07 22:49:10+00,MGLU3,medium,97,1.998144,47591,9.27,22,40
2026-09-07 22:49:00+00,2026-09-07 22:49:10+00,MSFT,medium,94,420.011596,40942,6.72,13,19
2026-09-07 22:49:00+00,2026-09-07 22:49:10+00,PETR4,medium,93,37.987097,43953,8.88,14,50
2026-09-07 22:49:00+00,2026-09-07 22:49:10+00,VALE3,medium,106,62.056981,53518,7.25,13,13
2026-09-07 22:49:10+00,2026-09-07 22:49:20+00,AAPL,medium,106,169.941509,51370,7.12,13,38
2026-09-07 22:49:10+00,2026-09-07 22:49:20+00,ABEV3,medium,92,11.971848,44042,7.61,13,24
2026-09-07 22:49:10+00,2026-09-07 22:49:20+00,BBDC4,medium,86,13.998721,39287,7.86,13,44
2026-09-07 22:49:10+00,2026-09-07 22:49:20+00,BOVA11,medium,104,125.036346,51137,7.46,13,38
2026-09-07 22:49:10+00,2026-09-07 22:49:20+00,BTC-USD,medium,97,64953.866392,48417,8.45,13,45
2026-09-07 22:49:10+00,2026-09-07 22:49:20+00,ITUB4,medium,108,34.023426,46859,9.02,13,29
2026-09-07 22:49:10+00,2026-09-07 22:49:20+00,MGLU3,medium,92,2.001196,50375,8.87,13,48
2026-09-07 22:49:10+00,2026-09-07 22:49:20+00,MSFT,medium,105,420.072095,49441,7.86,13,45
2026-09-07 22:49:10+00,2026-09-07 22:49:20+00,PETR4,medium,105,38.045905,52023,8.21,13,42
2026-09-07 22:49:10+00,2026-09-07 22:49:20+00,VALE3,medium,107,62.049065,53497,7.41,13,16
2026-09-07 22:49:20+00,2026-09-07 22:49:30+00,AAPL,medium,85,169.871059,42494,7.78,14,48
2026-09-07 22:49:20+00,2026-09-07 22:49:30+00,ABEV3,medium,110,11.996818,54731,7.34,13,38
2026-09-07 22:49:20+00,2026-09-07 22:49:30+00,BBDC4,medium,96,14.008958,51136,8.69,13,43
2026-09-07 22:49:20+00,2026-09-07 22:49:30+00,BOVA11,medium,107,124.921495,54220,9.46,13,58
2026-09-07 22:49:20+00,2026-09-07 22:49:30+00,BTC-USD,medium,102,65024.243824,55503,7.82,13,26
2026-09-07 22:49:20+00,2026-09-07 22:49:30+00,ITUB4,medium,100,34.050200,47026,7.46,13,14
2026-09-07 22:49:20+00,2026-09-07 22:49:30+00,MGLU3,medium,96,2.000104,46654,9.27,19,63
2026-09-07 22:49:20+00,2026-09-07 22:49:30+00,MSFT,medium,94,419.851489,44036,7.60,13,45
2026-09-07 22:49:20+00,2026-09-07 22:49:30+00,PETR4,medium,101,38.009307,52162,7.65,13,35
2026-09-07 22:49:20+00,2026-09-07 22:49:30+00,VALE3,medium,101,62.005842,48830,7.00,13,13
2026-09-07 22:49:30+00,2026-09-07 22:49:40+00,AAPL,medium,115,169.965217,55944,8.25,13,51
2026-09-07 22:49:30+00,2026-09-07 22:49:40+00,ABEV3,medium,90,12.011333,44299,8.49,19,42
2026-09-07 22:49:30+00,2026-09-07 22:49:40+00,BBDC4,medium,122,14.007541,54514,7.45,13,18
2026-09-07 22:49:30+00,2026-09-07 22:49:40+00,BOVA11,medium,82,125.140610,41112,8.84,14,38
2026-09-07 22:49:30+00,2026-09-07 22:49:40+00,BTC-USD,medium,100,65026.056500,49089,7.74,13,48
2026-09-07 22:49:30+00,2026-09-07 22:49:40+00,ITUB4,medium,93,33.969140,42874,6.78,13,34
2026-09-07 22:49:30+00,2026-09-07 22:49:40+00,MGLU3,medium,100,2.000900,53576,9.04,13,48
2026-09-07 22:49:30+00,2026-09-07 22:49:40+00,MSFT,medium,102,420.689706,52089,9.08,16,63
2026-09-07 22:49:30+00,2026-09-07 22:49:40+00,PETR4,medium,102,37.994020,48261,8.73,13,58
2026-09-07 22:49:30+00,2026-09-07 22:49:40+00,VALE3,medium,97,62.092887,50666,6.49,13,13
2026-09-07 22:49:40+00,2026-09-07 22:49:50+00,AAPL,medium,98,169.858878,49787,7.33,14,31
2026-09-07 22:49:40+00,2026-09-07 22:49:50+00,ABEV3,medium,114,11.989737,59183,7.80,13,41
2026-09-07 22:49:40+00,2026-09-07 22:49:50+00,BBDC4,medium,112,14.006250,58121,7.96,13,51
2026-09-07 22:49:40+00,2026-09-07 22:49:50+00,BOVA11,medium,106,124.895377,54070,9.07,16,52
2026-09-07 22:49:40+00,2026-09-07 22:49:50+00,BTC-USD,medium,97,65020.958351,49341,8.59,29,41
2026-09-07 22:49:40+00,2026-09-07 22:49:50+00,ITUB4,medium,96,34.052604,46796,6.39,12,13
2026-09-07 22:49:40+00,2026-09-07 22:49:50+00,MGLU3,medium,97,2.001649,47850,8.39,13,39
2026-09-07 22:49:40+00,2026-09-07 22:49:50+00,MSFT,medium,86,419.680349,47008,8.55,13,46
2026-09-07 22:49:40+00,2026-09-07 22:49:50+00,PETR4,medium,102,37.964902,53975,8.08,13,28
2026-09-07 22:49:40+00,2026-09-07 22:49:50+00,VALE3,medium,94,62.080426,48674,7.35,13,23
2026-09-07 22:49:50+00,2026-09-07 22:50:00+00,AAPL,medium,105,169.946286,48373,8.60,14,54
2026-09-07 22:49:50+00,2026-09-07 22:50:00+00,ABEV3,medium,98,11.992143,47383,8.42,21,55
2026-09-07 22:49:50+00,2026-09-07 22:50:00+00,BBDC4,medium,95,14.011158,50231,8.49,13,48
2026-09-07 22:49:50+00,2026-09-07 22:50:00+00,BOVA11,medium,109,124.995413,53395,7.72,13,55
2026-09-07 22:49:50+00,2026-09-07 22:50:00+00,BTC-USD,medium,89,65099.227753,39048,8.37,18,58
2026-09-07 22:49:50+00,2026-09-07 22:50:00+00,ITUB4,medium,101,33.994554,49041,6.94,13,16
2026-09-07 22:49:50+00,2026-09-07 22:50:00+00,MGLU3,medium,107,2.001589,60480,8.51,13,74
2026-09-07 22:49:50+00,2026-09-07 22:50:00+00,MSFT,medium,107,419.363364,52906,7.68,13,45
2026-09-07 22:49:50+00,2026-09-07 22:50:00+00,PETR4,medium,98,38.009082,48353,8.21,13,44
2026-09-07 22:49:50+00,2026-09-07 22:50:00+00,VALE3,medium,86,61.970930,48098,7.86,13,13
2026-09-07 22:50:00+00,2026-09-07 22:50:10+00,AAPL,medium,85,169.671765,42489,10.27,43,54
2026-09-07 22:50:00+00,2026-09-07 22:50:10+00,ABEV3,medium,102,11.997451,46707,7.36,12,44
2026-09-07 22:50:00+00,2026-09-07 22:50:10+00,BBDC4,medium,112,14.000357,56579,7.58,12,52
2026-09-07 22:50:00+00,2026-09-07 22:50:10+00,BOVA11,medium,110,124.872182,51160,6.78,12,32
2026-09-07 22:50:00+00,2026-09-07 22:50:10+00,BTC-USD,medium,101,65054.490891,54647,8.02,12,22
2026-09-07 22:50:00+00,2026-09-07 22:50:10+00,ITUB4,medium,115,34.010000,54144,7.04,13,14
2026-09-07 22:50:00+00,2026-09-07 22:50:10+00,MGLU3,medium,87,1.999310,38757,7.69,12,42
2026-09-07 22:50:00+00,2026-09-07 22:50:10+00,MSFT,medium,93,420.251720,46984,8.51,13,56
2026-09-07 22:50:00+00,2026-09-07 22:50:10+00,PETR4,medium,89,38.005843,42523,8.31,13,62
2026-09-07 22:50:00+00,2026-09-07 22:50:10+00,VALE3,medium,107,62.063364,52494,7.13,12,14
2026-09-07 22:50:10+00,2026-09-07 22:50:20+00,AAPL,medium,92,170.225435,46668,7.82,14,44
2026-09-07 22:50:10+00,2026-09-07 22:50:20+00,ABEV3,medium,90,11.997778,42002,7.62,13,45
2026-09-07 22:50:10+00,2026-09-07 22:50:20+00,BBDC4,medium,112,13.992232,61005,6.88,13,26
2026-09-07 22:50:10+00,2026-09-07 22:50:20+00,BOVA11,medium,99,124.909293,50284,8.71,12,51
2026-09-07 22:50:10+00,2026-09-07 22:50:20+00,BTC-USD,medium,103,64936.687961,49945,7.68,12,46
2026-09-07 22:50:10+00,2026-09-07 22:50:20+00,ITUB4,medium,99,33.971313,45782,6.22,12,13
2026-09-07 22:50:10+00,2026-09-07 22:50:20+00,MGLU3,medium,102,1.997255,48318,7.18,13,54
2026-09-07 22:50:10+00,2026-09-07 22:50:20+00,MSFT,medium,105,419.681714,52436,8.54,16,56
2026-09-07 22:50:10+00,2026-09-07 22:50:20+00,PETR4,medium,105,38.016190,47528,7.36,12,37
2026-09-07 22:50:10+00,2026-09-07 22:50:20+00,VALE3,medium,95,62.054737,45117,7.20,13,13
2026-09-07 22:50:20+00,2026-09-07 22:50:30+00,AAPL,medium,79,170.089494,41146,6.73,13,13
2026-09-07 22:50:20+00,2026-09-07 22:50:30+00,ABEV3,medium,109,11.991927,56268,8.17,13,62
2026-09-07 22:50:20+00,2026-09-07 22:50:30+00,BBDC4,medium,113,14.002478,55902,7.15,12,19
2026-09-07 22:50:20+00,2026-09-07 22:50:30+00,BOVA11,medium,103,124.846505,54165,8.17,13,52
2026-09-07 22:50:20+00,2026-09-07 22:50:30+00,BTC-USD,medium,86,64889.711860,43997,8.90,18,48
2026-09-07 22:50:20+00,2026-09-07 22:50:30+00,ITUB4,medium,95,34.026737,48945,6.56,13,23
2026-09-07 22:50:20+00,2026-09-07 22:50:30+00,MGLU3,medium,95,1.998842,47569,7.49,13,41
2026-09-07 22:50:20+00,2026-09-07 22:50:30+00,MSFT,medium,101,420.130396,50375,7.20,12,13
2026-09-07 22:50:20+00,2026-09-07 22:50:30+00,PETR4,medium,128,37.950391,63785,8.06,13,42
2026-09-07 22:50:20+00,2026-09-07 22:50:30+00,VALE3,medium,93,61.929247,47271,8.84,13,33
2026-09-07 22:50:30+00,2026-09-07 22:50:40+00,AAPL,medium,105,170.004381,55292,8.86,17,57
2026-09-07 22:50:30+00,2026-09-07 22:50:40+00,ABEV3,medium,103,12.010680,49557,9.68,25,63
2026-09-07 22:50:30+00,2026-09-07 22:50:40+00,BBDC4,medium,116,14.003017,59187,8.02,14,65
2026-09-07 22:50:30+00,2026-09-07 22:50:40+00,BOVA11,medium,88,125.248068,44496,12.01,47,75
2026-09-07 22:50:30+00,2026-09-07 22:50:40+00,BTC-USD,medium,110,65082.560091,53367,9.33,40,73
2026-09-07 22:50:30+00,2026-09-07 22:50:40+00,ITUB4,medium,107,34.000654,52530,7.35,13,14
2026-09-07 22:50:30+00,2026-09-07 22:50:40+00,MGLU3,medium,102,1.999608,53513,8.07,13,62
2026-09-07 22:50:30+00,2026-09-07 22:50:40+00,MSFT,medium,86,420.065814,40546,8.50,12,60
2026-09-07 22:50:30+00,2026-09-07 22:50:40+00,PETR4,medium,92,37.966522,44164,8.34,12,51
2026-09-07 22:50:30+00,2026-09-07 22:50:40+00,VALE3,medium,88,62.075000,44651,6.88,13,13
2026-09-07 22:50:40+00,2026-09-07 22:50:50+00,AAPL,medium,91,169.990440,45411,8.07,13,47
2026-09-07 22:50:40+00,2026-09-07 22:50:50+00,ABEV3,medium,88,11.995000,44144,9.39,38,68
2026-09-07 22:50:40+00,2026-09-07 22:50:50+00,BBDC4,medium,93,14.001398,49680,10.08,41,61
2026-09-07 22:50:40+00,2026-09-07 22:50:50+00,BOVA11,medium,109,124.973028,55594,8.10,12,78
2026-09-07 22:50:40+00,2026-09-07 22:50:50+00,BTC-USD,medium,98,65059.591429,48360,9.08,26,65
2026-09-07 22:50:40+00,2026-09-07 22:50:50+00,ITUB4,medium,108,33.957685,54578,7.18,12,26
2026-09-07 22:50:40+00,2026-09-07 22:50:50+00,MGLU3,medium,108,1.998056,54421,7.83,14,67
2026-09-07 22:50:40+00,2026-09-07 22:50:50+00,MSFT,medium,92,419.857283,45254,7.90,21,57
2026-09-07 22:50:40+00,2026-09-07 22:50:50+00,PETR4,medium,97,38.014330,49434,8.75,19,51
2026-09-07 22:50:40+00,2026-09-07 22:50:50+00,VALE3,medium,115,61.945304,63396,7.77,13,13
2026-09-07 22:50:50+00,2026-09-07 22:51:00+00,AAPL,medium,100,169.773800,50508,8.76,13,64
2026-09-07 22:50:50+00,2026-09-07 22:51:00+00,ABEV3,medium,90,12.017000,48447,7.94,12,54
2026-09-07 22:50:50+00,2026-09-07 22:51:00+00,BBDC4,medium,89,14.002697,42404,8.79,15,45
2026-09-07 22:50:50+00,2026-09-07 22:51:00+00,BOVA11,medium,99,125.119596,52929,7.02,13,72
2026-09-07 22:50:50+00,2026-09-07 22:51:00+00,BTC-USD,medium,103,64938.547184,45862,9.77,24,69
2026-09-07 22:50:50+00,2026-09-07 22:51:00+00,ITUB4,medium,92,34.007174,46949,7.85,13,18
2026-09-07 22:50:50+00,2026-09-07 22:51:00+00,MGLU3,medium,113,1.999735,52620,7.51,13,59
2026-09-07 22:50:50+00,2026-09-07 22:51:00+00,MSFT,medium,105,420.141810,49776,8.92,15,54
2026-09-07 22:50:50+00,2026-09-07 22:51:00+00,PETR4,medium,107,37.981121,57057,8.40,15,45
2026-09-07 22:50:50+00,2026-09-07 22:51:00+00,VALE3,medium,106,62.008679,50531,6.88,13,29
2026-09-07 22:51:00+00,2026-09-07 22:51:10+00,AAPL,medium,97,169.919485,48542,8.23,13,33
2026-09-07 22:51:00+00,2026-09-07 22:51:10+00,ABEV3,medium,91,12.005824,47699,7.27,12,33
2026-09-07 22:51:00+00,2026-09-07 22:51:10+00,BBDC4,medium,98,13.998980,44549,6.69,13,23
2026-09-07 22:51:00+00,2026-09-07 22:51:10+00,BOVA11,medium,99,125.057475,49944,8.13,13,32
2026-09-07 22:51:00+00,2026-09-07 22:51:10+00,BTC-USD,medium,100,64992.527500,46817,7.60,14,36
2026-09-07 22:51:00+00,2026-09-07 22:51:10+00,ITUB4,medium,101,34.007228,55683,8.22,13,16
2026-09-07 22:51:00+00,2026-09-07 22:51:10+00,MGLU3,medium,104,1.998750,51676,6.51,12,14
2026-09-07 22:51:00+00,2026-09-07 22:51:10+00,MSFT,medium,100,419.725300,51440,7.14,13,23
2026-09-07 22:51:00+00,2026-09-07 22:51:10+00,PETR4,medium,107,37.966262,51271,6.96,13,14
2026-09-07 22:51:00+00,2026-09-07 22:51:10+00,VALE3,medium,105,62.042095,49893,7.81,13,34
2026-09-07 22:51:10+00,2026-09-07 22:51:20+00,AAPL,medium,115,170.005478,49260,8.69,17,54
2026-09-07 22:51:10+00,2026-09-07 22:51:20+00,ABEV3,medium,70,11.970857,33734,9.06,27,65
2026-09-07 22:51:10+00,2026-09-07 22:51:20+00,BBDC4,medium,106,13.989623,54173,9.30,25,75
2026-09-07 22:51:10+00,2026-09-07 22:51:20+00,BOVA11,medium,102,125.188627,51464,8.30,15,60
2026-09-07 22:51:10+00,2026-09-07 22:51:20+00,BTC-USD,medium,86,64946.565930,38652,9.72,21,70
2026-09-07 22:51:10+00,2026-09-07 22:51:20+00,ITUB4,medium,103,34.028447,51922,7.00,13,28
2026-09-07 22:51:10+00,2026-09-07 22:51:20+00,MGLU3,medium,100,2.000000,51928,10.12,13,55
2026-09-07 22:51:10+00,2026-09-07 22:51:20+00,MSFT,medium,110,420.801818,53694,7.55,13,74
2026-09-07 22:51:10+00,2026-09-07 22:51:20+00,PETR4,medium,94,37.990638,44964,7.51,13,29
2026-09-07 22:51:10+00,2026-09-07 22:51:20+00,VALE3,medium,110,61.979273,50849,6.67,12,14
2026-09-07 22:51:20+00,2026-09-07 22:51:30+00,AAPL,medium,95,170.214632,47282,17.32,104,244
2026-09-07 22:51:20+00,2026-09-07 22:51:30+00,ABEV3,medium,90,11.992556,45531,10.66,13,184
2026-09-07 22:51:20+00,2026-09-07 22:51:30+00,BBDC4,medium,89,14.008202,42618,9.02,13,84
2026-09-07 22:51:20+00,2026-09-07 22:51:30+00,BOVA11,medium,99,124.995354,48609,8.96,15,134
2026-09-07 22:51:20+00,2026-09-07 22:51:30+00,BTC-USD,medium,108,64998.993148,53033,10.70,14,274
2026-09-07 22:51:20+00,2026-09-07 22:51:30+00,ITUB4,medium,93,34.011935,44906,7.18,13,17
2026-09-07 22:51:20+00,2026-09-07 22:51:30+00,MGLU3,medium,113,2.003628,56694,12.81,26,293
2026-09-07 22:51:20+00,2026-09-07 22:51:30+00,MSFT,medium,116,420.102155,58638,13.33,28,303
2026-09-07 22:51:20+00,2026-09-07 22:51:30+00,PETR4,medium,90,37.965444,43163,21.57,114,284
2026-09-07 22:51:20+00,2026-09-07 22:51:30+00,VALE3,medium,108,62.052593,47567,8.78,13,87
2026-09-07 22:51:30+00,2026-09-07 22:51:40+00,AAPL,medium,100,170.121700,49448,8.62,14,37
2026-09-07 22:51:30+00,2026-09-07 22:51:40+00,ABEV3,medium,87,11.994598,42972,8.74,14,66
2026-09-07 22:51:30+00,2026-09-07 22:51:40+00,BBDC4,medium,86,14.003837,43337,8.91,21,42
2026-09-07 22:51:30+00,2026-09-07 22:51:40+00,BOVA11,medium,107,125.070654,53669,7.02,13,47
2026-09-07 22:51:30+00,2026-09-07 22:51:40+00,BTC-USD,medium,102,64997.558824,49718,7.89,13,27
2026-09-07 22:51:30+00,2026-09-07 22:51:40+00,ITUB4,medium,89,33.972697,42160,7.09,13,13
2026-09-07 22:51:30+00,2026-09-07 22:51:40+00,MGLU3,medium,98,2.001327,54915,7.18,13,13
2026-09-07 22:51:30+00,2026-09-07 22:51:40+00,MSFT,medium,107,420.032336,56408,7.71,13,36
2026-09-07 22:51:30+00,2026-09-07 22:51:40+00,PETR4,medium,112,37.980893,58421,7.96,14,44
2026-09-07 22:51:30+00,2026-09-07 22:51:40+00,VALE3,medium,114,62.002456,57009,7.34,13,16
2026-09-07 22:51:40+00,2026-09-07 22:51:50+00,AAPL,medium,105,169.942952,52522,8.69,17,64
2026-09-07 22:51:40+00,2026-09-07 22:51:50+00,ABEV3,medium,100,11.996800,47622,8.43,13,46
2026-09-07 22:51:40+00,2026-09-07 22:51:50+00,BBDC4,medium,89,13.997303,40054,8.25,13,36
2026-09-07 22:51:40+00,2026-09-07 22:51:50+00,BOVA11,medium,88,124.901250,47141,8.07,13,45
2026-09-07 22:51:40+00,2026-09-07 22:51:50+00,BTC-USD,medium,110,65114.680727,56857,8.63,13,60
2026-09-07 22:51:40+00,2026-09-07 22:51:50+00,ITUB4,medium,109,34.054862,53504,6.90,13,13
2026-09-07 22:51:40+00,2026-09-07 22:51:50+00,MGLU3,medium,102,2.000392,52721,8.85,14,50
2026-09-07 22:51:40+00,2026-09-07 22:51:50+00,MSFT,medium,96,419.861875,52403,8.50,13,55
2026-09-07 22:51:40+00,2026-09-07 22:51:50+00,PETR4,medium,102,37.993824,47979,8.17,13,41
2026-09-07 22:51:40+00,2026-09-07 22:51:50+00,VALE3,medium,101,61.888416,47894,7.21,13,15
2026-09-07 22:51:50+00,2026-09-07 22:52:00+00,AAPL,medium,92,169.827826,46840,6.46,13,17
2026-09-07 22:51:50+00,2026-09-07 22:52:00+00,ABEV3,medium,103,11.997379,57494,8.04,13,35
2026-09-07 22:51:50+00,2026-09-07 22:52:00+00,BBDC4,medium,109,13.998257,57283,7.65,13,61
2026-09-07 22:51:50+00,2026-09-07 22:52:00+00,BOVA11,medium,99,124.957071,48796,8.42,13,44
2026-09-07 22:51:50+00,2026-09-07 22:52:00+00,BTC-USD,medium,103,64940.179029,52332,8.07,13,54
2026-09-07 22:51:50+00,2026-09-07 22:52:00+00,ITUB4,medium,93,34.027097,40599,6.81,12,14
2026-09-07 22:51:50+00,2026-09-07 22:52:00+00,MGLU3,medium,98,2.001122,52100,7.93,16,41
2026-09-07 22:51:50+00,2026-09-07 22:52:00+00,MSFT,medium,73,420.040000,37764,9.88,26,43
2026-09-07 22:51:50+00,2026-09-07 22:52:00+00,PETR4,medium,100,37.971800,51599,7.87,13,21
2026-09-07 22:51:50+00,2026-09-07 22:52:00+00,VALE3,medium,126,61.919683,64893,7.22,13,13
2026-09-07 22:52:00+00,2026-09-07 22:52:10+00,AAPL,medium,93,169.882581,41057,8.75,14,45
2026-09-07 22:52:00+00,2026-09-07 22:52:10+00,ABEV3,medium,112,12.002768,54581,8.11,13,58
2026-09-07 22:52:00+00,2026-09-07 22:52:10+00,BBDC4,medium,75,13.999600,40042,9.81,21,45
2026-09-07 22:52:00+00,2026-09-07 22:52:10+00,BOVA11,medium,94,124.800319,44483,9.07,25,49
2026-09-07 22:52:00+00,2026-09-07 22:52:10+00,BTC-USD,medium,93,64983.848065,45412,7.61,18,58
2026-09-07 22:52:00+00,2026-09-07 22:52:10+00,ITUB4,medium,117,33.961453,52472,7.28,13,14
2026-09-07 22:52:00+00,2026-09-07 22:52:10+00,MGLU3,medium,100,1.998800,52711,7.66,13,38
2026-09-07 22:52:00+00,2026-09-07 22:52:10+00,MSFT,medium,104,419.950096,50841,7.69,13,39
2026-09-07 22:52:00+00,2026-09-07 22:52:10+00,PETR4,medium,104,37.962692,53611,7.71,12,35
2026-09-07 22:52:00+00,2026-09-07 22:52:10+00,VALE3,medium,109,62.031651,52199,7.03,13,14
2026-09-07 22:52:10+00,2026-09-07 22:52:20+00,AAPL,medium,112,169.854375,54238,7.63,13,39
2026-09-07 22:52:10+00,2026-09-07 22:52:20+00,ABEV3,medium,96,11.994688,46352,8.02,13,42
2026-09-07 22:52:10+00,2026-09-07 22:52:20+00,BBDC4,medium,96,13.988854,46201,7.11,13,21
2026-09-07 22:52:10+00,2026-09-07 22:52:20+00,BOVA11,medium,89,124.809551,48360,8.42,17,58
2026-09-07 22:52:10+00,2026-09-07 22:52:20+00,BTC-USD,medium,106,65013.033774,55683,9.27,13,49
2026-09-07 22:52:10+00,2026-09-07 22:52:20+00,ITUB4,medium,102,34.015098,47618,7.87,13,25
2026-09-07 22:52:10+00,2026-09-07 22:52:20+00,MGLU3,medium,99,1.999394,47881,6.76,13,27
2026-09-07 22:52:10+00,2026-09-07 22:52:20+00,MSFT,medium,106,419.901132,52938,7.05,12,13
2026-09-07 22:52:10+00,2026-09-07 22:52:20+00,PETR4,medium,90,37.994444,45531,8.41,13,41
2026-09-07 22:52:10+00,2026-09-07 22:52:20+00,VALE3,medium,103,61.970291,56107,7.18,13,15
2026-09-07 22:52:20+00,2026-09-07 22:52:30+00,AAPL,medium,94,170.224255,50212,9.26,22,85
2026-09-07 22:52:20+00,2026-09-07 22:52:30+00,ABEV3,medium,104,12.005769,47155,8.75,26,51
2026-09-07 22:52:20+00,2026-09-07 22:52:30+00,BBDC4,medium,109,13.995046,53336,9.36,16,65
2026-09-07 22:52:20+00,2026-09-07 22:52:30+00,BOVA11,medium,106,124.985755,49987,9.58,13,61
2026-09-07 22:52:20+00,2026-09-07 22:52:30+00,BTC-USD,medium,89,64931.902472,43814,6.48,13,18
2026-09-07 22:52:20+00,2026-09-07 22:52:30+00,ITUB4,medium,93,33.955591,40028,7.61,13,13
2026-09-07 22:52:20+00,2026-09-07 22:52:30+00,MGLU3,medium,102,1.999804,50898,7.77,13,36
2026-09-07 22:52:20+00,2026-09-07 22:52:30+00,MSFT,medium,94,420.487553,45377,8.63,13,41
2026-09-07 22:52:20+00,2026-09-07 22:52:30+00,PETR4,medium,110,37.993545,55137,8.67,13,65
2026-09-07 22:52:20+00,2026-09-07 22:52:30+00,VALE3,medium,96,62.048958,49659,7.10,13,13
2026-09-07 22:52:30+00,2026-09-07 22:52:40+00,AAPL,medium,89,170.014494,47217,7.78,13,75
2026-09-07 22:52:30+00,2026-09-07 22:52:40+00,ABEV3,medium,107,11.994486,52359,8.80,13,76
2026-09-07 22:52:30+00,2026-09-07 22:52:40+00,BBDC4,medium,91,13.996484,44732,8.03,13,37
2026-09-07 22:52:30+00,2026-09-07 22:52:40+00,BOVA11,medium,97,124.933608,50026,6.56,13,26
2026-09-07 22:52:30+00,2026-09-07 22:52:40+00,BTC-USD,medium,104,65017.162212,59210,9.95,18,86
2026-09-07 22:52:30+00,2026-09-07 22:52:40+00,ITUB4,medium,101,33.946139,50949,7.63,13,13
2026-09-07 22:52:30+00,2026-09-07 22:52:40+00,MGLU3,medium,93,2.000860,45610,9.02,17,65
2026-09-07 22:52:30+00,2026-09-07 22:52:40+00,MSFT,medium,107,420.280187,55950,7.94,13,35
2026-09-07 22:52:30+00,2026-09-07 22:52:40+00,PETR4,medium,97,38.000722,46131,8.55,13,36
2026-09-07 22:52:30+00,2026-09-07 22:52:40+00,VALE3,medium,116,62.083362,57524,6.59,13,31
2026-09-07 22:52:40+00,2026-09-07 22:52:50+00,AAPL,medium,100,170.096800,47588,9.32,22,71
2026-09-07 22:52:40+00,2026-09-07 22:52:50+00,ABEV3,medium,96,12.014792,49548,9.72,13,45
2026-09-07 22:52:40+00,2026-09-07 22:52:50+00,BBDC4,medium,93,14.006774,42860,8.15,14,54
2026-09-07 22:52:40+00,2026-09-07 22:52:50+00,BOVA11,medium,93,124.931828,44567,8.62,13,62
2026-09-07 22:52:40+00,2026-09-07 22:52:50+00,BTC-USD,medium,105,65094.922095,55018,8.35,14,51
2026-09-07 22:52:40+00,2026-09-07 22:52:50+00,ITUB4,medium,95,34.002316,42002,7.29,13,17
2026-09-07 22:52:40+00,2026-09-07 22:52:50+00,MGLU3,medium,118,2.000508,61220,8.58,25,61
2026-09-07 22:52:40+00,2026-09-07 22:52:50+00,MSFT,medium,89,419.953258,46337,8.20,13,52
2026-09-07 22:52:40+00,2026-09-07 22:52:50+00,PETR4,medium,105,38.014190,53732,9.20,20,51
2026-09-07 22:52:40+00,2026-09-07 22:52:50+00,VALE3,medium,108,61.987778,61405,6.62,13,16
2026-09-07 22:52:50+00,2026-09-07 22:53:00+00,AAPL,medium,89,170.032022,45946,7.53,13,60
2026-09-07 22:52:50+00,2026-09-07 22:53:00+00,ABEV3,medium,106,12.006132,51925,7.51,13,18
2026-09-07 22:52:50+00,2026-09-07 22:53:00+00,BBDC4,medium,102,14.017451,45394,7.89,13,41
2026-09-07 22:52:50+00,2026-09-07 22:53:00+00,BOVA11,medium,99,125.043535,51134,8.24,13,55
2026-09-07 22:52:50+00,2026-09-07 22:53:00+00,BTC-USD,medium,102,64946.399804,50163,7.41,13,46
2026-09-07 22:52:50+00,2026-09-07 22:53:00+00,ITUB4,medium,92,33.989565,47815,7.32,13,13
2026-09-07 22:52:50+00,2026-09-07 22:53:00+00,MGLU3,medium,88,2.003409,44325,9.19,13,33
2026-09-07 22:52:50+00,2026-09-07 22:53:00+00,MSFT,medium,103,420.007184,49766,8.59,13,70
2026-09-07 22:52:50+00,2026-09-07 22:53:00+00,PETR4,medium,109,37.952477,51072,7.83,13,50
2026-09-07 22:52:50+00,2026-09-07 22:53:00+00,VALE3,medium,114,62.013158,56561,6.49,13,17
2026-09-07 22:53:00+00,2026-09-07 22:53:10+00,AAPL,medium,86,169.525000,38439,7.64,13,43
2026-09-07 22:53:00+00,2026-09-07 22:53:10+00,ABEV3,medium,100,12.007300,53445,6.82,13,31
2026-09-07 22:53:00+00,2026-09-07 22:53:10+00,BBDC4,medium,99,14.015354,46596,10.00,40,67
2026-09-07 22:53:00+00,2026-09-07 22:53:10+00,BOVA11,medium,101,125.047228,48794,7.45,13,70
2026-09-07 22:53:00+00,2026-09-07 22:53:10+00,BTC-USD,medium,113,64941.658584,48827,9.90,22,76
2026-09-07 22:53:00+00,2026-09-07 22:53:10+00,ITUB4,medium,106,33.957736,51778,7.14,13,30
2026-09-07 22:53:00+00,2026-09-07 22:53:10+00,MGLU3,medium,99,1.999899,50994,9.34,20,51
2026-09-07 22:53:00+00,2026-09-07 22:53:10+00,MSFT,medium,86,419.653488,42125,10.72,30,79
2026-09-07 22:53:00+00,2026-09-07 22:53:10+00,PETR4,medium,94,38.026064,48491,8.63,13,61
2026-09-07 22:53:00+00,2026-09-07 22:53:10+00,VALE3,medium,108,62.051296,57641,7.81,13,27
2026-09-07 22:53:10+00,2026-09-07 22:53:20+00,AAPL,medium,68,169.938088,32805,9.72,30,63
2026-09-07 22:53:10+00,2026-09-07 22:53:20+00,ABEV3,medium,71,12.004789,37952,10.06,25,75
2026-09-07 22:53:10+00,2026-09-07 22:53:20+00,BBDC4,medium,74,13.996351,34217,8.61,13,62
2026-09-07 22:53:10+00,2026-09-07 22:53:20+00,BOVA11,medium,63,125.193810,32823,10.54,30,82
2026-09-07 22:53:10+00,2026-09-07 22:53:20+00,BTC-USD,medium,77,64973.719221,34049,8.29,13,50
2026-09-07 22:53:10+00,2026-09-07 22:53:20+00,ITUB4,medium,73,34.009589,34714,7.22,13,25
2026-09-07 22:53:10+00,2026-09-07 22:53:20+00,MGLU3,medium,72,2.001944,36715,8.19,13,40
2026-09-07 22:53:10+00,2026-09-07 22:53:20+00,MSFT,medium,68,419.781912,39263,10.15,34,73
2026-09-07 22:53:10+00,2026-09-07 22:53:20+00,PETR4,medium,73,38.009452,40840,8.68,27,85
2026-09-07 22:53:10+00,2026-09-07 22:53:20+00,VALE3,medium,55,61.962727,25694,8.98,15,26
2026-09-07 22:54:10+00,2026-09-07 22:54:20+00,AAPL,high,725,169.989393,372848,77.80,281,369
2026-09-07 22:54:10+00,2026-09-07 22:54:20+00,ABEV3,high,714,12.003487,362682,75.75,284,355
2026-09-07 22:54:10+00,2026-09-07 22:54:20+00,BBDC4,high,723,14.001674,357015,75.63,270,363
2026-09-07 22:54:10+00,2026-09-07 22:54:20+00,BOVA11,high,721,125.005062,363600,78.62,279,370
2026-09-07 22:54:10+00,2026-09-07 22:54:20+00,BTC-USD,high,753,64977.509934,387897,74.88,282,366
2026-09-07 22:54:10+00,2026-09-07 22:54:20+00,ITUB4,high,737,33.996486,382627,13.75,59,159
2026-09-07 22:54:10+00,2026-09-07 22:54:20+00,MGLU3,high,728,1.999245,355666,75.30,274,353
2026-09-07 22:54:10+00,2026-09-07 22:54:20+00,MSFT,high,717,419.945495,342683,76.58,281,362
2026-09-07 22:54:10+00,2026-09-07 22:54:20+00,PETR4,high,724,38.007983,356674,77.49,276,371
2026-09-07 22:54:10+00,2026-09-07 22:54:20+00,VALE3,high,713,62.031360,365541,12.84,44,145
2026-09-07 22:54:20+00,2026-09-07 22:54:30+00,AAPL,high,1006,169.902147,497327,78.79,276,371
2026-09-07 22:54:20+00,2026-09-07 22:54:30+00,ABEV3,high,1030,12.003641,520756,85.73,287,358
2026-09-07 22:54:20+00,2026-09-07 22:54:30+00,BBDC4,high,1013,13.996407,485987,76.01,267,370
2026-09-07 22:54:20+00,2026-09-07 22:54:30+00,BOVA11,high,1007,124.919067,508819,83.16,278,363
2026-09-07 22:54:20+00,2026-09-07 22:54:30+00,BTC-USD,high,1017,64986.805831,508111,72.69,280,366
2026-09-07 22:54:20+00,2026-09-07 22:54:30+00,ITUB4,high,974,34.020678,505753,19.03,97,214
2026-09-07 22:54:20+00,2026-09-07 22:54:30+00,MGLU3,high,968,1.999876,479913,81.94,283,359
2026-09-07 22:54:20+00,2026-09-07 22:54:30+00,MSFT,high,987,419.965724,492478,77.19,272,371
2026-09-07 22:54:20+00,2026-09-07 22:54:30+00,PETR4,high,992,38.004708,499929,81.71,274,361
2026-09-07 22:54:20+00,2026-09-07 22:54:30+00,VALE3,high,1029,62.018950,510953,17.45,88,211
2026-09-07 22:54:30+00,2026-09-07 22:54:40+00,AAPL,high,974,169.963758,475877,86.56,284,335
2026-09-07 22:54:30+00,2026-09-07 22:54:40+00,ABEV3,high,1016,11.998425,503806,83.40,285,341
2026-09-07 22:54:30+00,2026-09-07 22:54:40+00,BBDC4,high,999,13.999510,491478,81.64,286,343
2026-09-07 22:54:30+00,2026-09-07 22:54:40+00,BOVA11,high,966,125.014275,468278,82.01,276,342
2026-09-07 22:54:30+00,2026-09-07 22:54:40+00,BTC-USD,high,991,64985.531130,508960,81.69,278,331
2026-09-07 22:54:30+00,2026-09-07 22:54:40+00,ITUB4,high,1035,33.998271,512846,14.44,69,151
2026-09-07 22:54:30+00,2026-09-07 22:54:40+00,MGLU3,high,1038,2.000684,516043,81.21,279,344
2026-09-07 22:54:30+00,2026-09-07 22:54:40+00,MSFT,high,1014,420.117742,498520,81.47,281,338
2026-09-07 22:54:30+00,2026-09-07 22:54:40+00,PETR4,high,979,38.005587,483629,81.60,285,330
2026-09-07 22:54:30+00,2026-09-07 22:54:40+00,VALE3,high,1002,61.991976,507868,14.98,71,154
2026-09-07 22:54:40+00,2026-09-07 22:54:50+00,AAPL,high,984,170.038445,497958,75.31,265,347
2026-09-07 22:54:40+00,2026-09-07 22:54:50+00,ABEV3,high,1018,12.002770,523798,72.57,264,349
2026-09-07 22:54:40+00,2026-09-07 22:54:50+00,BBDC4,high,1039,14.002560,506120,76.62,270,342
2026-09-07 22:54:40+00,2026-09-07 22:54:50+00,BOVA11,high,987,125.034863,516497,75.13,270,350
2026-09-07 22:54:40+00,2026-09-07 22:54:50+00,BTC-USD,high,1026,64994.731628,532192,71.62,264,342
2026-09-07 22:54:40+00,2026-09-07 22:54:50+00,ITUB4,high,989,33.994560,519387,14.16,66,150
2026-09-07 22:54:40+00,2026-09-07 22:54:50+00,MGLU3,high,986,2.000345,489951,69.99,265,352
2026-09-07 22:54:40+00,2026-09-07 22:54:50+00,MSFT,high,985,419.906792,494479,72.96,267,329
2026-09-07 22:54:40+00,2026-09-07 22:54:50+00,PETR4,high,1009,38.000109,517849,76.66,265,353
2026-09-07 22:54:40+00,2026-09-07 22:54:50+00,VALE3,high,995,61.995990,491513,14.43,66,151
2026-09-07 22:54:50+00,2026-09-07 22:55:00+00,AAPL,high,1032,170.052975,527659,92.43,300,480
2026-09-07 22:54:50+00,2026-09-07 22:55:00+00,ABEV3,high,984,12.003435,501887,90.73,300,470
2026-09-07 22:54:50+00,2026-09-07 22:55:00+00,BBDC4,high,978,14.003180,491874,91.67,298,487
2026-09-07 22:54:50+00,2026-09-07 22:55:00+00,BOVA11,high,974,124.976561,499088,102.13,313,474
2026-09-07 22:54:50+00,2026-09-07 22:55:00+00,BTC-USD,high,996,64974.661476,495956,90.41,291,484
2026-09-07 22:54:50+00,2026-09-07 22:55:00+00,ITUB4,high,988,34.016680,499607,16.08,77,205
2026-09-07 22:54:50+00,2026-09-07 22:55:00+00,MGLU3,high,1011,2.000870,515058,86.99,294,482
2026-09-07 22:54:50+00,2026-09-07 22:55:00+00,MSFT,high,976,419.877490,500435,82.89,281,484
2026-09-07 22:54:50+00,2026-09-07 22:55:00+00,PETR4,high,979,37.991573,489180,93.38,299,485
2026-09-07 22:54:50+00,2026-09-07 22:55:00+00,VALE3,high,994,62.004487,493362,16.17,79,208
2026-09-07 22:55:00+00,2026-09-07 22:55:10+00,AAPL,high,974,169.980308,471066,57.58,212,272
2026-09-07 22:55:00+00,2026-09-07 22:55:10+00,ABEV3,high,1026,12.001706,509963,48.84,202,287
2026-09-07 22:55:00+00,2026-09-07 22:55:10+00,BBDC4,high,1003,14.001555,506964,53.43,203,286
2026-09-07 22:55:00+00,2026-09-07 22:55:10+00,BOVA11,high,1006,125.027316,492659,50.83,213,286
2026-09-07 22:55:00+00,2026-09-07 22:55:10+00,BTC-USD,high,985,64969.814335,469937,52.39,215,285
2026-09-07 22:55:00+00,2026-09-07 22:55:10+00,ITUB4,high,996,34.009759,486177,13.41,60,116
2026-09-07 22:55:00+00,2026-09-07 22:55:10+00,MGLU3,high,1030,1.999699,520791,54.46,209,280
2026-09-07 22:55:00+00,2026-09-07 22:55:10+00,MSFT,high,961,419.951935,478116,50.36,204,275
2026-09-07 22:55:00+00,2026-09-07 22:55:10+00,PETR4,high,992,38.001593,484021,49.32,200,273
2026-09-07 22:55:00+00,2026-09-07 22:55:10+00,VALE3,high,977,61.970952,485427,13.83,67,119
2026-09-07 22:55:10+00,2026-09-07 22:55:20+00,AAPL,high,1030,169.985709,520395,49.36,200,246
2026-09-07 22:55:10+00,2026-09-07 22:55:20+00,ABEV3,high,939,11.997508,467822,54.97,204,271
2026-09-07 22:55:10+00,2026-09-07 22:55:20+00,BBDC4,high,976,14.002684,485723,54.86,211,284
2026-09-07 22:55:10+00,2026-09-07 22:55:20+00,BOVA11,high,1041,125.027406,511885,50.84,205,273
2026-09-07 22:55:10+00,2026-09-07 22:55:20+00,BTC-USD,high,1071,65017.000906,519071,52.06,202,262
2026-09-07 22:55:10+00,2026-09-07 22:55:20+00,ITUB4,high,1022,33.994051,513084,13.93,63,128
2026-09-07 22:55:10+00,2026-09-07 22:55:20+00,MGLU3,high,1000,2.001150,496395,51.40,203,274
2026-09-07 22:55:10+00,2026-09-07 22:55:20+00,MSFT,high,1025,420.146205,524789,51.10,204,286
2026-09-07 22:55:10+00,2026-09-07 22:55:20+00,PETR4,high,1001,37.988561,517336,51.67,204,285
2026-09-07 22:55:10+00,2026-09-07 22:55:20+00,VALE3,high,989,61.991173,494091,13.55,59,118
2026-09-07 22:55:20+00,2026-09-07 22:55:30+00,AAPL,high,996,169.993183,490148,44.95,191,242
2026-09-07 22:55:20+00,2026-09-07 22:55:30+00,ABEV3,high,967,12.000838,476906,46.20,193,255
2026-09-07 22:55:20+00,2026-09-07 22:55:30+00,BBDC4,high,998,13.993146,493071,48.39,198,256
2026-09-07 22:55:20+00,2026-09-07 22:55:30+00,BOVA11,high,987,124.955532,499227,50.61,195,258
2026-09-07 22:55:20+00,2026-09-07 22:55:30+00,BTC-USD,high,964,65002.914990,485637,50.23,209,257
2026-09-07 22:55:20+00,2026-09-07 22:55:30+00,ITUB4,high,1030,34.023563,520381,11.72,39,112
2026-09-07 22:55:20+00,2026-09-07 22:55:30+00,MGLU3,high,1024,1.999746,521836,47.60,199,235
2026-09-07 22:55:20+00,2026-09-07 22:55:30+00,MSFT,high,999,420.094975,483610,48.52,197,245
2026-09-07 22:55:20+00,2026-09-07 22:55:30+00,PETR4,high,1009,38.002210,501235,45.95,193,250
2026-09-07 22:55:20+00,2026-09-07 22:55:30+00,VALE3,high,1002,62.001467,503353,12.50,50,118
2026-09-07 22:55:30+00,2026-09-07 22:55:40+00,AAPL,high,932,170.020236,472266,50.51,197,246
2026-09-07 22:55:30+00,2026-09-07 22:55:40+00,ABEV3,high,1015,11.997172,506211,46.21,193,243
2026-09-07 22:55:30+00,2026-09-07 22:55:40+00,BBDC4,high,983,14.001302,484158,46.00,199,239
2026-09-07 22:55:30+00,2026-09-07 22:55:40+00,BOVA11,high,987,124.996677,489489,47.70,196,247
2026-09-07 22:55:30+00,2026-09-07 22:55:40+00,BTC-USD,high,1056,64979.355767,533165,49.14,201,243
2026-09-07 22:55:30+00,2026-09-07 22:55:40+00,ITUB4,high,994,34.003481,482201,12.59,54,128
2026-09-07 22:55:30+00,2026-09-07 22:55:40+00,MGLU3,high,1038,1.999894,521474,48.62,198,241
2026-09-07 22:55:30+00,2026-09-07 22:55:40+00,MSFT,high,1019,420.026447,503978,49.90,201,245
2026-09-07 22:55:30+00,2026-09-07 22:55:40+00,PETR4,high,994,38.013068,496519,51.79,205,244
2026-09-07 22:55:30+00,2026-09-07 22:55:40+00,VALE3,high,1049,62.021649,513105,11.85,47,116
2026-09-07 22:55:40+00,2026-09-07 22:55:50+00,AAPL,high,933,169.990740,468592,47.20,201,245
2026-09-07 22:55:40+00,2026-09-07 22:55:50+00,ABEV3,high,954,11.998920,488334,51.03,207,253
2026-09-07 22:55:40+00,2026-09-07 22:55:50+00,BBDC4,high,1088,13.996719,541356,49.80,205,252
2026-09-07 22:55:40+00,2026-09-07 22:55:50+00,BOVA11,high,1043,124.996040,534323,48.70,208,249
2026-09-07 22:55:40+00,2026-09-07 22:55:50+00,BTC-USD,high,971,64981.578517,487953,48.53,196,249
2026-09-07 22:55:40+00,2026-09-07 22:55:50+00,ITUB4,high,974,33.999774,492512,13.04,61,114
2026-09-07 22:55:40+00,2026-09-07 22:55:50+00,MGLU3,high,986,2.000213,479114,47.79,199,250
2026-09-07 22:55:40+00,2026-09-07 22:55:50+00,MSFT,high,998,420.050140,496574,46.35,198,252
2026-09-07 22:55:40+00,2026-09-07 22:55:50+00,PETR4,high,986,38.009260,498605,54.14,205,253
2026-09-07 22:55:40+00,2026-09-07 22:55:50+00,VALE3,high,1010,62.000238,499555,12.01,52,116
2026-09-07 22:55:50+00,2026-09-07 22:56:00+00,AAPL,high,1015,170.010246,511292,55.90,220,279
2026-09-07 22:55:50+00,2026-09-07 22:56:00+00,ABEV3,high,997,11.997442,511546,51.62,216,273
2026-09-07 22:55:50+00,2026-09-07 22:56:00+00,BBDC4,high,1006,13.999165,500604,59.36,223,271
2026-09-07 22:55:50+00,2026-09-07 22:56:00+00,BOVA11,high,991,124.986751,504709,55.29,214,267
2026-09-07 22:55:50+00,2026-09-07 22:56:00+00,BTC-USD,high,992,65024.814859,492790,52.62,210,265
2026-09-07 22:55:50+00,2026-09-07 22:56:00+00,ITUB4,high,1007,34.004211,492741,13.30,62,165
2026-09-07 22:55:50+00,2026-09-07 22:56:00+00,MGLU3,high,1002,1.999481,492832,60.07,218,276
2026-09-07 22:55:50+00,2026-09-07 22:56:00+00,MSFT,high,978,419.979387,481673,52.92,220,280
2026-09-07 22:55:50+00,2026-09-07 22:56:00+00,PETR4,high,1030,38.014010,529568,54.33,220,259
2026-09-07 22:55:50+00,2026-09-07 22:56:00+00,VALE3,high,984,62.009106,494440,15.35,79,169
2026-09-07 22:56:00+00,2026-09-07 22:56:10+00,AAPL,high,1006,170.086292,519314,62.12,236,300
2026-09-07 22:56:00+00,2026-09-07 22:56:10+00,ABEV3,high,1005,12.006458,498068,60.85,227,280
2026-09-07 22:56:00+00,2026-09-07 22:56:10+00,BBDC4,high,1054,13.995740,522208,60.06,228,295
2026-09-07 22:56:00+00,2026-09-07 22:56:10+00,BOVA11,high,953,125.027964,484707,59.81,230,301
2026-09-07 22:56:00+00,2026-09-07 22:56:10+00,BTC-USD,high,1009,64970.813092,510856,57.46,230,298
2026-09-07 22:56:00+00,2026-09-07 22:56:10+00,ITUB4,high,1040,33.992000,528464,16.05,88,135
2026-09-07 22:56:00+00,2026-09-07 22:56:10+00,MGLU3,high,1003,1.999581,504357,60.68,237,299
2026-09-07 22:56:00+00,2026-09-07 22:56:10+00,MSFT,high,962,419.948170,472966,70.02,236,291
2026-09-07 22:56:00+00,2026-09-07 22:56:10+00,PETR4,high,980,37.989296,496339,63.16,235,291
2026-09-07 22:56:00+00,2026-09-07 22:56:10+00,VALE3,high,1011,61.969881,490535,13.70,70,133
2026-09-07 22:56:10+00,2026-09-07 22:56:20+00,AAPL,high,970,170.010969,493018,58.10,221,306
2026-09-07 22:56:10+00,2026-09-07 22:56:20+00,ABEV3,high,989,12.004358,496780,59.27,233,293
2026-09-07 22:56:10+00,2026-09-07 22:56:20+00,BBDC4,high,963,14.001620,482631,62.37,232,302
2026-09-07 22:56:10+00,2026-09-07 22:56:20+00,BOVA11,high,1106,125.047649,559161,56.31,218,300
2026-09-07 22:56:10+00,2026-09-07 22:56:20+00,BTC-USD,high,1029,64983.765753,513324,58.72,226,297
2026-09-07 22:56:10+00,2026-09-07 22:56:20+00,ITUB4,high,984,33.992490,500046,12.52,54,143
2026-09-07 22:56:10+00,2026-09-07 22:56:20+00,MGLU3,high,999,2.000230,496415,62.64,217,291
2026-09-07 22:56:10+00,2026-09-07 22:56:20+00,MSFT,high,968,419.822376,478918,59.10,221,303
2026-09-07 22:56:10+00,2026-09-07 22:56:20+00,PETR4,high,1029,37.991322,510167,60.31,229,305
2026-09-07 22:56:10+00,2026-09-07 22:56:20+00,VALE3,high,979,62.022114,501333,13.23,61,157
2026-09-07 22:56:20+00,2026-09-07 22:56:30+00,AAPL,high,1028,169.923648,517761,63.87,238,333
2026-09-07 22:56:20+00,2026-09-07 22:56:30+00,ABEV3,high,967,12.000228,491465,67.56,251,344
2026-09-07 22:56:20+00,2026-09-07 22:56:30+00,BBDC4,high,995,14.002241,496378,62.56,232,342
2026-09-07 22:56:20+00,2026-09-07 22:56:30+00,BOVA11,high,952,125.032153,469068,66.39,241,335
2026-09-07 22:56:20+00,2026-09-07 22:56:30+00,BTC-USD,high,1015,64979.224709,505276,65.60,248,341
2026-09-07 22:56:20+00,2026-09-07 22:56:30+00,ITUB4,high,1023,33.999521,499699,13.47,63,165
2026-09-07 22:56:20+00,2026-09-07 22:56:30+00,MGLU3,high,975,2.000062,477990,60.84,236,343
2026-09-07 22:56:20+00,2026-09-07 22:56:30+00,MSFT,high,1010,420.089228,508272,67.06,244,324
2026-09-07 22:56:20+00,2026-09-07 22:56:30+00,PETR4,high,1020,38.014127,517114,64.50,234,316
2026-09-07 22:56:20+00,2026-09-07 22:56:30+00,VALE3,high,991,62.012533,508964,13.42,62,166
2026-09-07 22:56:30+00,2026-09-07 22:56:40+00,AAPL,high,1001,169.972258,499304,58.96,229,275
2026-09-07 22:56:30+00,2026-09-07 22:56:40+00,ABEV3,high,1001,12.001988,499600,58.98,226,307
2026-09-07 22:56:30+00,2026-09-07 22:56:40+00,BBDC4,high,988,14.001569,498711,61.91,236,309
2026-09-07 22:56:30+00,2026-09-07 22:56:40+00,BOVA11,high,1008,124.981359,511919,60.91,229,301
2026-09-07 22:56:30+00,2026-09-07 22:56:40+00,BTC-USD,high,928,65009.305808,475355,60.89,233,301
2026-09-07 22:56:30+00,2026-09-07 22:56:40+00,ITUB4,high,1006,33.993191,499146,13.02,58,131
2026-09-07 22:56:30+00,2026-09-07 22:56:40+00,MGLU3,high,1023,2.000489,516743,59.23,226,288
2026-09-07 22:56:30+00,2026-09-07 22:56:40+00,MSFT,high,1010,419.858465,510409,62.03,231,305
2026-09-07 22:56:30+00,2026-09-07 22:56:40+00,PETR4,high,1039,37.989577,509447,62.23,236,304
2026-09-07 22:56:30+00,2026-09-07 22:56:40+00,VALE3,high,991,61.999717,494736,13.86,69,147
2026-09-07 22:56:40+00,2026-09-07 22:56:50+00,AAPL,high,944,170.052765,474664,49.42,206,333
2026-09-07 22:56:40+00,2026-09-07 22:56:50+00,ABEV3,high,1031,11.997527,523064,51.49,205,338
2026-09-07 22:56:40+00,2026-09-07 22:56:50+00,BBDC4,high,1049,14.004995,510542,54.64,214,337
2026-09-07 22:56:40+00,2026-09-07 22:56:50+00,BOVA11,high,961,124.967232,473681,52.25,213,346
2026-09-07 22:56:40+00,2026-09-07 22:56:50+00,BTC-USD,high,949,64970.542771,480307,49.41,206,347
2026-09-07 22:56:40+00,2026-09-07 22:56:50+00,ITUB4,high,1026,34.008860,521969,13.23,63,147
2026-09-07 22:56:40+00,2026-09-07 22:56:50+00,MGLU3,high,960,1.999802,477805,48.34,200,349
2026-09-07 22:56:40+00,2026-09-07 22:56:50+00,MSFT,high,997,420.136740,502712,49.53,207,348
2026-09-07 22:56:40+00,2026-09-07 22:56:50+00,PETR4,high,1011,37.997082,502062,50.34,207,344
2026-09-07 22:56:40+00,2026-09-07 22:56:50+00,VALE3,high,1008,61.994048,505021,13.63,66,144
2026-09-07 22:56:50+00,2026-09-07 22:57:00+00,AAPL,high,1003,170.014307,498688,189.59,902,1317
2026-09-07 22:56:50+00,2026-09-07 22:57:00+00,ABEV3,high,998,11.999990,508019,187.66,925,1321
2026-09-07 22:56:50+00,2026-09-07 22:57:00+00,BBDC4,high,987,14.001824,492012,170.63,903,1306
2026-09-07 22:56:50+00,2026-09-07 22:57:00+00,BOVA11,high,981,124.927105,476231,181.44,954,1308
2026-09-07 22:56:50+00,2026-09-07 22:57:00+00,BTC-USD,high,1014,64987.062623,499565,180.51,918,1305
2026-09-07 22:56:50+00,2026-09-07 22:57:00+00,ITUB4,high,987,33.980375,505737,25.36,122,503
2026-09-07 22:56:50+00,2026-09-07 22:57:00+00,MGLU3,high,990,2.000535,516002,178.84,925,1319
2026-09-07 22:56:50+00,2026-09-07 22:57:00+00,MSFT,high,1006,420.128579,509177,174.04,919,1314
2026-09-07 22:56:50+00,2026-09-07 22:57:00+00,PETR4,high,985,38.006802,490953,188.20,963,1322
2026-09-07 22:56:50+00,2026-09-07 22:57:00+00,VALE3,high,1039,62.016978,526969,26.91,132,490
2026-09-07 22:57:00+00,2026-09-07 22:57:10+00,AAPL,high,981,169.960866,482359,64.70,237,412
2026-09-07 22:57:00+00,2026-09-07 22:57:10+00,ABEV3,high,1009,12.003340,503499,62.03,240,402
2026-09-07 22:57:00+00,2026-09-07 22:57:10+00,BBDC4,high,1019,14.004642,524612,61.35,239,371
2026-09-07 22:57:00+00,2026-09-07 22:57:10+00,BOVA11,high,990,124.981636,506940,65.09,243,414
2026-09-07 22:57:00+00,2026-09-07 22:57:10+00,BTC-USD,high,1041,65024.341422,509550,67.03,239,416
2026-09-07 22:57:00+00,2026-09-07 22:57:10+00,ITUB4,high,1053,33.995233,523951,18.47,93,272
2026-09-07 22:57:00+00,2026-09-07 22:57:10+00,MGLU3,high,1079,1.999639,555865,70.45,255,415
2026-09-07 22:57:00+00,2026-09-07 22:57:10+00,MSFT,high,979,419.979173,498046,56.63,222,406
2026-09-07 22:57:00+00,2026-09-07 22:57:10+00,PETR4,high,957,37.999572,500743,68.31,240,411
2026-09-07 22:57:00+00,2026-09-07 22:57:10+00,VALE3,high,996,62.009197,510078,16.44,79,271
2026-09-07 22:57:10+00,2026-09-07 22:57:20+00,AAPL,high,1002,169.963124,502318,64.80,237,318
2026-09-07 22:57:10+00,2026-09-07 22:57:20+00,ABEV3,high,957,11.997764,469630,57.06,234,327
2026-09-07 22:57:10+00,2026-09-07 22:57:20+00,BBDC4,high,956,13.999174,485570,65.97,239,326
2026-09-07 22:57:10+00,2026-09-07 22:57:20+00,BOVA11,high,1013,125.042004,517551,58.93,233,324
2026-09-07 22:57:10+00,2026-09-07 22:57:20+00,BTC-USD,high,974,65011.285811,477532,61.42,238,308
2026-09-07 22:57:10+00,2026-09-07 22:57:20+00,ITUB4,high,1109,34.003336,551141,14.39,69,145
2026-09-07 22:57:10+00,2026-09-07 22:57:20+00,MGLU3,high,937,1.999658,463243,57.64,232,320
2026-09-07 22:57:10+00,2026-09-07 22:57:20+00,MSFT,high,957,420.011557,482536,61.50,232,322
2026-09-07 22:57:10+00,2026-09-07 22:57:20+00,PETR4,high,972,38.006091,473673,58.65,231,317
2026-09-07 22:57:10+00,2026-09-07 22:57:20+00,VALE3,high,965,62.011244,460019,14.34,71,141
2026-09-07 22:57:20+00,2026-09-07 22:57:30+00,AAPL,high,1008,170.009841,485353,113.22,433,887
2026-09-07 22:57:20+00,2026-09-07 22:57:30+00,ABEV3,high,977,11.997298,489380,108.68,447,894
2026-09-07 22:57:20+00,2026-09-07 22:57:30+00,BBDC4,high,973,14.003114,486083,105.40,479,896
2026-09-07 22:57:20+00,2026-09-07 22:57:30+00,BOVA11,high,1042,124.999568,515885,101.55,412,898
2026-09-07 22:57:20+00,2026-09-07 22:57:30+00,BTC-USD,high,993,65006.979074,492833,111.46,472,897
2026-09-07 22:57:20+00,2026-09-07 22:57:30+00,ITUB4,high,1044,33.994119,510953,14.09,63,120
2026-09-07 22:57:20+00,2026-09-07 22:57:30+00,MGLU3,high,1008,2.000863,499368,112.91,490,887
2026-09-07 22:57:20+00,2026-09-07 22:57:30+00,MSFT,high,986,419.934493,501048,107.93,438,893
2026-09-07 22:57:20+00,2026-09-07 22:57:30+00,PETR4,high,994,37.999930,491487,109.60,455,890
2026-09-07 22:57:20+00,2026-09-07 22:57:30+00,VALE3,high,994,61.975584,511488,14.47,73,130
2026-09-07 22:57:30+00,2026-09-07 22:57:40+00,AAPL,high,1005,169.949592,504625,68.70,244,305
2026-09-07 22:57:30+00,2026-09-07 22:57:40+00,ABEV3,high,1010,12.000129,494361,62.22,238,310
2026-09-07 22:57:30+00,2026-09-07 22:57:40+00,BBDC4,high,1062,13.998183,515542,73.45,245,314
2026-09-07 22:57:30+00,2026-09-07 22:57:40+00,BOVA11,high,993,125.004985,479601,66.53,241,306
2026-09-07 22:57:30+00,2026-09-07 22:57:40+00,BTC-USD,high,1067,65006.753083,551711,68.70,241,314
2026-09-07 22:57:30+00,2026-09-07 22:57:40+00,ITUB4,high,989,33.991689,494332,15.05,71,146
2026-09-07 22:57:30+00,2026-09-07 22:57:40+00,MGLU3,high,946,2.000423,484276,69.03,242,313
2026-09-07 22:57:30+00,2026-09-07 22:57:40+00,MSFT,high,1036,419.877220,514500,67.69,248,316
2026-09-07 22:57:30+00,2026-09-07 22:57:40+00,PETR4,high,929,38.014898,463202,66.50,239,303
2026-09-07 22:57:30+00,2026-09-07 22:57:40+00,VALE3,high,977,62.007912,492107,12.41,47,138
2026-09-07 22:57:40+00,2026-09-07 22:57:50+00,AAPL,high,978,170.013200,476806,69.42,250,325
2026-09-07 22:57:40+00,2026-09-07 22:57:50+00,ABEV3,high,978,11.996912,491339,68.25,246,326
2026-09-07 22:57:40+00,2026-09-07 22:57:50+00,BBDC4,high,1050,13.996686,532502,70.88,248,315
2026-09-07 22:57:40+00,2026-09-07 22:57:50+00,BOVA11,high,1040,124.994808,526987,66.33,248,322
2026-09-07 22:57:40+00,2026-09-07 22:57:50+00,BTC-USD,high,1031,64977.692919,514153,68.99,252,320
2026-09-07 22:57:40+00,2026-09-07 22:57:50+00,ITUB4,high,983,33.982848,492557,12.98,50,124
2026-09-07 22:57:40+00,2026-09-07 22:57:50+00,MGLU3,high,1036,2.000521,519494,63.56,241,312
2026-09-07 22:57:40+00,2026-09-07 22:57:50+00,MSFT,high,1040,420.015106,520448,66.54,245,327
2026-09-07 22:57:40+00,2026-09-07 22:57:50+00,PETR4,high,1008,38.002163,499871,68.48,251,322
2026-09-07 22:57:40+00,2026-09-07 22:57:50+00,VALE3,high,984,61.978963,502150,13.14,56,134
2026-09-07 22:57:50+00,2026-09-07 22:58:00+00,AAPL,high,1001,170.011508,511964,83.22,275,377
2026-09-07 22:57:50+00,2026-09-07 22:58:00+00,ABEV3,high,1024,11.999453,516597,75.55,271,378
2026-09-07 22:57:50+00,2026-09-07 22:58:00+00,BBDC4,high,989,14.000465,490797,74.33,272,381
2026-09-07 22:57:50+00,2026-09-07 22:58:00+00,BOVA11,high,982,124.942811,481625,75.67,268,383
2026-09-07 22:57:50+00,2026-09-07 22:58:00+00,BTC-USD,high,993,65004.873827,507534,78.33,279,385
2026-09-07 22:57:50+00,2026-09-07 22:58:00+00,ITUB4,high,968,33.995733,483803,15.60,84,198
2026-09-07 22:57:50+00,2026-09-07 22:58:00+00,MGLU3,high,1010,1.999505,506603,75.55,262,379
2026-09-07 22:57:50+00,2026-09-07 22:58:00+00,MSFT,high,976,419.902930,495878,73.39,260,387
2026-09-07 22:57:50+00,2026-09-07 22:58:00+00,PETR4,high,1070,37.994533,537970,84.09,281,382
2026-09-07 22:57:50+00,2026-09-07 22:58:00+00,VALE3,high,982,62.005509,501029,16.61,87,193
2026-09-07 22:58:00+00,2026-09-07 22:58:10+00,AAPL,high,997,169.953159,502104,81.17,279,350
2026-09-07 22:58:00+00,2026-09-07 22:58:10+00,ABEV3,high,975,12.002462,469999,80.54,277,348
2026-09-07 22:58:00+00,2026-09-07 22:58:10+00,BBDC4,high,1026,14.010575,511073,75.98,275,339
2026-09-07 22:58:00+00,2026-09-07 22:58:10+00,BOVA11,high,1028,124.976848,527222,80.69,272,351
2026-09-07 22:58:00+00,2026-09-07 22:58:10+00,BTC-USD,high,970,64992.640639,493490,83.55,279,346
2026-09-07 22:58:00+00,2026-09-07 22:58:10+00,ITUB4,high,993,34.005196,498326,15.19,72,188
2026-09-07 22:58:00+00,2026-09-07 22:58:10+00,MGLU3,high,989,2.000162,487320,79.97,274,337
2026-09-07 22:58:00+00,2026-09-07 22:58:10+00,MSFT,high,985,420.254812,481233,76.53,269,349
2026-09-07 22:58:00+00,2026-09-07 22:58:10+00,PETR4,high,1032,37.992636,525734,78.52,276,347
2026-09-07 22:58:00+00,2026-09-07 22:58:10+00,VALE3,high,958,61.993017,476641,16.62,87,185
2026-09-07 22:58:10+00,2026-09-07 22:58:20+00,AAPL,high,1004,169.983118,500210,69.49,260,336
2026-09-07 22:58:10+00,2026-09-07 22:58:20+00,ABEV3,high,964,12.001463,477647,70.01,261,345
2026-09-07 22:58:10+00,2026-09-07 22:58:20+00,BBDC4,high,1026,14.005604,516061,70.69,266,344
2026-09-07 22:58:10+00,2026-09-07 22:58:20+00,BOVA11,high,991,125.019960,496604,74.41,269,336
2026-09-07 22:58:10+00,2026-09-07 22:58:20+00,BTC-USD,high,990,65013.015717,496966,66.54,256,339
2026-09-07 22:58:10+00,2026-09-07 22:58:20+00,ITUB4,high,1023,33.993529,507197,15.93,82,172
2026-09-07 22:58:10+00,2026-09-07 22:58:20+00,MGLU3,high,952,1.999979,479934,71.80,257,342
2026-09-07 22:58:10+00,2026-09-07 22:58:20+00,MSFT,high,1017,420.032694,522604,70.38,260,345
2026-09-07 22:58:10+00,2026-09-07 22:58:20+00,PETR4,high,1007,38.016574,500138,69.70,264,340
2026-09-07 22:58:10+00,2026-09-07 22:58:20+00,VALE3,high,1020,62.000784,493459,15.38,79,158
2026-09-07 22:58:20+00,2026-09-07 22:58:30+00,AAPL,high,1037,169.991080,514353,80.75,286,372
2026-09-07 22:58:20+00,2026-09-07 22:58:30+00,ABEV3,high,983,12.000966,484556,86.24,290,370
2026-09-07 22:58:20+00,2026-09-07 22:58:30+00,BBDC4,high,1005,13.999353,498896,84.32,295,378
2026-09-07 22:58:20+00,2026-09-07 22:58:30+00,BOVA11,high,986,125.021207,475668,90.48,298,373
2026-09-07 22:58:20+00,2026-09-07 22:58:30+00,BTC-USD,high,990,64990.889566,500658,86.50,291,366
2026-09-07 22:58:20+00,2026-09-07 22:58:30+00,ITUB4,high,996,33.985472,499533,16.32,90,201
2026-09-07 22:58:20+00,2026-09-07 22:58:30+00,MGLU3,high,1009,1.999405,506300,85.98,297,379
2026-09-07 22:58:20+00,2026-09-07 22:58:30+00,MSFT,high,1006,419.941521,512130,84.55,298,375
2026-09-07 22:58:20+00,2026-09-07 22:58:30+00,PETR4,high,993,37.986747,489096,85.08,289,373
2026-09-07 22:58:20+00,2026-09-07 22:58:30+00,VALE3,high,1048,62.011431,524101,16.60,90,195
2026-09-07 22:58:30+00,2026-09-07 22:58:40+00,AAPL,high,974,169.971437,483015,93.08,304,369
2026-09-07 22:58:30+00,2026-09-07 22:58:40+00,ABEV3,high,1025,12.002595,512076,90.84,300,361
2026-09-07 22:58:30+00,2026-09-07 22:58:40+00,BBDC4,high,1003,13.998455,522063,90.32,300,362
2026-09-07 22:58:30+00,2026-09-07 22:58:40+00,BOVA11,high,1042,125.018282,511399,87.24,295,368
2026-09-07 22:58:30+00,2026-09-07 22:58:40+00,BTC-USD,high,999,65008.272182,510028,92.18,307,367
2026-09-07 22:58:30+00,2026-09-07 22:58:40+00,ITUB4,high,1041,33.996273,527622,16.09,81,163
2026-09-07 22:58:30+00,2026-09-07 22:58:40+00,MGLU3,high,989,2.000940,498792,91.42,296,366
2026-09-07 22:58:30+00,2026-09-07 22:58:40+00,MSFT,high,961,420.214287,480491,87.19,298,368
2026-09-07 22:58:30+00,2026-09-07 22:58:40+00,PETR4,high,978,38.001544,499982,90.13,307,363
2026-09-07 22:58:30+00,2026-09-07 22:58:40+00,VALE3,high,984,62.003476,493133,13.45,60,162
2026-09-07 22:58:40+00,2026-09-07 22:58:50+00,AAPL,high,985,169.970589,489359,64.63,237,350
2026-09-07 22:58:40+00,2026-09-07 22:58:50+00,ABEV3,high,1010,12.006554,514050,71.50,263,354
2026-09-07 22:58:40+00,2026-09-07 22:58:50+00,BBDC4,high,982,14.004521,476031,69.20,242,356
2026-09-07 22:58:40+00,2026-09-07 22:58:50+00,BOVA11,high,999,124.919800,503623,68.36,254,344
2026-09-07 22:58:40+00,2026-09-07 22:58:50+00,BTC-USD,high,1048,65010.934218,540805,64.45,263,355
2026-09-07 22:58:40+00,2026-09-07 22:58:50+00,ITUB4,high,953,33.996013,469368,14.15,65,167
2026-09-07 22:58:40+00,2026-09-07 22:58:50+00,MGLU3,high,1014,2.000937,501321,66.56,253,345
2026-09-07 22:58:40+00,2026-09-07 22:58:50+00,MSFT,high,995,420.060673,502737,69.06,242,339
2026-09-07 22:58:40+00,2026-09-07 22:58:50+00,PETR4,high,1019,37.998665,517872,71.93,261,353
2026-09-07 22:58:40+00,2026-09-07 22:58:50+00,VALE3,high,999,61.978228,500243,14.28,70,166
2026-09-07 22:58:50+00,2026-09-07 22:59:00+00,AAPL,high,977,169.976233,489348,58.19,214,294
2026-09-07 22:58:50+00,2026-09-07 22:59:00+00,ABEV3,high,962,12.004033,484417,58.43,225,296
2026-09-07 22:58:50+00,2026-09-07 22:59:00+00,BBDC4,high,978,13.996779,483168,57.37,227,299
2026-09-07 22:58:50+00,2026-09-07 22:59:00+00,BOVA11,high,951,125.024332,467766,52.34,222,286
2026-09-07 22:58:50+00,2026-09-07 22:59:00+00,BTC-USD,high,1060,65001.059868,526055,59.68,227,287
2026-09-07 22:58:50+00,2026-09-07 22:59:00+00,ITUB4,high,982,34.008656,494336,14.65,75,139
2026-09-07 22:58:50+00,2026-09-07 22:59:00+00,MGLU3,high,995,2.000030,491377,56.42,221,297
2026-09-07 22:58:50+00,2026-09-07 22:59:00+00,MSFT,high,1014,419.819596,506060,56.46,226,292
2026-09-07 22:58:50+00,2026-09-07 22:59:00+00,PETR4,high,998,38.002575,480239,55.87,218,291
2026-09-07 22:58:50+00,2026-09-07 22:59:00+00,VALE3,high,1029,61.954587,512992,13.02,61,129
2026-09-07 22:59:00+00,2026-09-07 22:59:10+00,AAPL,high,970,170.031320,492009,53.49,207,304
2026-09-07 22:59:00+00,2026-09-07 22:59:10+00,ABEV3,high,1039,11.995775,532578,47.55,203,334
2026-09-07 22:59:00+00,2026-09-07 22:59:10+00,BBDC4,high,993,14.002840,495519,51.62,212,344
2026-09-07 22:59:00+00,2026-09-07 22:59:10+00,BOVA11,high,1016,124.990049,508252,56.83,222,344
2026-09-07 22:59:00+00,2026-09-07 22:59:10+00,BTC-USD,high,1002,64993.980549,489419,56.78,214,339
2026-09-07 22:59:00+00,2026-09-07 22:59:10+00,ITUB4,high,1032,34.005610,504730,13.11,59,148
2026-09-07 22:59:00+00,2026-09-07 22:59:10+00,MGLU3,high,1010,2.000337,502464,53.26,217,343
2026-09-07 22:59:00+00,2026-09-07 22:59:10+00,MSFT,high,993,419.933011,491810,50.74,210,315
2026-09-07 22:59:00+00,2026-09-07 22:59:10+00,PETR4,high,1011,37.988398,497142,49.99,207,330
2026-09-07 22:59:00+00,2026-09-07 22:59:10+00,VALE3,high,953,62.018552,478446,13.50,63,156
2026-09-07 22:59:10+00,2026-09-07 22:59:20+00,AAPL,high,988,169.977460,501715,51.37,199,257
2026-09-07 22:59:10+00,2026-09-07 22:59:20+00,ABEV3,high,1018,11.996916,501451,48.85,197,261
2026-09-07 22:59:10+00,2026-09-07 22:59:20+00,BBDC4,high,951,13.994900,488405,53.83,209,256
2026-09-07 22:59:10+00,2026-09-07 22:59:20+00,BOVA11,high,1025,125.023971,520039,52.34,207,253
2026-09-07 22:59:10+00,2026-09-07 22:59:20+00,BTC-USD,high,963,64988.339626,484129,51.61,197,260
2026-09-07 22:59:10+00,2026-09-07 22:59:20+00,ITUB4,high,1031,34.007449,518368,14.19,70,146
2026-09-07 22:59:10+00,2026-09-07 22:59:20+00,MGLU3,high,1032,2.001085,520373,48.24,201,262
2026-09-07 22:59:10+00,2026-09-07 22:59:20+00,MSFT,high,1013,419.878233,498939,51.74,203,254
2026-09-07 22:59:10+00,2026-09-07 22:59:20+00,PETR4,high,985,37.987411,480495,47.02,193,259
2026-09-07 22:59:10+00,2026-09-07 22:59:20+00,VALE3,high,1013,61.995331,504319,13.89,70,138
2026-09-07 22:59:20+00,2026-09-07 22:59:30+00,AAPL,high,968,169.994628,487525,49.87,202,287
2026-09-07 22:59:20+00,2026-09-07 22:59:30+00,ABEV3,high,968,11.997882,487906,50.55,204,297
2026-09-07 22:59:20+00,2026-09-07 22:59:30+00,BBDC4,high,1028,14.000282,518224,52.50,205,292
2026-09-07 22:59:20+00,2026-09-07 22:59:30+00,BOVA11,high,1038,125.052148,516263,50.42,205,298
2026-09-07 22:59:20+00,2026-09-07 22:59:30+00,BTC-USD,high,997,64998.961083,506842,47.54,202,289
2026-09-07 22:59:20+00,2026-09-07 22:59:30+00,ITUB4,high,1032,34.009593,512396,12.85,58,139
2026-09-07 22:59:20+00,2026-09-07 22:59:30+00,MGLU3,high,980,1.999765,483386,49.62,204,288
2026-09-07 22:59:20+00,2026-09-07 22:59:30+00,MSFT,high,959,419.884213,469922,46.51,198,279
2026-09-07 22:59:20+00,2026-09-07 22:59:30+00,PETR4,high,1035,38.007024,532009,48.12,200,296
2026-09-07 22:59:20+00,2026-09-07 22:59:30+00,VALE3,high,1013,61.988233,523202,12.88,60,142
2026-09-07 22:59:30+00,2026-09-07 22:59:40+00,AAPL,high,977,169.920860,475543,50.89,203,249
2026-09-07 22:59:30+00,2026-09-07 22:59:40+00,ABEV3,high,1020,12.005078,499719,49.36,201,252
2026-09-07 22:59:30+00,2026-09-07 22:59:40+00,BBDC4,high,1058,14.001087,535802,49.57,203,249
2026-09-07 22:59:30+00,2026-09-07 22:59:40+00,BOVA11,high,1009,124.978791,504916,50.82,207,253
2026-09-07 22:59:30+00,2026-09-07 22:59:40+00,BTC-USD,high,1030,65012.772864,521607,52.80,215,251
2026-09-07 22:59:30+00,2026-09-07 22:59:40+00,ITUB4,high,995,34.007930,498734,11.70,46,111
2026-09-07 22:59:30+00,2026-09-07 22:59:40+00,MGLU3,high,999,2.000531,499607,53.74,207,251
2026-09-07 22:59:30+00,2026-09-07 22:59:40+00,MSFT,high,1034,419.804487,502274,51.20,199,250
2026-09-07 22:59:30+00,2026-09-07 22:59:40+00,PETR4,high,931,38.008260,469748,49.29,201,254
2026-09-07 22:59:30+00,2026-09-07 22:59:40+00,VALE3,high,979,62.008887,493827,13.17,59,113
2026-09-07 22:59:40+00,2026-09-07 22:59:50+00,AAPL,high,1013,169.996742,502299,52.24,212,274
2026-09-07 22:59:40+00,2026-09-07 22:59:50+00,ABEV3,high,963,11.995940,472410,53.06,208,282
2026-09-07 22:59:40+00,2026-09-07 22:59:50+00,BBDC4,high,1021,13.997728,529162,50.14,203,295
2026-09-07 22:59:40+00,2026-09-07 22:59:50+00,BOVA11,high,971,125.003594,485816,49.85,206,253
2026-09-07 22:59:40+00,2026-09-07 22:59:50+00,BTC-USD,high,981,65013.255821,488995,51.94,206,292
2026-09-07 22:59:40+00,2026-09-07 22:59:50+00,ITUB4,high,990,34.012212,490914,11.80,47,113
2026-09-07 22:59:40+00,2026-09-07 22:59:50+00,MGLU3,high,954,1.998553,482365,50.11,208,293
2026-09-07 22:59:40+00,2026-09-07 22:59:50+00,MSFT,high,1027,419.898968,521885,50.09,202,288
2026-09-07 22:59:40+00,2026-09-07 22:59:50+00,PETR4,high,995,38.001508,490936,51.32,209,289
2026-09-07 22:59:40+00,2026-09-07 22:59:50+00,VALE3,high,1008,62.001319,502164,11.81,44,129
2026-09-07 22:59:50+00,2026-09-07 23:00:00+00,AAPL,high,1023,169.990831,516250,59.54,233,305
2026-09-07 22:59:50+00,2026-09-07 23:00:00+00,ABEV3,high,945,12.002571,485440,62.10,237,276
2026-09-07 22:59:50+00,2026-09-07 23:00:00+00,BBDC4,high,975,14.002492,481979,59.14,226,308
2026-09-07 22:59:50+00,2026-09-07 23:00:00+00,BOVA11,high,1013,125.009062,519013,58.45,233,298
2026-09-07 22:59:50+00,2026-09-07 23:00:00+00,BTC-USD,high,1010,64986.807634,510698,60.67,237,304
2026-09-07 22:59:50+00,2026-09-07 23:00:00+00,ITUB4,high,1027,34.004090,513698,13.04,56,139
2026-09-07 22:59:50+00,2026-09-07 23:00:00+00,MGLU3,high,1030,1.999942,520595,61.20,229,301
2026-09-07 22:59:50+00,2026-09-07 23:00:00+00,MSFT,high,961,419.966410,480397,59.80,234,299
2026-09-07 22:59:50+00,2026-09-07 23:00:00+00,PETR4,high,1024,38.023389,515687,60.87,225,302
2026-09-07 22:59:50+00,2026-09-07 23:00:00+00,VALE3,high,1014,61.991381,512822,13.35,61,133
2026-09-07 23:00:00+00,2026-09-07 23:00:10+00,AAPL,high,968,170.039483,481762,69.06,253,374
2026-09-07 23:00:00+00,2026-09-07 23:00:10+00,ABEV3,high,1000,11.999350,512954,67.77,251,382
2026-09-07 23:00:00+00,2026-09-07 23:00:10+00,BBDC4,high,1001,13.999820,500974,64.00,240,370
2026-09-07 23:00:00+00,2026-09-07 23:00:10+00,BOVA11,high,999,124.972172,502942,70.24,242,378
2026-09-07 23:00:00+00,2026-09-07 23:00:10+00,BTC-USD,high,1015,65021.221764,512008,67.77,250,377
2026-09-07 23:00:00+00,2026-09-07 23:00:10+00,ITUB4,high,1000,33.996940,502393,14.60,67,185
2026-09-07 23:00:00+00,2026-09-07 23:00:10+00,MGLU3,high,1008,2.000804,501134,66.35,247,383
2026-09-07 23:00:00+00,2026-09-07 23:00:10+00,MSFT,high,987,419.630182,515917,73.04,254,373
2026-09-07 23:00:00+00,2026-09-07 23:00:10+00,PETR4,high,1035,37.995130,534527,68.97,249,372
2026-09-07 23:00:00+00,2026-09-07 23:00:10+00,VALE3,high,998,62.003437,500843,15.30,74,172
2026-09-07 23:00:10+00,2026-09-07 23:00:20+00,AAPL,high,1042,170.021775,534672,144.73,613,1045
2026-09-07 23:00:10+00,2026-09-07 23:00:20+00,ABEV3,high,1008,12.002847,500879,133.81,645,1050
2026-09-07 23:00:10+00,2026-09-07 23:00:20+00,BBDC4,high,1002,13.994022,516488,132.80,640,1052
2026-09-07 23:00:10+00,2026-09-07 23:00:20+00,BOVA11,high,994,124.980101,498450,133.73,654,1055
2026-09-07 23:00:10+00,2026-09-07 23:00:20+00,BTC-USD,high,949,64991.328240,469161,125.70,603,1041
2026-09-07 23:00:10+00,2026-09-07 23:00:20+00,ITUB4,high,1072,33.987957,535261,54.36,343,890
2026-09-07 23:00:10+00,2026-09-07 23:00:20+00,MGLU3,high,1007,2.000179,516760,137.33,644,1041
2026-09-07 23:00:10+00,2026-09-07 23:00:20+00,MSFT,high,982,419.973941,483272,144.54,697,1048
2026-09-07 23:00:10+00,2026-09-07 23:00:20+00,PETR4,high,1009,37.983013,515108,138.83,627,1051
2026-09-07 23:00:10+00,2026-09-07 23:00:20+00,VALE3,high,960,62.003625,493598,61.44,467,903
2026-09-07 23:00:20+00,2026-09-07 23:00:30+00,AAPL,high,978,170.050920,478367,74.44,263,351
2026-09-07 23:00:20+00,2026-09-07 23:00:30+00,ABEV3,high,973,11.993279,484389,70.94,248,356
2026-09-07 23:00:20+00,2026-09-07 23:00:30+00,BBDC4,high,988,13.996407,501871,71.74,245,358
2026-09-07 23:00:20+00,2026-09-07 23:00:30+00,BOVA11,high,1007,125.043694,488981,71.98,257,355
2026-09-07 23:00:20+00,2026-09-07 23:00:30+00,BTC-USD,high,1049,64993.553975,514821,68.81,257,357
2026-09-07 23:00:20+00,2026-09-07 23:00:30+00,ITUB4,high,947,34.006853,450440,14.88,70,159
2026-09-07 23:00:20+00,2026-09-07 23:00:30+00,MGLU3,high,965,2.000290,494217,69.67,263,350
2026-09-07 23:00:20+00,2026-09-07 23:00:30+00,MSFT,high,1042,420.077783,512358,68.89,249,354
2026-09-07 23:00:20+00,2026-09-07 23:00:30+00,PETR4,high,989,37.992386,505259,68.08,247,354
2026-09-07 23:00:20+00,2026-09-07 23:00:30+00,VALE3,high,1017,62.000865,526840,14.87,74,148
2026-09-07 23:00:30+00,2026-09-07 23:00:40+00,AAPL,high,945,170.023090,481124,71.19,254,328
2026-09-07 23:00:30+00,2026-09-07 23:00:40+00,ABEV3,high,1028,12.001265,512939,69.44,254,326
2026-09-07 23:00:30+00,2026-09-07 23:00:40+00,BBDC4,high,989,14.001911,481305,69.68,256,324
2026-09-07 23:00:30+00,2026-09-07 23:00:40+00,BOVA11,high,1046,124.989426,534471,72.89,254,327
2026-09-07 23:00:30+00,2026-09-07 23:00:40+00,BTC-USD,high,961,64991.971530,488176,72.26,253,314
2026-09-07 23:00:30+00,2026-09-07 23:00:40+00,ITUB4,high,886,33.983939,452017,13.56,58,129
2026-09-07 23:00:30+00,2026-09-07 23:00:40+00,MGLU3,high,959,2.000240,472587,75.33,257,325
2026-09-07 23:00:30+00,2026-09-07 23:00:40+00,MSFT,high,1014,420.099290,517702,67.20,252,316
2026-09-07 23:00:30+00,2026-09-07 23:00:40+00,PETR4,high,1058,37.987656,525098,70.11,259,329
2026-09-07 23:00:30+00,2026-09-07 23:00:40+00,VALE3,high,984,61.989014,478228,15.56,77,145
2026-09-07 23:00:40+00,2026-09-07 23:00:50+00,AAPL,high,1039,170.039711,522785,72.00,253,306
2026-09-07 23:00:40+00,2026-09-07 23:00:50+00,ABEV3,high,982,12.002699,492979,68.00,239,309
2026-09-07 23:00:40+00,2026-09-07 23:00:50+00,BBDC4,high,983,14.005229,489239,63.93,246,306
2026-09-07 23:00:40+00,2026-09-07 23:00:50+00,BOVA11,high,1044,124.987548,526931,71.97,253,307
2026-09-07 23:00:40+00,2026-09-07 23:00:50+00,BTC-USD,high,1024,65000.694766,505617,70.14,244,305
2026-09-07 23:00:40+00,2026-09-07 23:00:50+00,ITUB4,high,984,34.007470,489072,15.39,79,141
2026-09-07 23:00:40+00,2026-09-07 23:00:50+00,MGLU3,high,985,2.000914,512304,67.28,254,301
2026-09-07 23:00:40+00,2026-09-07 23:00:50+00,MSFT,high,991,420.169475,493664,64.08,242,300
2026-09-07 23:00:40+00,2026-09-07 23:00:50+00,PETR4,high,949,37.976923,463361,68.51,249,303
2026-09-07 23:00:40+00,2026-09-07 23:00:50+00,VALE3,high,974,61.984363,489088,13.78,63,132
2026-09-07 23:00:50+00,2026-09-07 23:01:00+00,AAPL,high,991,170.028557,486904,74.44,264,327
2026-09-07 23:00:50+00,2026-09-07 23:01:00+00,ABEV3,high,1003,11.998993,507950,71.51,257,323
2026-09-07 23:00:50+00,2026-09-07 23:01:00+00,BBDC4,high,965,13.994788,479760,72.78,256,321
2026-09-07 23:00:50+00,2026-09-07 23:01:00+00,BOVA11,high,1025,125.002351,516623,73.95,262,322
2026-09-07 23:00:50+00,2026-09-07 23:01:00+00,BTC-USD,high,1003,64982.966700,498738,63.41,241,304
2026-09-07 23:00:50+00,2026-09-07 23:01:00+00,ITUB4,high,1031,33.990795,493085,15.58,87,157
2026-09-07 23:00:50+00,2026-09-07 23:01:00+00,MGLU3,high,983,2.000285,500894,72.88,255,322
2026-09-07 23:00:50+00,2026-09-07 23:01:00+00,MSFT,high,985,420.246305,494045,74.35,265,326
2026-09-07 23:00:50+00,2026-09-07 23:01:00+00,PETR4,high,978,38.015337,475886,68.38,255,321
2026-09-07 23:00:50+00,2026-09-07 23:01:00+00,VALE3,high,1088,62.023732,529078,13.89,64,159
2026-09-07 23:01:00+00,2026-09-07 23:01:10+00,AAPL,high,1019,169.941629,517075,119.48,541,927
2026-09-07 23:01:00+00,2026-09-07 23:01:10+00,ABEV3,high,1011,11.999911,509393,129.36,536,928
2026-09-07 23:01:00+00,2026-09-07 23:01:10+00,BBDC4,high,1039,14.003070,516285,124.59,512,913
2026-09-07 23:01:00+00,2026-09-07 23:01:10+00,BOVA11,high,965,125.050041,479504,114.62,485,917
2026-09-07 23:01:00+00,2026-09-07 23:01:10+00,BTC-USD,high,1018,64991.348939,510059,116.77,450,924
2026-09-07 23:01:00+00,2026-09-07 23:01:10+00,ITUB4,high,973,33.998613,471095,15.07,74,145
2026-09-07 23:01:00+00,2026-09-07 23:01:10+00,MGLU3,high,965,2.000528,481961,141.38,598,919
2026-09-07 23:01:00+00,2026-09-07 23:01:10+00,MSFT,high,1014,420.125099,504997,127.32,535,890
2026-09-07 23:01:00+00,2026-09-07 23:01:10+00,PETR4,high,969,37.996584,466086,127.70,565,916
2026-09-07 23:01:00+00,2026-09-07 23:01:10+00,VALE3,high,1009,62.012061,509366,12.87,55,138
2026-09-07 23:01:10+00,2026-09-07 23:01:20+00,AAPL,high,970,170.054144,482528,76.04,270,321
2026-09-07 23:01:10+00,2026-09-07 23:01:20+00,ABEV3,high,974,12.007834,488928,77.40,270,317
2026-09-07 23:01:10+00,2026-09-07 23:01:20+00,BBDC4,high,1026,14.001589,513362,72.45,265,320
2026-09-07 23:01:10+00,2026-09-07 23:01:20+00,BOVA11,high,976,125.027059,492103,75.22,269,314
2026-09-07 23:01:10+00,2026-09-07 23:01:20+00,BTC-USD,high,1020,65033.709196,492605,75.10,264,320
2026-09-07 23:01:10+00,2026-09-07 23:01:20+00,ITUB4,high,996,33.989257,486732,13.74,66,154
2026-09-07 23:01:10+00,2026-09-07 23:01:20+00,MGLU3,high,976,1.999529,485867,79.35,272,319
2026-09-07 23:01:10+00,2026-09-07 23:01:20+00,MSFT,high,1031,419.946120,511605,73.71,268,319
2026-09-07 23:01:10+00,2026-09-07 23:01:20+00,PETR4,high,1027,37.986981,525109,76.06,259,316
2026-09-07 23:01:10+00,2026-09-07 23:01:20+00,VALE3,high,1044,62.014080,524425,14.97,71,158
2026-09-07 23:01:20+00,2026-09-07 23:01:30+00,AAPL,high,984,169.970671,476765,73.18,262,319
2026-09-07 23:01:20+00,2026-09-07 23:01:30+00,ABEV3,high,968,12.003605,481370,73.88,261,308
2026-09-07 23:01:20+00,2026-09-07 23:01:30+00,BBDC4,high,961,14.004724,469697,72.81,256,317
2026-09-07 23:01:20+00,2026-09-07 23:01:30+00,BOVA11,high,985,124.950365,498154,70.12,257,314
2026-09-07 23:01:20+00,2026-09-07 23:01:30+00,BTC-USD,high,1057,64985.345251,513583,71.88,270,317
2026-09-07 23:01:20+00,2026-09-07 23:01:30+00,ITUB4,high,979,34.000715,496974,16.20,89,180
2026-09-07 23:01:20+00,2026-09-07 23:01:30+00,MGLU3,high,1032,2.000223,513620,75.01,262,316
2026-09-07 23:01:20+00,2026-09-07 23:01:30+00,MSFT,high,1015,420.051498,523338,78.80,274,319
2026-09-07 23:01:20+00,2026-09-07 23:01:30+00,PETR4,high,956,37.970356,477815,75.51,268,318
2026-09-07 23:01:20+00,2026-09-07 23:01:30+00,VALE3,high,1083,62.008070,549009,16.64,88,180
2026-09-07 23:01:30+00,2026-09-07 23:01:40+00,AAPL,high,1004,170.025398,502171,86.82,292,359
2026-09-07 23:01:30+00,2026-09-07 23:01:40+00,ABEV3,high,969,12.004995,485235,86.11,290,354
2026-09-07 23:01:30+00,2026-09-07 23:01:40+00,BBDC4,high,948,13.998618,478704,85.90,291,352
2026-09-07 23:01:30+00,2026-09-07 23:01:40+00,BOVA11,high,958,125.011054,479885,86.09,284,346
2026-09-07 23:01:30+00,2026-09-07 23:01:40+00,BTC-USD,high,1060,65011.873189,531948,81.65,286,356
2026-09-07 23:01:30+00,2026-09-07 23:01:40+00,ITUB4,high,980,33.996663,493307,15.34,81,150
2026-09-07 23:01:30+00,2026-09-07 23:01:40+00,MGLU3,high,1013,1.999832,516896,81.64,277,348
2026-09-07 23:01:30+00,2026-09-07 23:01:40+00,MSFT,high,1020,419.986892,513226,87.79,294,353
2026-09-07 23:01:30+00,2026-09-07 23:01:40+00,PETR4,high,1028,37.994397,516267,85.33,286,355
2026-09-07 23:01:30+00,2026-09-07 23:01:40+00,VALE3,high,922,62.006551,445331,14.78,67,148
2026-09-07 23:01:40+00,2026-09-07 23:01:50+00,AAPL,high,1036,169.948166,497098,78.91,284,395
2026-09-07 23:01:40+00,2026-09-07 23:01:50+00,ABEV3,high,990,12.002485,493957,80.15,271,398
2026-09-07 23:01:40+00,2026-09-07 23:01:50+00,BBDC4,high,1028,13.997228,503888,77.82,274,385
2026-09-07 23:01:40+00,2026-09-07 23:01:50+00,BOVA11,high,1030,124.990515,513618,77.24,271,388
2026-09-07 23:01:40+00,2026-09-07 23:01:50+00,BTC-USD,high,984,65009.646484,493644,81.50,280,386
2026-09-07 23:01:40+00,2026-09-07 23:01:50+00,ITUB4,high,1001,33.995255,499297,19.96,102,255
2026-09-07 23:01:40+00,2026-09-07 23:01:50+00,MGLU3,high,1044,1.999080,516758,80.46,287,388
2026-09-07 23:01:40+00,2026-09-07 23:01:50+00,MSFT,high,1043,420.079837,511435,75.23,276,377
2026-09-07 23:01:40+00,2026-09-07 23:01:50+00,PETR4,high,1024,37.996250,508314,78.36,277,393
2026-09-07 23:01:40+00,2026-09-07 23:01:50+00,VALE3,high,1025,61.994302,526166,16.98,81,243
2026-09-07 23:01:50+00,2026-09-07 23:02:00+00,AAPL,high,1002,170.024890,509649,57.11,221,268
2026-09-07 23:01:50+00,2026-09-07 23:02:00+00,ABEV3,high,1008,12.000407,499464,51.89,215,275
2026-09-07 23:01:50+00,2026-09-07 23:02:00+00,BBDC4,high,1020,14.001971,503408,54.21,219,267
2026-09-07 23:01:50+00,2026-09-07 23:02:00+00,BOVA11,high,1013,125.049388,507632,50.22,211,278
2026-09-07 23:01:50+00,2026-09-07 23:02:00+00,BTC-USD,high,1017,64980.107257,500032,56.59,222,277
2026-09-07 23:01:50+00,2026-09-07 23:02:00+00,ITUB4,high,1014,33.989172,501756,13.38,63,140
2026-09-07 23:01:50+00,2026-09-07 23:02:00+00,MGLU3,high,959,1.999614,475239,48.20,208,266
2026-09-07 23:01:50+00,2026-09-07 23:02:00+00,MSFT,high,1028,420.087967,510406,52.94,208,276
2026-09-07 23:01:50+00,2026-09-07 23:02:00+00,PETR4,high,992,37.984496,514245,55.21,214,274
2026-09-07 23:01:50+00,2026-09-07 23:02:00+00,VALE3,high,975,61.983374,473882,12.61,54,124
2026-09-07 23:02:00+00,2026-09-07 23:02:10+00,AAPL,high,1014,169.982475,485316,60.83,227,266
2026-09-07 23:02:00+00,2026-09-07 23:02:10+00,ABEV3,high,999,12.005716,487634,62.26,234,283
2026-09-07 23:02:00+00,2026-09-07 23:02:10+00,BBDC4,high,985,14.004457,490914,62.04,234,277
2026-09-07 23:02:00+00,2026-09-07 23:02:10+00,BOVA11,high,1007,125.031351,508695,60.31,230,279
2026-09-07 23:02:00+00,2026-09-07 23:02:10+00,BTC-USD,high,981,64991.080581,494369,58.91,229,275
2026-09-07 23:02:00+00,2026-09-07 23:02:10+00,ITUB4,high,1050,34.006905,538086,12.49,58,136
2026-09-07 23:02:00+00,2026-09-07 23:02:10+00,MGLU3,high,948,1.998903,463680,61.12,229,277
2026-09-07 23:02:00+00,2026-09-07 23:02:10+00,MSFT,high,1024,420.076592,495246,59.42,223,273
2026-09-07 23:02:00+00,2026-09-07 23:02:10+00,PETR4,high,979,37.976415,487432,56.53,229,280
2026-09-07 23:02:00+00,2026-09-07 23:02:10+00,VALE3,high,948,62.018333,475498,14.69,73,134
2026-09-07 23:02:10+00,2026-09-07 23:02:20+00,AAPL,high,976,169.985287,486548,59.02,235,297
2026-09-07 23:02:10+00,2026-09-07 23:02:20+00,ABEV3,high,995,12.008854,493637,57.75,230,295
2026-09-07 23:02:10+00,2026-09-07 23:02:20+00,BBDC4,high,933,13.996099,470019,55.86,221,293
2026-09-07 23:02:10+00,2026-09-07 23:02:20+00,BOVA11,high,947,124.964921,467709,57.26,222,286
2026-09-07 23:02:10+00,2026-09-07 23:02:20+00,BTC-USD,high,1000,64990.285150,497494,58.83,233,292
2026-09-07 23:02:10+00,2026-09-07 23:02:20+00,ITUB4,high,997,34.006871,499482,15.36,69,162
2026-09-07 23:02:10+00,2026-09-07 23:02:20+00,MGLU3,high,972,2.000566,512037,61.62,224,275
2026-09-07 23:02:10+00,2026-09-07 23:02:20+00,MSFT,high,1055,420.049782,516285,60.07,228,299
2026-09-07 23:02:10+00,2026-09-07 23:02:20+00,PETR4,high,1041,37.986110,509690,57.07,224,298
2026-09-07 23:02:10+00,2026-09-07 23:02:20+00,VALE3,high,1009,62.001913,502490,13.86,67,159
2026-09-07 23:02:20+00,2026-09-07 23:02:30+00,AAPL,high,948,169.894821,460840,59.70,232,277
2026-09-07 23:02:20+00,2026-09-07 23:02:30+00,ABEV3,high,984,12.002439,508028,58.25,227,278
2026-09-07 23:02:20+00,2026-09-07 23:02:30+00,BBDC4,high,955,14.003508,473789,57.87,228,273
2026-09-07 23:02:20+00,2026-09-07 23:02:30+00,BOVA11,high,998,124.982365,516717,61.02,231,270
2026-09-07 23:02:20+00,2026-09-07 23:02:30+00,BTC-USD,high,1059,64995.744108,525891,58.75,230,279
2026-09-07 23:02:20+00,2026-09-07 23:02:30+00,ITUB4,high,1009,33.987403,514423,13.85,71,132
2026-09-07 23:02:20+00,2026-09-07 23:02:30+00,MGLU3,high,1028,2.000496,525986,62.04,232,278
2026-09-07 23:02:20+00,2026-09-07 23:02:30+00,MSFT,high,1044,420.048812,540060,57.84,223,275
2026-09-07 23:02:20+00,2026-09-07 23:02:30+00,PETR4,high,940,37.991298,464401,59.72,225,280
2026-09-07 23:02:20+00,2026-09-07 23:02:30+00,VALE3,high,998,61.981022,494667,14.75,77,145
2026-09-07 23:02:30+00,2026-09-07 23:02:40+00,AAPL,high,1000,170.013520,505540,59.94,222,293
2026-09-07 23:02:30+00,2026-09-07 23:02:40+00,ABEV3,high,1074,11.995140,537032,59.26,228,289
2026-09-07 23:02:30+00,2026-09-07 23:02:40+00,BBDC4,high,1046,14.000029,517785,60.78,222,286
2026-09-07 23:02:30+00,2026-09-07 23:02:40+00,BOVA11,high,1018,125.013743,511736,58.09,216,294
2026-09-07 23:02:30+00,2026-09-07 23:02:40+00,BTC-USD,high,992,65038.760232,505790,59.07,225,284
2026-09-07 23:02:30+00,2026-09-07 23:02:40+00,ITUB4,high,985,34.002995,503929,13.87,66,150
2026-09-07 23:02:30+00,2026-09-07 23:02:40+00,MGLU3,high,1040,1.999635,524423,59.53,220,292
2026-09-07 23:02:30+00,2026-09-07 23:02:40+00,MSFT,high,993,419.882981,494666,57.55,231,287
2026-09-07 23:02:30+00,2026-09-07 23:02:40+00,PETR4,high,1025,38.014644,500989,61.29,229,291
2026-09-07 23:02:30+00,2026-09-07 23:02:40+00,VALE3,high,980,62.002857,491067,14.24,72,155
2026-09-07 23:02:40+00,2026-09-07 23:02:50+00,AAPL,high,977,170.053091,473937,53.64,217,321
2026-09-07 23:02:40+00,2026-09-07 23:02:50+00,ABEV3,high,974,12.001571,477315,53.20,211,323
2026-09-07 23:02:40+00,2026-09-07 23:02:50+00,BBDC4,high,984,14.000864,493395,50.42,212,311
2026-09-07 23:02:40+00,2026-09-07 23:02:50+00,BOVA11,high,1003,124.977039,509976,57.85,216,306
2026-09-07 23:02:40+00,2026-09-07 23:02:50+00,BTC-USD,high,1024,65058.057715,500625,49.91,204,317
2026-09-07 23:02:40+00,2026-09-07 23:02:50+00,ITUB4,high,983,33.995473,492160,11.73,39,114
2026-09-07 23:02:40+00,2026-09-07 23:02:50+00,MGLU3,high,1021,2.000147,502230,52.32,209,307
2026-09-07 23:02:40+00,2026-09-07 23:02:50+00,MSFT,high,1019,419.778695,501156,51.57,205,316
2026-09-07 23:02:40+00,2026-09-07 23:02:50+00,PETR4,high,1026,38.002037,529776,50.60,203,320
2026-09-07 23:02:40+00,2026-09-07 23:02:50+00,VALE3,high,998,61.995110,509722,13.08,59,126
2026-09-07 23:02:50+00,2026-09-07 23:03:00+00,AAPL,high,956,169.975094,474896,63.68,242,312
2026-09-07 23:02:50+00,2026-09-07 23:03:00+00,ABEV3,high,987,11.995309,499733,65.82,241,318
2026-09-07 23:02:50+00,2026-09-07 23:03:00+00,BBDC4,high,934,13.998640,472925,63.64,243,313
2026-09-07 23:02:50+00,2026-09-07 23:03:00+00,BOVA11,high,973,125.028458,498182,65.83,244,316
2026-09-07 23:02:50+00,2026-09-07 23:03:00+00,BTC-USD,high,1034,64980.979197,508657,68.52,243,315
2026-09-07 23:02:50+00,2026-09-07 23:03:00+00,ITUB4,high,1048,34.001307,524872,14.30,61,163
2026-09-07 23:02:50+00,2026-09-07 23:03:00+00,MGLU3,high,1018,2.000422,504442,65.27,247,321
2026-09-07 23:02:50+00,2026-09-07 23:03:00+00,MSFT,high,971,420.092678,478075,65.13,241,318
2026-09-07 23:02:50+00,2026-09-07 23:03:00+00,PETR4,high,991,37.990242,486123,68.21,242,319
2026-09-07 23:02:50+00,2026-09-07 23:03:00+00,VALE3,high,1072,61.986334,530547,14.88,71,159
2026-09-07 23:03:00+00,2026-09-07 23:03:10+00,AAPL,high,966,170.033199,480321,136.82,686,1144
2026-09-07 23:03:00+00,2026-09-07 23:03:10+00,ABEV3,high,916,11.997980,451973,148.08,759,1146
2026-09-07 23:03:00+00,2026-09-07 23:03:10+00,BBDC4,high,979,14.005751,491689,132.16,668,1148
2026-09-07 23:03:00+00,2026-09-07 23:03:10+00,BOVA11,high,967,125.023195,461048,139.92,728,1150
2026-09-07 23:03:00+00,2026-09-07 23:03:10+00,BTC-USD,high,1011,64977.394283,487215,153.67,746,1152
2026-09-07 23:03:00+00,2026-09-07 23:03:10+00,ITUB4,high,985,33.980741,501715,15.39,77,203
2026-09-07 23:03:00+00,2026-09-07 23:03:10+00,MGLU3,high,1005,1.999960,501626,136.89,698,1123
2026-09-07 23:03:00+00,2026-09-07 23:03:10+00,MSFT,high,978,420.019867,501476,145.88,750,1149
2026-09-07 23:03:00+00,2026-09-07 23:03:10+00,PETR4,high,997,38.006229,495240,139.69,705,1133
2026-09-07 23:03:00+00,2026-09-07 23:03:10+00,VALE3,high,997,61.970802,507234,17.12,87,217
2026-09-07 23:03:10+00,2026-09-07 23:03:20+00,AAPL,high,994,170.062897,499902,65.04,241,310
2026-09-07 23:03:10+00,2026-09-07 23:03:20+00,ABEV3,high,1000,11.992810,494682,66.09,242,316
2026-09-07 23:03:10+00,2026-09-07 23:03:20+00,BBDC4,high,1091,14.001696,537319,67.15,236,328
2026-09-07 23:03:10+00,2026-09-07 23:03:20+00,BOVA11,high,1043,124.977747,509697,62.40,241,318
2026-09-07 23:03:10+00,2026-09-07 23:03:20+00,BTC-USD,high,1026,64989.414932,493272,59.59,234,322
2026-09-07 23:03:10+00,2026-09-07 23:03:20+00,ITUB4,high,1010,34.013594,510776,13.40,64,123
2026-09-07 23:03:10+00,2026-09-07 23:03:20+00,MGLU3,high,995,1.999116,501708,62.91,234,327
2026-09-07 23:03:10+00,2026-09-07 23:03:20+00,MSFT,high,1032,420.026531,524536,71.69,241,325
2026-09-07 23:03:10+00,2026-09-07 23:03:20+00,PETR4,high,1039,38.009557,521506,65.14,238,317
2026-09-07 23:03:10+00,2026-09-07 23:03:20+00,VALE3,high,978,61.988241,506652,12.08,42,152
2026-09-07 23:03:20+00,2026-09-07 23:03:30+00,AAPL,high,1033,169.959235,501375,61.66,230,292
2026-09-07 23:03:20+00,2026-09-07 23:03:30+00,ABEV3,high,1036,11.997046,510712,62.73,234,294
2026-09-07 23:03:20+00,2026-09-07 23:03:30+00,BBDC4,high,1029,13.997522,511638,58.54,227,290
2026-09-07 23:03:20+00,2026-09-07 23:03:30+00,BOVA11,high,970,125.025330,501390,62.24,235,293
2026-09-07 23:03:20+00,2026-09-07 23:03:30+00,BTC-USD,high,999,64986.947437,492100,61.87,236,291
2026-09-07 23:03:20+00,2026-09-07 23:03:30+00,ITUB4,high,956,34.003285,463467,13.52,60,130
2026-09-07 23:03:20+00,2026-09-07 23:03:30+00,MGLU3,high,1026,1.998860,507547,58.83,230,295
2026-09-07 23:03:20+00,2026-09-07 23:03:30+00,MSFT,high,1003,419.671306,493937,63.46,233,287
2026-09-07 23:03:20+00,2026-09-07 23:03:30+00,PETR4,high,971,38.011236,479983,60.42,240,283
2026-09-07 23:03:20+00,2026-09-07 23:03:30+00,VALE3,high,980,62.019745,489013,13.08,52,129
2026-09-07 23:03:30+00,2026-09-07 23:03:40+00,AAPL,high,1047,169.952875,514225,62.47,235,294
2026-09-07 23:03:30+00,2026-09-07 23:03:40+00,ABEV3,high,965,11.997523,485529,59.92,244,312
2026-09-07 23:03:30+00,2026-09-07 23:03:40+00,BBDC4,high,1026,13.996423,497812,63.23,235,310
2026-09-07 23:03:30+00,2026-09-07 23:03:40+00,BOVA11,high,1073,124.991156,540314,61.58,235,308
2026-09-07 23:03:30+00,2026-09-07 23:03:40+00,BTC-USD,high,975,64953.225200,481299,68.88,243,304
2026-09-07 23:03:30+00,2026-09-07 23:03:40+00,ITUB4,high,1003,33.993240,497972,13.73,66,139
2026-09-07 23:03:30+00,2026-09-07 23:03:40+00,MGLU3,high,989,2.000455,482519,65.54,245,302
2026-09-07 23:03:30+00,2026-09-07 23:03:40+00,MSFT,high,910,420.037560,441422,61.82,237,313
2026-09-07 23:03:30+00,2026-09-07 23:03:40+00,PETR4,high,1034,37.990822,506700,63.42,233,301
2026-09-07 23:03:30+00,2026-09-07 23:03:40+00,VALE3,high,986,61.986075,499338,13.20,53,143
2026-09-07 23:03:40+00,2026-09-07 23:03:50+00,AAPL,high,997,169.910130,503103,58.60,229,292
2026-09-07 23:03:40+00,2026-09-07 23:03:50+00,ABEV3,high,1062,12.002137,524553,62.28,243,299
2026-09-07 23:03:40+00,2026-09-07 23:03:50+00,BBDC4,high,992,14.003589,492005,65.28,236,300
2026-09-07 23:03:40+00,2026-09-07 23:03:50+00,BOVA11,high,982,125.017322,490581,64.37,241,304
2026-09-07 23:03:40+00,2026-09-07 23:03:50+00,BTC-USD,high,987,65010.373658,515291,64.98,251,307
2026-09-07 23:03:40+00,2026-09-07 23:03:50+00,ITUB4,high,1018,33.989322,511277,13.23,63,119
2026-09-07 23:03:40+00,2026-09-07 23:03:50+00,MGLU3,high,993,1.999960,493776,62.86,235,305
2026-09-07 23:03:40+00,2026-09-07 23:03:50+00,MSFT,high,961,419.964464,492989,64.47,238,291
2026-09-07 23:03:40+00,2026-09-07 23:03:50+00,PETR4,high,967,38.007322,487361,62.66,232,287
2026-09-07 23:03:40+00,2026-09-07 23:03:50+00,VALE3,high,952,61.993897,489014,13.88,66,120
2026-09-07 23:03:50+00,2026-09-07 23:04:00+00,AAPL,high,1005,170.003662,516287,69.08,243,306
2026-09-07 23:03:50+00,2026-09-07 23:04:00+00,ABEV3,high,1011,12.002245,502018,64.97,249,318
2026-09-07 23:03:50+00,2026-09-07 23:04:00+00,BBDC4,high,959,14.006496,473665,64.20,247,309
2026-09-07 23:03:50+00,2026-09-07 23:04:00+00,BOVA11,high,973,125.009414,473180,67.85,247,316
2026-09-07 23:03:50+00,2026-09-07 23:04:00+00,BTC-USD,high,1019,64991.382287,507911,66.79,249,317
2026-09-07 23:03:50+00,2026-09-07 23:04:00+00,ITUB4,high,1004,34.001624,506004,14.00,73,149
2026-09-07 23:03:50+00,2026-09-07 23:04:00+00,MGLU3,high,993,2.000131,505491,66.91,245,292
2026-09-07 23:03:50+00,2026-09-07 23:04:00+00,MSFT,high,991,420.035711,494058,69.74,251,319
2026-09-07 23:03:50+00,2026-09-07 23:04:00+00,PETR4,high,1039,38.016102,529716,63.44,244,307
2026-09-07 23:03:50+00,2026-09-07 23:04:00+00,VALE3,high,971,61.978105,495713,14.89,79,155
2026-09-07 23:04:00+00,2026-09-07 23:04:10+00,AAPL,high,991,169.999495,496043,70.17,257,323
2026-09-07 23:04:00+00,2026-09-07 23:04:10+00,ABEV3,high,1015,11.997261,515234,73.51,254,326
2026-09-07 23:04:00+00,2026-09-07 23:04:10+00,BBDC4,high,969,14.006047,491457,68.43,255,318
2026-09-07 23:04:00+00,2026-09-07 23:04:10+00,BOVA11,high,1037,124.963790,532171,69.20,260,335
2026-09-07 23:04:00+00,2026-09-07 23:04:10+00,BTC-USD,high,976,65020.341096,490666,73.04,259,324
2026-09-07 23:04:00+00,2026-09-07 23:04:10+00,ITUB4,high,993,33.981682,481051,14.92,75,168
2026-09-07 23:04:00+00,2026-09-07 23:04:10+00,MGLU3,high,1036,1.999064,526508,67.44,257,334
2026-09-07 23:04:00+00,2026-09-07 23:04:10+00,MSFT,high,957,420.132926,490981,74.72,263,335
2026-09-07 23:04:00+00,2026-09-07 23:04:10+00,PETR4,high,1019,37.987959,510719,69.96,250,322
2026-09-07 23:04:00+00,2026-09-07 23:04:10+00,VALE3,high,1002,61.973234,513772,15.29,86,167
2026-09-07 23:04:10+00,2026-09-07 23:04:20+00,AAPL,high,284,169.955775,151987,79.43,267,325
2026-09-07 23:04:10+00,2026-09-07 23:04:20+00,ABEV3,high,297,11.995286,146087,74.65,273,324
2026-09-07 23:04:10+00,2026-09-07 23:04:20+00,BBDC4,high,290,13.988655,141538,88.27,271,322
2026-09-07 23:04:10+00,2026-09-07 23:04:20+00,BOVA11,high,319,125.033918,164754,86.03,266,319
2026-09-07 23:04:10+00,2026-09-07 23:04:20+00,BTC-USD,high,289,65008.217924,139168,72.93,247,321
2026-09-07 23:04:10+00,2026-09-07 23:04:20+00,ITUB4,high,262,34.020267,138516,12.02,31,135
2026-09-07 23:04:10+00,2026-09-07 23:04:20+00,MGLU3,high,266,2.000752,130328,87.62,274,323
2026-09-07 23:04:10+00,2026-09-07 23:04:20+00,MSFT,high,273,420.428425,132021,75.08,265,323
2026-09-07 23:04:10+00,2026-09-07 23:04:20+00,PETR4,high,286,38.026993,146999,77.85,250,312
2026-09-07 23:04:10+00,2026-09-07 23:04:20+00,VALE3,high,258,62.020194,123613,13.16,72,126
