bucket_start,bucket_end,symbol,scenario,event_count,avg_price,total_quantity,avg_ingestion_latency_ms,p95_ingestion_latency_ms,max_ingestion_latency_ms
2026-09-07 22:08:00+00,2026-09-07 22:08:10+00,AAPL,low,2,170.530000,669,13.50,14,14
2026-09-07 22:08:00+00,2026-09-07 22:08:10+00,ABEV3,low,2,12.095000,889,13.00,13,13
2026-09-07 22:08:00+00,2026-09-07 22:08:10+00,BBDC4,low,2,14.005000,1652,13.50,14,14
2026-09-07 22:08:00+00,2026-09-07 22:08:10+00,BTC-USD,low,1,65336.030000,854,34.00,34,34
2026-09-07 22:08:00+00,2026-09-07 22:08:10+00,ITUB4,low,1,34.440000,514,14.00,14,14
2026-09-07 22:08:00+00,2026-09-07 22:08:10+00,MGLU3,low,2,2.010000,530,14.00,14,14
2026-09-07 22:08:00+00,2026-09-07 22:08:10+00,PETR4,low,1,38.370000,945,13.00,13,13
2026-09-07 22:08:10+00,2026-09-07 22:08:20+00,AAPL,low,13,171.053846,7202,13.85,18,18
2026-09-07 22:08:10+00,2026-09-07 22:08:20+00,ABEV3,low,8,12.073750,5132,186.88,1394,1394
2026-09-07 22:08:10+00,2026-09-07 22:08:20+00,BBDC4,low,9,13.963333,4722,144.44,1196,1196
2026-09-07 22:08:10+00,2026-09-07 22:08:20+00,BOVA11,low,11,124.556364,7791,164.45,800,800
2026-09-07 22:08:10+00,2026-09-07 22:08:20+00,BTC-USD,low,12,64683.515000,7018,103.42,999,999
2026-09-07 22:08:10+00,2026-09-07 22:08:20+00,ITUB4,low,15,33.878667,6191,13.40,15,15
2026-09-07 22:08:10+00,2026-09-07 22:08:20+00,MGLU3,low,9,1.987778,3973,242.33,1097,1097
2026-09-07 22:08:10+00,2026-09-07 22:08:20+00,MSFT,low,16,418.904375,9863,93.81,1295,1295
2026-09-07 22:08:10+00,2026-09-07 22:08:20+00,PETR4,low,5,38.016000,1798,307.60,899,899
2026-09-07 22:08:10+00,2026-09-07 22:08:20+00,VALE3,low,9,61.763333,3189,18.22,36,36
2026-09-07 22:08:20+00,2026-09-07 22:08:30+00,AAPL,low,11,169.400000,6056,85.64,271,271
2026-09-07 22:08:20+00,2026-09-07 22:08:30+00,ABEV3,low,14,12.006429,5027,100.71,704,704
2026-09-07 22:08:20+00,2026-09-07 22:08:30+00,BBDC4,low,14,13.992143,6192,112.93,902,902
2026-09-07 22:08:20+00,2026-09-07 22:08:30+00,BOVA11,low,9,125.084444,4058,111.56,606,606
2026-09-07 22:08:20+00,2026-09-07 22:08:30+00,BTC-USD,low,6,65104.008333,3742,182.50,1000,1000
2026-09-07 22:08:20+00,2026-09-07 22:08:30+00,ITUB4,low,8,34.035000,5435,16.88,42,42
2026-09-07 22:08:20+00,2026-09-07 22:08:30+00,MGLU3,low,9,1.992222,5727,142.56,803,803
2026-09-07 22:08:20+00,2026-09-07 22:08:30+00,MSFT,low,10,420.429000,4689,46.10,209,209
2026-09-07 22:08:20+00,2026-09-07 22:08:30+00,PETR4,low,9,38.041111,4688,78.22,507,507
2026-09-07 22:08:20+00,2026-09-07 22:08:30+00,VALE3,low,10,61.759000,5280,69.60,300,300
2026-09-07 22:08:30+00,2026-09-07 22:08:40+00,AAPL,low,10,170.579000,4135,35.20,122,122
2026-09-07 22:08:30+00,2026-09-07 22:08:40+00,ABEV3,low,11,11.974545,4648,18.27,64,64
2026-09-07 22:08:30+00,2026-09-07 22:08:40+00,BBDC4,low,6,13.955000,3014,13.33,14,14
2026-09-07 22:08:30+00,2026-09-07 22:08:40+00,BOVA11,low,9,125.385556,3664,36.22,84,84
2026-09-07 22:08:30+00,2026-09-07 22:08:40+00,BTC-USD,low,11,64841.928182,5157,32.73,164,164
2026-09-07 22:08:30+00,2026-09-07 22:08:40+00,ITUB4,low,7,34.111429,3322,55.00,303,303
2026-09-07 22:08:30+00,2026-09-07 22:08:40+00,MGLU3,low,9,2.001111,3847,16.56,41,41
2026-09-07 22:08:30+00,2026-09-07 22:08:40+00,MSFT,low,13,419.743077,5587,13.15,14,14
2026-09-07 22:08:30+00,2026-09-07 22:08:40+00,PETR4,low,9,37.950000,5108,30.00,97,97
2026-09-07 22:08:30+00,2026-09-07 22:08:40+00,VALE3,low,10,61.782000,4432,44.60,174,174
2026-09-07 22:08:40+00,2026-09-07 22:08:50+00,AAPL,low,10,169.921000,4866,161.60,580,580
2026-09-07 22:08:40+00,2026-09-07 22:08:50+00,ABEV3,low,15,11.988000,8065,77.00,489,489
2026-09-07 22:08:40+00,2026-09-07 22:08:50+00,BBDC4,low,8,13.981250,5352,202.13,888,888
2026-09-07 22:08:40+00,2026-09-07 22:08:50+00,BOVA11,low,9,125.514444,5564,240.33,1387,1387
2026-09-07 22:08:40+00,2026-09-07 22:08:50+00,BTC-USD,low,10,65174.476000,4897,36.60,102,102
2026-09-07 22:08:40+00,2026-09-07 22:08:50+00,ITUB4,low,15,34.034667,7818,219.53,1354,1354
2026-09-07 22:08:40+00,2026-09-07 22:08:50+00,MGLU3,low,9,1.992222,3246,119.78,389,389
2026-09-07 22:08:40+00,2026-09-07 22:08:50+00,MSFT,low,14,419.706429,6166,38.71,182,182
2026-09-07 22:08:40+00,2026-09-07 22:08:50+00,PETR4,low,7,37.972857,3723,184.14,1088,1088
2026-09-07 22:08:40+00,2026-09-07 22:08:50+00,VALE3,low,7,62.040000,4166,210.43,1154,1154
2026-09-07 22:08:50+00,2026-09-07 22:09:00+00,AAPL,low,10,170.112000,4734,144.70,867,867
2026-09-07 22:08:50+00,2026-09-07 22:09:00+00,ABEV3,low,7,12.035714,3155,129.57,469,469
2026-09-07 22:08:50+00,2026-09-07 22:09:00+00,BBDC4,low,11,13.999091,4532,38.45,144,144
2026-09-07 22:08:50+00,2026-09-07 22:09:00+00,BOVA11,low,6,124.885000,1694,165.00,769,769
2026-09-07 22:08:50+00,2026-09-07 22:09:00+00,BTC-USD,low,11,65064.209091,6321,137.64,1267,1267
2026-09-07 22:08:50+00,2026-09-07 22:09:00+00,ITUB4,low,12,33.930000,4871,119.08,661,661
2026-09-07 22:08:50+00,2026-09-07 22:09:00+00,MGLU3,low,10,1.997000,5940,28.50,106,106
2026-09-07 22:08:50+00,2026-09-07 22:09:00+00,MSFT,low,11,421.242727,5772,304.09,1366,1366
2026-09-07 22:08:50+00,2026-09-07 22:09:00+00,PETR4,low,14,38.077857,6146,158.07,1067,1067
2026-09-07 22:08:50+00,2026-09-07 22:09:00+00,VALE3,low,9,61.664444,5880,57.89,372,372
2026-09-07 22:09:00+00,2026-09-07 22:09:10+00,AAPL,low,10,170.097000,5560,12.60,13,13
2026-09-07 22:09:00+00,2026-09-07 22:09:10+00,ABEV3,low,7,11.940000,5307,12.71,13,13
2026-09-07 22:09:00+00,2026-09-07 22:09:10+00,BBDC4,low,6,14.028333,3538,14.33,22,22
2026-09-07 22:09:00+00,2026-09-07 22:09:10+00,BOVA11,low,10,124.904000,5558,13.10,14,14
2026-09-07 22:09:00+00,2026-09-07 22:09:10+00,BTC-USD,low,12,65024.400833,5856,35.00,193,193
2026-09-07 22:09:00+00,2026-09-07 22:09:10+00,ITUB4,low,11,33.937273,5263,12.91,14,14
2026-09-07 22:09:00+00,2026-09-07 22:09:10+00,MGLU3,low,7,2.005714,3913,13.14,14,14
2026-09-07 22:09:00+00,2026-09-07 22:09:10+00,MSFT,low,13,420.470000,5503,13.00,14,14
2026-09-07 22:09:00+00,2026-09-07 22:09:10+00,PETR4,low,9,38.084444,5221,12.89,13,13
2026-09-07 22:09:00+00,2026-09-07 22:09:10+00,VALE3,low,15,62.110000,6179,13.07,14,14
2026-09-07 22:09:10+00,2026-09-07 22:09:20+00,AAPL,low,8,169.707500,4742,13.25,14,14
2026-09-07 22:09:10+00,2026-09-07 22:09:20+00,ABEV3,low,13,12.044615,7275,13.15,14,14
2026-09-07 22:09:10+00,2026-09-07 22:09:20+00,BBDC4,low,16,13.951875,10060,33.50,210,210
2026-09-07 22:09:10+00,2026-09-07 22:09:20+00,BOVA11,low,8,125.117500,3172,18.13,53,53
2026-09-07 22:09:10+00,2026-09-07 22:09:20+00,BTC-USD,low,11,65064.750000,5951,13.27,18,18
2026-09-07 22:09:10+00,2026-09-07 22:09:20+00,ITUB4,low,4,33.982500,1157,13.25,14,14
2026-09-07 22:09:10+00,2026-09-07 22:09:20+00,MGLU3,low,8,2.007500,3407,30.25,152,152
2026-09-07 22:09:10+00,2026-09-07 22:09:20+00,MSFT,low,10,420.159000,5627,13.10,16,16
2026-09-07 22:09:10+00,2026-09-07 22:09:20+00,PETR4,low,13,38.042308,5017,23.62,151,151
2026-09-07 22:09:10+00,2026-09-07 22:09:20+00,VALE3,low,9,62.138889,4152,12.89,15,15
2026-09-07 22:09:20+00,2026-09-07 22:09:30+00,AAPL,low,13,170.395385,5091,28.15,203,203
2026-09-07 22:09:20+00,2026-09-07 22:09:30+00,ABEV3,low,9,12.020000,4145,25.00,125,125
2026-09-07 22:09:20+00,2026-09-07 22:09:30+00,BBDC4,low,9,13.958889,5139,16.00,41,41
2026-09-07 22:09:20+00,2026-09-07 22:09:30+00,BOVA11,low,10,125.449000,4230,33.60,141,141
2026-09-07 22:09:20+00,2026-09-07 22:09:30+00,BTC-USD,low,9,64681.906667,5389,12.67,14,14
2026-09-07 22:09:20+00,2026-09-07 22:09:30+00,ITUB4,low,9,33.925556,4241,44.44,302,302
2026-09-07 22:09:20+00,2026-09-07 22:09:30+00,MGLU3,low,9,2.007778,3629,24.11,114,114
2026-09-07 22:09:20+00,2026-09-07 22:09:30+00,MSFT,low,10,418.869000,5153,32.80,214,214
2026-09-07 22:09:20+00,2026-09-07 22:09:30+00,PETR4,low,11,38.022727,5065,42.18,240,240
2026-09-07 22:09:20+00,2026-09-07 22:09:30+00,VALE3,low,10,61.760000,4002,21.10,98,98
2026-09-07 22:09:30+00,2026-09-07 22:09:40+00,AAPL,low,9,169.827778,3921,12.67,14,14
2026-09-07 22:09:30+00,2026-09-07 22:09:40+00,ABEV3,low,8,12.040000,4452,12.75,14,14
2026-09-07 22:09:30+00,2026-09-07 22:09:40+00,BBDC4,low,12,13.963333,6827,12.50,13,13
2026-09-07 22:09:30+00,2026-09-07 22:09:40+00,BOVA11,low,9,124.751111,3107,12.56,14,14
2026-09-07 22:09:30+00,2026-09-07 22:09:40+00,BTC-USD,low,10,65070.197000,4089,13.00,14,14
2026-09-07 22:09:30+00,2026-09-07 22:09:40+00,ITUB4,low,14,34.043571,7191,13.07,15,15
2026-09-07 22:09:30+00,2026-09-07 22:09:40+00,MGLU3,low,14,1.992857,7938,12.86,14,14
2026-09-07 22:09:30+00,2026-09-07 22:09:40+00,MSFT,low,10,421.186000,5561,12.80,14,14
2026-09-07 22:09:30+00,2026-09-07 22:09:40+00,PETR4,low,6,37.756667,1720,12.50,13,13
2026-09-07 22:09:30+00,2026-09-07 22:09:40+00,VALE3,low,9,62.090000,5088,12.67,14,14
2026-09-07 22:09:40+00,2026-09-07 22:09:50+00,AAPL,low,12,169.502500,6981,12.42,13,13
2026-09-07 22:09:40+00,2026-09-07 22:09:50+00,ABEV3,low,16,12.040625,7077,12.88,17,17
2026-09-07 22:09:40+00,2026-09-07 22:09:50+00,BBDC4,low,10,13.985000,3703,12.40,13,13
2026-09-07 22:09:40+00,2026-09-07 22:09:50+00,BOVA11,low,7,124.320000,4529,12.43,13,13
2026-09-07 22:09:40+00,2026-09-07 22:09:50+00,BTC-USD,low,10,64828.956000,4830,12.80,13,13
2026-09-07 22:09:40+00,2026-09-07 22:09:50+00,ITUB4,low,11,33.921818,6544,12.73,14,14
2026-09-07 22:09:40+00,2026-09-07 22:09:50+00,MGLU3,low,7,1.997143,3782,13.00,14,14
2026-09-07 22:09:40+00,2026-09-07 22:09:50+00,MSFT,low,10,420.145000,4809,15.00,38,38
2026-09-07 22:09:40+00,2026-09-07 22:09:50+00,PETR4,low,12,38.005000,5267,13.00,16,16
2026-09-07 22:09:40+00,2026-09-07 22:09:50+00,VALE3,low,5,62.004000,4413,12.40,13,13
2026-09-07 22:09:50+00,2026-09-07 22:10:00+00,AAPL,low,15,170.186667,6420,31.73,203,203
2026-09-07 22:09:50+00,2026-09-07 22:10:00+00,ABEV3,low,7,12.020000,3597,13.14,14,14
2026-09-07 22:09:50+00,2026-09-07 22:10:00+00,BBDC4,low,9,14.034444,5023,13.00,14,14
2026-09-07 22:09:50+00,2026-09-07 22:10:00+00,BOVA11,low,17,125.305294,8914,41.71,501,501
2026-09-07 22:09:50+00,2026-09-07 22:10:00+00,BTC-USD,low,6,64668.293333,1673,13.00,14,14
2026-09-07 22:09:50+00,2026-09-07 22:10:00+00,ITUB4,low,8,33.963750,4571,12.88,14,14
2026-09-07 22:09:50+00,2026-09-07 22:10:00+00,MGLU3,low,8,1.985000,4773,121.25,588,588
2026-09-07 22:09:50+00,2026-09-07 22:10:00+00,MSFT,low,12,421.352500,7014,13.00,14,14
2026-09-07 22:09:50+00,2026-09-07 22:10:00+00,PETR4,low,5,37.808000,1009,91.00,403,403
2026-09-07 22:09:50+00,2026-09-07 22:10:00+00,VALE3,low,13,61.973077,7865,13.31,14,14
2026-09-07 22:10:00+00,2026-09-07 22:10:10+00,AAPL,low,13,170.522308,6863,19.31,93,93
2026-09-07 22:10:00+00,2026-09-07 22:10:10+00,ABEV3,low,9,11.991111,5631,13.44,17,17
2026-09-07 22:10:00+00,2026-09-07 22:10:10+00,BBDC4,low,10,13.954000,4014,12.90,14,14
2026-09-07 22:10:00+00,2026-09-07 22:10:10+00,BOVA11,low,6,125.630000,3770,12.83,13,13
2026-09-07 22:10:00+00,2026-09-07 22:10:10+00,BTC-USD,low,15,64862.810000,8160,13.60,20,20
2026-09-07 22:10:00+00,2026-09-07 22:10:10+00,ITUB4,low,6,33.830000,4072,13.00,13,13
2026-09-07 22:10:00+00,2026-09-07 22:10:10+00,MGLU3,low,4,2.007500,1959,13.00,13,13
2026-09-07 22:10:00+00,2026-09-07 22:10:10+00,MSFT,low,11,420.925455,3506,13.27,15,15
2026-09-07 22:10:00+00,2026-09-07 22:10:10+00,PETR4,low,15,37.888667,9716,12.87,14,14
2026-09-07 22:10:00+00,2026-09-07 22:10:10+00,VALE3,low,10,61.937000,5329,13.00,14,14
2026-09-07 22:10:10+00,2026-09-07 22:10:20+00,AAPL,low,9,170.956667,4447,12.67,13,13
2026-09-07 22:10:10+00,2026-09-07 22:10:20+00,ABEV3,low,9,12.027778,4750,12.89,13,13
2026-09-07 22:10:10+00,2026-09-07 22:10:20+00,BBDC4,low,13,14.010000,8017,12.92,13,13
2026-09-07 22:10:10+00,2026-09-07 22:10:20+00,BOVA11,low,9,125.867778,3642,12.56,13,13
2026-09-07 22:10:10+00,2026-09-07 22:10:20+00,BTC-USD,low,13,64867.719231,6070,12.85,13,13
2026-09-07 22:10:10+00,2026-09-07 22:10:20+00,ITUB4,low,10,33.963000,6248,13.20,16,16
2026-09-07 22:10:10+00,2026-09-07 22:10:20+00,MGLU3,low,11,2.000909,6400,13.00,13,13
2026-09-07 22:10:10+00,2026-09-07 22:10:20+00,MSFT,low,9,418.468889,4382,12.89,13,13
2026-09-07 22:10:10+00,2026-09-07 22:10:20+00,PETR4,low,9,38.185556,4224,12.89,13,13
2026-09-07 22:10:10+00,2026-09-07 22:10:20+00,VALE3,low,9,61.890000,4634,12.89,13,13
2026-09-07 22:10:20+00,2026-09-07 22:10:30+00,AAPL,low,10,170.982000,8182,13.00,14,14
2026-09-07 22:10:20+00,2026-09-07 22:10:30+00,ABEV3,low,13,11.999231,7307,17.00,69,69
2026-09-07 22:10:20+00,2026-09-07 22:10:30+00,BBDC4,low,15,14.046000,7720,59.27,367,367
2026-09-07 22:10:20+00,2026-09-07 22:10:30+00,BOVA11,low,13,124.925385,6897,14.38,32,32
2026-09-07 22:10:20+00,2026-09-07 22:10:30+00,BTC-USD,low,8,64893.976250,5902,32.25,168,168
2026-09-07 22:10:20+00,2026-09-07 22:10:30+00,ITUB4,low,8,33.865000,3147,12.75,14,14
2026-09-07 22:10:20+00,2026-09-07 22:10:30+00,MGLU3,low,7,1.995714,2483,12.71,13,13
2026-09-07 22:10:20+00,2026-09-07 22:10:30+00,MSFT,low,11,419.040000,6285,15.00,35,35
2026-09-07 22:10:20+00,2026-09-07 22:10:30+00,PETR4,low,10,38.033000,5001,38.40,268,268
2026-09-07 22:10:20+00,2026-09-07 22:10:30+00,VALE3,low,5,61.948000,3491,12.60,13,13
2026-09-07 22:10:30+00,2026-09-07 22:10:40+00,AAPL,low,10,170.580000,4890,12.80,13,13
2026-09-07 22:10:30+00,2026-09-07 22:10:40+00,ABEV3,low,10,11.998000,4451,12.80,13,13
2026-09-07 22:10:30+00,2026-09-07 22:10:40+00,BBDC4,low,16,13.987500,7458,12.75,13,13
2026-09-07 22:10:30+00,2026-09-07 22:10:40+00,BOVA11,low,19,125.147368,7649,16.37,84,84
2026-09-07 22:10:30+00,2026-09-07 22:10:40+00,BTC-USD,low,9,65393.473333,3998,12.89,14,14
2026-09-07 22:10:30+00,2026-09-07 22:10:40+00,ITUB4,low,8,34.042500,3180,13.00,13,13
2026-09-07 22:10:30+00,2026-09-07 22:10:40+00,MGLU3,low,6,1.991667,2458,12.83,13,13
2026-09-07 22:10:30+00,2026-09-07 22:10:40+00,MSFT,low,10,417.445000,5059,13.10,15,15
2026-09-07 22:10:30+00,2026-09-07 22:10:40+00,PETR4,low,7,37.845714,3492,12.86,13,13
2026-09-07 22:10:30+00,2026-09-07 22:10:40+00,VALE3,low,5,61.934000,2327,13.00,13,13
2026-09-07 22:10:40+00,2026-09-07 22:10:50+00,AAPL,low,7,170.518571,2260,12.86,13,13
2026-09-07 22:10:40+00,2026-09-07 22:10:50+00,ABEV3,low,16,12.001875,9293,14.19,35,35
2026-09-07 22:10:40+00,2026-09-07 22:10:50+00,BBDC4,low,10,13.965000,5049,14.30,28,28
2026-09-07 22:10:40+00,2026-09-07 22:10:50+00,BOVA11,low,14,124.637857,7234,12.57,14,14
2026-09-07 22:10:40+00,2026-09-07 22:10:50+00,BTC-USD,low,11,65241.230909,6762,15.91,39,39
2026-09-07 22:10:40+00,2026-09-07 22:10:50+00,ITUB4,low,5,34.096000,3092,12.80,13,13
2026-09-07 22:10:40+00,2026-09-07 22:10:50+00,MGLU3,low,10,2.003000,5298,13.00,13,13
2026-09-07 22:10:40+00,2026-09-07 22:10:50+00,MSFT,low,7,421.960000,3474,21.29,73,73
2026-09-07 22:10:40+00,2026-09-07 22:10:50+00,PETR4,low,12,37.982500,5883,12.75,14,14
2026-09-07 22:10:40+00,2026-09-07 22:10:50+00,VALE3,low,8,62.078750,2601,13.00,16,16
2026-09-07 22:10:50+00,2026-09-07 22:11:00+00,AAPL,low,14,170.047857,7410,12.79,19,19
2026-09-07 22:10:50+00,2026-09-07 22:11:00+00,ABEV3,low,7,11.992857,3512,12.29,13,13
2026-09-07 22:10:50+00,2026-09-07 22:11:00+00,BBDC4,low,8,13.993750,4487,12.00,12,12
2026-09-07 22:10:50+00,2026-09-07 22:11:00+00,BOVA11,low,9,124.517778,5112,12.56,13,13
2026-09-07 22:10:50+00,2026-09-07 22:11:00+00,BTC-USD,low,12,64860.695833,6547,12.50,13,13
2026-09-07 22:10:50+00,2026-09-07 22:11:00+00,ITUB4,low,13,34.026154,5053,12.31,13,13
2026-09-07 22:10:50+00,2026-09-07 22:11:00+00,MGLU3,low,10,2.007000,2660,12.70,14,14
2026-09-07 22:10:50+00,2026-09-07 22:11:00+00,MSFT,low,8,418.951250,3073,41.00,189,189
2026-09-07 22:10:50+00,2026-09-07 22:11:00+00,PETR4,low,11,38.074545,3030,19.36,90,90
2026-09-07 22:10:50+00,2026-09-07 22:11:00+00,VALE3,low,8,62.067500,4938,14.13,27,27
2026-09-07 22:11:00+00,2026-09-07 22:11:10+00,AAPL,low,9,169.685556,5523,12.44,14,14
2026-09-07 22:11:00+00,2026-09-07 22:11:10+00,ABEV3,low,7,11.984286,3476,12.14,13,13
2026-09-07 22:11:00+00,2026-09-07 22:11:10+00,BBDC4,low,10,14.028000,5217,12.50,15,15
2026-09-07 22:11:00+00,2026-09-07 22:11:10+00,BOVA11,low,7,125.431429,3120,13.29,16,16
2026-09-07 22:11:00+00,2026-09-07 22:11:10+00,BTC-USD,low,14,64996.966429,7252,12.36,14,14
2026-09-07 22:11:00+00,2026-09-07 22:11:10+00,ITUB4,low,8,34.090000,3125,12.00,12,12
2026-09-07 22:11:00+00,2026-09-07 22:11:10+00,MGLU3,low,11,2.000000,7269,12.45,15,15
2026-09-07 22:11:00+00,2026-09-07 22:11:10+00,MSFT,low,16,419.599375,8055,12.31,13,13
2026-09-07 22:11:00+00,2026-09-07 22:11:10+00,PETR4,low,7,37.942857,3735,12.29,13,13
2026-09-07 22:11:00+00,2026-09-07 22:11:10+00,VALE3,low,10,62.020000,5383,12.40,13,13
2026-09-07 22:11:10+00,2026-09-07 22:11:20+00,AAPL,low,6,168.928333,3408,12.67,13,13
2026-09-07 22:11:10+00,2026-09-07 22:11:20+00,ABEV3,low,11,12.017273,5628,38.73,261,261
2026-09-07 22:11:10+00,2026-09-07 22:11:20+00,BBDC4,low,6,14.060000,3180,92.33,473,473
2026-09-07 22:11:10+00,2026-09-07 22:11:20+00,BOVA11,low,11,124.520000,6207,98.55,672,672
2026-09-07 22:11:10+00,2026-09-07 22:11:20+00,BTC-USD,low,8,64984.755000,3058,82.50,572,572
2026-09-07 22:11:10+00,2026-09-07 22:11:20+00,ITUB4,low,13,33.982308,5792,16.38,63,63
2026-09-07 22:11:10+00,2026-09-07 22:11:20+00,MGLU3,low,13,1.999231,7813,136.77,871,871
2026-09-07 22:11:10+00,2026-09-07 22:11:20+00,MSFT,low,13,418.773077,6651,56.54,273,273
2026-09-07 22:11:10+00,2026-09-07 22:11:20+00,PETR4,low,11,38.110909,6570,21.64,61,61
2026-09-07 22:11:10+00,2026-09-07 22:11:20+00,VALE3,low,8,61.748750,3128,12.38,13,13
2026-09-07 22:11:20+00,2026-09-07 22:11:30+00,AAPL,low,12,169.085000,7202,14.08,32,32
2026-09-07 22:11:20+00,2026-09-07 22:11:30+00,ABEV3,low,12,12.032500,7435,22.42,131,131
2026-09-07 22:11:20+00,2026-09-07 22:11:30+00,BBDC4,low,11,14.056364,5841,12.73,14,14
2026-09-07 22:11:20+00,2026-09-07 22:11:30+00,BOVA11,low,8,125.493750,4787,34.13,187,187
2026-09-07 22:11:20+00,2026-09-07 22:11:30+00,BTC-USD,low,6,65180.991667,3219,12.67,13,13
2026-09-07 22:11:20+00,2026-09-07 22:11:30+00,ITUB4,low,10,33.985000,4654,12.60,13,13
2026-09-07 22:11:20+00,2026-09-07 22:11:30+00,MGLU3,low,9,1.995556,3774,12.78,16,16
2026-09-07 22:11:20+00,2026-09-07 22:11:30+00,MSFT,low,12,418.812500,3817,18.92,87,87
2026-09-07 22:11:20+00,2026-09-07 22:11:30+00,PETR4,low,13,37.856923,6043,12.54,13,13
2026-09-07 22:11:20+00,2026-09-07 22:11:30+00,VALE3,low,8,61.946250,5607,12.63,13,13
2026-09-07 22:11:30+00,2026-09-07 22:11:40+00,AAPL,low,8,170.097500,3798,12.50,13,13
2026-09-07 22:11:30+00,2026-09-07 22:11:40+00,ABEV3,low,14,12.034286,8215,12.57,14,14
2026-09-07 22:11:30+00,2026-09-07 22:11:40+00,BBDC4,low,7,13.944286,3781,12.14,13,13
2026-09-07 22:11:30+00,2026-09-07 22:11:40+00,BOVA11,low,15,124.916000,7167,12.67,13,13
2026-09-07 22:11:30+00,2026-09-07 22:11:40+00,BTC-USD,low,5,64898.774000,2223,12.60,13,13
2026-09-07 22:11:30+00,2026-09-07 22:11:40+00,ITUB4,low,10,33.934000,5719,12.50,13,13
2026-09-07 22:11:30+00,2026-09-07 22:11:40+00,MGLU3,low,8,2.001250,4153,12.25,13,13
2026-09-07 22:11:30+00,2026-09-07 22:11:40+00,MSFT,low,15,419.612667,7716,12.60,13,13
2026-09-07 22:11:30+00,2026-09-07 22:11:40+00,PETR4,low,10,37.928000,3554,12.80,15,15
2026-09-07 22:11:30+00,2026-09-07 22:11:40+00,VALE3,low,8,61.938750,4440,12.00,12,12
2026-09-07 22:11:40+00,2026-09-07 22:11:50+00,AAPL,low,13,170.006923,4944,12.54,14,14
2026-09-07 22:11:40+00,2026-09-07 22:11:50+00,ABEV3,low,7,12.001429,3780,12.43,13,13
2026-09-07 22:11:40+00,2026-09-07 22:11:50+00,BBDC4,low,11,14.027273,4074,12.45,14,14
2026-09-07 22:11:40+00,2026-09-07 22:11:50+00,BOVA11,low,14,125.065000,7222,12.36,13,13
2026-09-07 22:11:40+00,2026-09-07 22:11:50+00,BTC-USD,low,10,64998.938000,5473,12.50,13,13
2026-09-07 22:11:40+00,2026-09-07 22:11:50+00,ITUB4,low,9,33.947778,3246,12.44,13,13
2026-09-07 22:11:40+00,2026-09-07 22:11:50+00,MGLU3,low,10,1.991000,4992,12.30,13,13
2026-09-07 22:11:40+00,2026-09-07 22:11:50+00,MSFT,low,9,418.835556,3586,12.22,13,13
2026-09-07 22:11:40+00,2026-09-07 22:11:50+00,PETR4,low,10,38.188000,6096,12.70,14,14
2026-09-07 22:11:40+00,2026-09-07 22:11:50+00,VALE3,low,6,62.163333,2219,12.33,13,13
2026-09-07 22:11:50+00,2026-09-07 22:12:00+00,AAPL,low,14,170.372857,6464,12.71,14,14
2026-09-07 22:11:50+00,2026-09-07 22:12:00+00,ABEV3,low,4,12.112500,2019,13.00,13,13
2026-09-07 22:11:50+00,2026-09-07 22:12:00+00,BBDC4,low,9,14.068889,5846,12.56,13,13
2026-09-07 22:11:50+00,2026-09-07 22:12:00+00,BOVA11,low,3,124.590000,1223,12.67,14,14
2026-09-07 22:11:50+00,2026-09-07 22:12:00+00,BTC-USD,low,13,65043.209231,6307,12.62,13,13
2026-09-07 22:11:50+00,2026-09-07 22:12:00+00,ITUB4,low,15,34.126000,9069,12.80,14,14
2026-09-07 22:11:50+00,2026-09-07 22:12:00+00,MGLU3,low,11,2.009091,5278,12.64,14,14
2026-09-07 22:11:50+00,2026-09-07 22:12:00+00,MSFT,low,13,420.356154,5965,12.69,14,14
2026-09-07 22:11:50+00,2026-09-07 22:12:00+00,PETR4,low,12,37.928333,5694,12.67,14,14
2026-09-07 22:11:50+00,2026-09-07 22:12:00+00,VALE3,low,7,61.690000,4212,12.86,14,14
2026-09-07 22:12:00+00,2026-09-07 22:12:10+00,AAPL,low,9,169.466667,3544,12.89,14,14
2026-09-07 22:12:00+00,2026-09-07 22:12:10+00,ABEV3,low,10,12.049000,6103,12.40,13,13
2026-09-07 22:12:00+00,2026-09-07 22:12:10+00,BBDC4,low,6,14.031667,4282,12.67,13,13
2026-09-07 22:12:00+00,2026-09-07 22:12:10+00,BOVA11,low,13,125.231538,5794,13.00,18,18
2026-09-07 22:12:00+00,2026-09-07 22:12:10+00,BTC-USD,low,12,65006.120833,4774,12.50,13,13
2026-09-07 22:12:00+00,2026-09-07 22:12:10+00,ITUB4,low,8,33.902500,4098,13.00,13,13
2026-09-07 22:12:00+00,2026-09-07 22:12:10+00,MGLU3,low,11,2.004545,5156,12.64,14,14
2026-09-07 22:12:00+00,2026-09-07 22:12:10+00,MSFT,low,13,419.953077,6892,12.54,14,14
2026-09-07 22:12:00+00,2026-09-07 22:12:10+00,PETR4,low,7,38.058571,3384,12.86,13,13
2026-09-07 22:12:00+00,2026-09-07 22:12:10+00,VALE3,low,11,62.123636,5551,12.91,14,14
2026-09-07 22:12:10+00,2026-09-07 22:12:20+00,AAPL,low,9,169.450000,4011,13.11,17,17
2026-09-07 22:12:10+00,2026-09-07 22:12:20+00,ABEV3,low,14,12.004286,4866,12.29,13,13
2026-09-07 22:12:10+00,2026-09-07 22:12:20+00,BBDC4,low,8,14.035000,4450,12.38,13,13
2026-09-07 22:12:10+00,2026-09-07 22:12:20+00,BOVA11,low,9,125.064444,3336,12.56,13,13
2026-09-07 22:12:10+00,2026-09-07 22:12:20+00,BTC-USD,low,7,65118.680000,4528,12.57,13,13
2026-09-07 22:12:10+00,2026-09-07 22:12:20+00,ITUB4,low,12,34.031667,6125,13.50,24,24
2026-09-07 22:12:10+00,2026-09-07 22:12:20+00,MGLU3,low,7,2.008571,4299,12.57,13,13
2026-09-07 22:12:10+00,2026-09-07 22:12:20+00,MSFT,low,10,420.403000,5040,12.60,14,14
2026-09-07 22:12:10+00,2026-09-07 22:12:20+00,PETR4,low,13,37.860000,4622,12.54,14,14
2026-09-07 22:12:10+00,2026-09-07 22:12:20+00,VALE3,low,11,61.890909,5668,12.82,17,17
2026-09-07 22:12:20+00,2026-09-07 22:12:30+00,AAPL,low,10,170.552000,4004,12.20,13,13
2026-09-07 22:12:20+00,2026-09-07 22:12:30+00,ABEV3,low,11,12.000909,5104,12.73,15,15
2026-09-07 22:12:20+00,2026-09-07 22:12:30+00,BBDC4,low,12,13.981667,7979,12.33,13,13
2026-09-07 22:12:20+00,2026-09-07 22:12:30+00,BOVA11,low,13,124.903077,4660,12.31,13,13
2026-09-07 22:12:20+00,2026-09-07 22:12:30+00,BTC-USD,low,11,64849.397273,4101,12.27,13,13
2026-09-07 22:12:20+00,2026-09-07 22:12:30+00,ITUB4,low,11,33.990000,5822,12.27,13,13
2026-09-07 22:12:20+00,2026-09-07 22:12:30+00,MGLU3,low,6,2.008333,3132,12.50,13,13
2026-09-07 22:12:20+00,2026-09-07 22:12:30+00,MSFT,low,7,420.005714,3243,12.71,13,13
2026-09-07 22:12:20+00,2026-09-07 22:12:30+00,PETR4,low,13,37.992308,5752,12.31,13,13
2026-09-07 22:12:20+00,2026-09-07 22:12:30+00,VALE3,low,6,62.381667,3397,12.17,13,13
2026-09-07 22:12:30+00,2026-09-07 22:12:40+00,AAPL,low,11,169.457273,4387,12.00,13,13
2026-09-07 22:12:30+00,2026-09-07 22:12:40+00,ABEV3,low,10,11.974000,4915,12.20,13,13
2026-09-07 22:12:30+00,2026-09-07 22:12:40+00,BBDC4,low,10,13.911000,6856,12.10,13,13
2026-09-07 22:12:30+00,2026-09-07 22:12:40+00,BOVA11,low,9,125.728889,4736,12.22,13,13
2026-09-07 22:12:30+00,2026-09-07 22:12:40+00,BTC-USD,low,13,64638.759231,5691,12.15,13,13
2026-09-07 22:12:30+00,2026-09-07 22:12:40+00,ITUB4,low,10,34.063000,5258,12.60,15,15
2026-09-07 22:12:30+00,2026-09-07 22:12:40+00,MGLU3,low,10,1.993000,5977,12.20,13,13
2026-09-07 22:12:30+00,2026-09-07 22:12:40+00,MSFT,low,8,419.433750,5407,11.88,13,13
2026-09-07 22:12:30+00,2026-09-07 22:12:40+00,PETR4,low,11,38.115455,5935,12.18,13,13
2026-09-07 22:12:30+00,2026-09-07 22:12:40+00,VALE3,low,8,62.118750,4644,12.38,13,13
2026-09-07 22:12:40+00,2026-09-07 22:12:50+00,AAPL,low,9,170.114444,4016,12.44,16,16
2026-09-07 22:12:40+00,2026-09-07 22:12:50+00,ABEV3,low,15,11.992000,8130,12.33,15,15
2026-09-07 22:12:40+00,2026-09-07 22:12:50+00,BBDC4,low,7,14.057143,3625,12.00,12,12
2026-09-07 22:12:40+00,2026-09-07 22:12:50+00,BOVA11,low,11,125.216364,4720,12.18,13,13
2026-09-07 22:12:40+00,2026-09-07 22:12:50+00,BTC-USD,low,6,65400.011667,2819,12.17,13,13
2026-09-07 22:12:40+00,2026-09-07 22:12:50+00,ITUB4,low,9,34.060000,4605,12.11,13,13
2026-09-07 22:12:40+00,2026-09-07 22:12:50+00,MGLU3,low,12,2.001667,5966,12.08,13,13
2026-09-07 22:12:40+00,2026-09-07 22:12:50+00,MSFT,low,9,420.264444,5357,12.11,14,14
2026-09-07 22:12:40+00,2026-09-07 22:12:50+00,PETR4,low,11,37.938182,5460,12.00,13,13
2026-09-07 22:12:40+00,2026-09-07 22:12:50+00,VALE3,low,11,61.987273,4787,12.00,13,13
2026-09-07 22:12:50+00,2026-09-07 22:13:00+00,AAPL,low,10,170.476000,6692,12.30,14,14
2026-09-07 22:12:50+00,2026-09-07 22:13:00+00,ABEV3,low,14,11.967143,8786,12.43,14,14
2026-09-07 22:12:50+00,2026-09-07 22:13:00+00,BBDC4,low,7,13.968571,3426,12.14,13,13
2026-09-07 22:12:50+00,2026-09-07 22:13:00+00,BOVA11,low,11,124.722727,6458,12.36,13,13
2026-09-07 22:12:50+00,2026-09-07 22:13:00+00,BTC-USD,low,8,65012.467500,5381,11.88,13,13
2026-09-07 22:12:50+00,2026-09-07 22:13:00+00,ITUB4,low,9,34.033333,4043,12.56,13,13
2026-09-07 22:12:50+00,2026-09-07 22:13:00+00,MGLU3,low,9,1.996667,4345,12.11,13,13
2026-09-07 22:12:50+00,2026-09-07 22:13:00+00,MSFT,low,4,419.907500,1312,12.00,12,12
2026-09-07 22:12:50+00,2026-09-07 22:13:00+00,PETR4,low,7,37.880000,4343,12.29,13,13
2026-09-07 22:12:50+00,2026-09-07 22:13:00+00,VALE3,low,21,61.914762,10970,12.48,13,13
2026-09-07 22:13:00+00,2026-09-07 22:13:10+00,AAPL,low,7,170.457143,3122,12.43,13,13
2026-09-07 22:13:00+00,2026-09-07 22:13:10+00,ABEV3,low,7,12.030000,3122,12.43,13,13
2026-09-07 22:13:00+00,2026-09-07 22:13:10+00,BBDC4,low,6,13.911667,3088,12.17,13,13
2026-09-07 22:13:00+00,2026-09-07 22:13:10+00,BOVA11,low,8,124.152500,3596,12.38,13,13
2026-09-07 22:13:00+00,2026-09-07 22:13:10+00,BTC-USD,low,9,64982.812222,4650,12.33,13,13
2026-09-07 22:13:00+00,2026-09-07 22:13:10+00,ITUB4,low,9,34.081111,4331,12.33,13,13
2026-09-07 22:13:00+00,2026-09-07 22:13:10+00,MGLU3,low,6,2.008333,3047,12.33,13,13
2026-09-07 22:13:00+00,2026-09-07 22:13:10+00,MSFT,low,10,421.160000,5125,12.50,13,13
2026-09-07 22:13:00+00,2026-09-07 22:13:10+00,PETR4,low,11,38.086364,4767,12.55,13,13
2026-09-07 22:13:00+00,2026-09-07 22:13:10+00,VALE3,low,9,61.928889,5977,12.00,12,12
2026-09-07 22:14:00+00,2026-09-07 22:14:10+00,AAPL,medium,45,169.762000,21822,9.22,13,58
2026-09-07 22:14:00+00,2026-09-07 22:14:10+00,ABEV3,medium,47,11.993830,20154,7.98,12,12
2026-09-07 22:14:00+00,2026-09-07 22:14:10+00,BBDC4,medium,32,14.023438,15379,6.63,12,16
2026-09-07 22:14:00+00,2026-09-07 22:14:10+00,BOVA11,medium,46,125.344783,21254,8.67,13,41
2026-09-07 22:14:00+00,2026-09-07 22:14:10+00,BTC-USD,medium,35,65068.973429,17432,6.54,29,32
2026-09-07 22:14:00+00,2026-09-07 22:14:10+00,ITUB4,medium,36,34.046667,16750,7.42,12,13
2026-09-07 22:14:00+00,2026-09-07 22:14:10+00,MGLU3,medium,44,2.002500,19202,8.25,13,13
2026-09-07 22:14:00+00,2026-09-07 22:14:10+00,MSFT,medium,43,420.265349,20089,8.84,12,78
2026-09-07 22:14:00+00,2026-09-07 22:14:10+00,PETR4,medium,34,38.086765,15229,10.21,39,88
2026-09-07 22:14:00+00,2026-09-07 22:14:10+00,VALE3,medium,32,61.977500,12634,6.97,17,19
2026-09-07 22:14:10+00,2026-09-07 22:14:20+00,AAPL,medium,96,169.855625,47413,8.29,12,23
2026-09-07 22:14:10+00,2026-09-07 22:14:20+00,ABEV3,medium,117,12.009145,58134,8.42,13,98
2026-09-07 22:14:10+00,2026-09-07 22:14:20+00,BBDC4,medium,86,14.015930,41602,9.24,13,79
2026-09-07 22:14:10+00,2026-09-07 22:14:20+00,BOVA11,medium,117,124.942735,54636,7.68,12,51
2026-09-07 22:14:10+00,2026-09-07 22:14:20+00,BTC-USD,medium,101,65020.254950,49516,7.98,13,61
2026-09-07 22:14:10+00,2026-09-07 22:14:20+00,ITUB4,medium,81,34.004321,38262,7.23,12,25
2026-09-07 22:14:10+00,2026-09-07 22:14:20+00,MGLU3,medium,95,2.002632,46588,7.44,12,19
2026-09-07 22:14:10+00,2026-09-07 22:14:20+00,MSFT,medium,102,420.530294,46818,7.91,12,42
2026-09-07 22:14:10+00,2026-09-07 22:14:20+00,PETR4,medium,95,38.001474,38666,8.89,21,89
2026-09-07 22:14:10+00,2026-09-07 22:14:20+00,VALE3,medium,109,61.957615,58163,7.07,12,14
2026-09-07 22:14:20+00,2026-09-07 22:14:30+00,AAPL,medium,111,170.015225,58838,7.83,13,82
2026-09-07 22:14:20+00,2026-09-07 22:14:30+00,ABEV3,medium,110,11.980455,51221,8.93,13,80
2026-09-07 22:14:20+00,2026-09-07 22:14:30+00,BBDC4,medium,92,13.985761,47757,9.33,13,70
2026-09-07 22:14:20+00,2026-09-07 22:14:30+00,BOVA11,medium,108,124.824167,56312,8.56,13,72
2026-09-07 22:14:20+00,2026-09-07 22:14:30+00,BTC-USD,medium,102,64936.537255,48877,9.32,21,50
2026-09-07 22:14:20+00,2026-09-07 22:14:30+00,ITUB4,medium,126,34.014286,63776,7.59,13,59
2026-09-07 22:14:20+00,2026-09-07 22:14:30+00,MGLU3,medium,96,2.001771,47983,8.36,13,40
2026-09-07 22:14:20+00,2026-09-07 22:14:30+00,MSFT,medium,88,420.324659,41724,9.14,21,89
2026-09-07 22:14:20+00,2026-09-07 22:14:30+00,PETR4,medium,76,38.067105,37910,7.18,13,52
2026-09-07 22:14:20+00,2026-09-07 22:14:30+00,VALE3,medium,86,61.931977,37053,7.26,13,22
2026-09-07 22:14:30+00,2026-09-07 22:14:40+00,AAPL,medium,106,169.987830,55644,8.78,13,72
2026-09-07 22:14:30+00,2026-09-07 22:14:40+00,ABEV3,medium,109,12.009083,50694,7.38,13,54
2026-09-07 22:14:30+00,2026-09-07 22:14:40+00,BBDC4,medium,82,14.014268,42120,9.46,13,92
2026-09-07 22:14:30+00,2026-09-07 22:14:40+00,BOVA11,medium,104,124.933750,54877,6.69,13,19
2026-09-07 22:14:30+00,2026-09-07 22:14:40+00,BTC-USD,medium,103,65000.972136,49778,8.90,13,62
2026-09-07 22:14:30+00,2026-09-07 22:14:40+00,ITUB4,medium,95,34.003368,48248,7.08,13,13
2026-09-07 22:14:30+00,2026-09-07 22:14:40+00,MGLU3,medium,106,2.003302,54264,7.76,13,64
2026-09-07 22:14:30+00,2026-09-07 22:14:40+00,MSFT,medium,90,420.410333,46050,9.16,13,82
2026-09-07 22:14:30+00,2026-09-07 22:14:40+00,PETR4,medium,101,37.966040,50207,8.59,14,42
2026-09-07 22:14:30+00,2026-09-07 22:14:40+00,VALE3,medium,106,61.943585,59300,7.61,13,14
2026-09-07 22:14:40+00,2026-09-07 22:14:50+00,AAPL,medium,100,170.209300,49595,6.60,13,41
2026-09-07 22:14:40+00,2026-09-07 22:14:50+00,ABEV3,medium,100,12.008300,55960,8.50,15,52
2026-09-07 22:14:40+00,2026-09-07 22:14:50+00,BBDC4,medium,95,13.998842,48889,8.84,21,41
2026-09-07 22:14:40+00,2026-09-07 22:14:50+00,BOVA11,medium,88,124.937386,46137,8.55,13,47
2026-09-07 22:14:40+00,2026-09-07 22:14:50+00,BTC-USD,medium,113,65038.239558,58205,7.81,13,52
2026-09-07 22:14:40+00,2026-09-07 22:14:50+00,ITUB4,medium,92,34.001196,44780,8.11,13,14
2026-09-07 22:14:40+00,2026-09-07 22:14:50+00,MGLU3,medium,103,1.997282,54357,8.37,13,42
2026-09-07 22:14:40+00,2026-09-07 22:14:50+00,MSFT,medium,102,420.064216,53749,8.08,13,27
2026-09-07 22:14:40+00,2026-09-07 22:14:50+00,PETR4,medium,102,37.987451,51148,7.75,13,35
2026-09-07 22:14:40+00,2026-09-07 22:14:50+00,VALE3,medium,109,61.935505,48926,6.94,13,21
2026-09-07 22:14:50+00,2026-09-07 22:15:00+00,AAPL,medium,110,170.199364,51614,7.61,13,40
2026-09-07 22:14:50+00,2026-09-07 22:15:00+00,ABEV3,medium,96,11.985417,48996,9.19,21,56
2026-09-07 22:14:50+00,2026-09-07 22:15:00+00,BBDC4,medium,105,13.980762,52693,7.70,13,61
2026-09-07 22:14:50+00,2026-09-07 22:15:00+00,BOVA11,medium,94,125.032766,45361,8.10,13,55
2026-09-07 22:14:50+00,2026-09-07 22:15:00+00,BTC-USD,medium,94,64968.264787,49661,7.41,13,35
2026-09-07 22:14:50+00,2026-09-07 22:15:00+00,ITUB4,medium,98,34.015204,48287,6.99,13,16
2026-09-07 22:14:50+00,2026-09-07 22:15:00+00,MGLU3,medium,98,2.001122,49428,8.31,16,51
2026-09-07 22:14:50+00,2026-09-07 22:15:00+00,MSFT,medium,118,420.415254,54854,8.20,13,28
2026-09-07 22:14:50+00,2026-09-07 22:15:00+00,PETR4,medium,96,38.029479,48379,8.38,21,46
2026-09-07 22:14:50+00,2026-09-07 22:15:00+00,VALE3,medium,93,61.976237,44711,7.35,13,13
2026-09-07 22:15:00+00,2026-09-07 22:15:10+00,AAPL,medium,105,169.840476,53328,7.68,13,59
2026-09-07 22:15:00+00,2026-09-07 22:15:10+00,ABEV3,medium,95,11.998737,40298,6.79,12,37
2026-09-07 22:15:00+00,2026-09-07 22:15:10+00,BBDC4,medium,98,14.006633,48666,8.69,22,41
2026-09-07 22:15:00+00,2026-09-07 22:15:10+00,BOVA11,medium,103,124.861942,54345,8.22,12,18
2026-09-07 22:15:00+00,2026-09-07 22:15:10+00,BTC-USD,medium,107,65026.022991,57029,6.96,12,28
2026-09-07 22:15:00+00,2026-09-07 22:15:10+00,ITUB4,medium,87,33.971724,45703,7.56,13,14
2026-09-07 22:15:00+00,2026-09-07 22:15:10+00,MGLU3,medium,105,1.995810,55041,7.71,13,50
2026-09-07 22:15:00+00,2026-09-07 22:15:10+00,MSFT,medium,108,420.300278,59016,8.69,13,46
2026-09-07 22:15:00+00,2026-09-07 22:15:10+00,PETR4,medium,89,37.984831,43152,7.37,13,17
2026-09-07 22:15:00+00,2026-09-07 22:15:10+00,VALE3,medium,96,61.986563,47768,7.41,13,13
2026-09-07 22:15:10+00,2026-09-07 22:15:20+00,AAPL,medium,106,169.986792,53284,9.49,25,60
2026-09-07 22:15:10+00,2026-09-07 22:15:20+00,ABEV3,medium,85,11.999647,48694,8.72,29,45
2026-09-07 22:15:10+00,2026-09-07 22:15:20+00,BBDC4,medium,103,13.997087,52805,8.13,13,69
2026-09-07 22:15:10+00,2026-09-07 22:15:20+00,BOVA11,medium,93,125.031828,46570,9.26,13,50
2026-09-07 22:15:10+00,2026-09-07 22:15:20+00,BTC-USD,medium,97,65056.773093,51618,8.85,13,38
2026-09-07 22:15:10+00,2026-09-07 22:15:20+00,ITUB4,medium,101,33.984257,50165,6.13,13,13
2026-09-07 22:15:10+00,2026-09-07 22:15:20+00,MGLU3,medium,103,1.999515,52065,7.58,13,35
2026-09-07 22:15:10+00,2026-09-07 22:15:20+00,MSFT,medium,85,419.624235,44271,6.81,13,14
2026-09-07 22:15:10+00,2026-09-07 22:15:20+00,PETR4,medium,113,38.043982,55384,7.42,13,48
2026-09-07 22:15:10+00,2026-09-07 22:15:20+00,VALE3,medium,116,61.969397,52540,7.84,13,14
2026-09-07 22:15:20+00,2026-09-07 22:15:30+00,AAPL,medium,109,169.912202,52792,6.45,12,27
2026-09-07 22:15:20+00,2026-09-07 22:15:30+00,ABEV3,medium,105,12.019333,49997,7.87,13,54
2026-09-07 22:15:20+00,2026-09-07 22:15:30+00,BBDC4,medium,105,13.997143,52955,8.05,13,23
2026-09-07 22:15:20+00,2026-09-07 22:15:30+00,BOVA11,medium,104,124.786058,56858,7.03,13,49
2026-09-07 22:15:20+00,2026-09-07 22:15:30+00,BTC-USD,medium,113,65057.322743,59981,8.10,13,43
2026-09-07 22:15:20+00,2026-09-07 22:15:30+00,ITUB4,medium,95,34.000947,45239,7.64,12,14
2026-09-07 22:15:20+00,2026-09-07 22:15:30+00,MGLU3,medium,90,1.995556,43360,7.87,13,27
2026-09-07 22:15:20+00,2026-09-07 22:15:30+00,MSFT,medium,85,420.459176,45652,9.95,35,45
2026-09-07 22:15:20+00,2026-09-07 22:15:30+00,PETR4,medium,99,37.979091,53689,8.15,13,59
2026-09-07 22:15:20+00,2026-09-07 22:15:30+00,VALE3,medium,97,62.049897,47957,6.37,12,13
2026-09-07 22:15:30+00,2026-09-07 22:15:40+00,AAPL,medium,97,169.764845,50635,8.15,13,43
2026-09-07 22:15:30+00,2026-09-07 22:15:40+00,ABEV3,medium,96,11.998021,49257,7.97,13,13
2026-09-07 22:15:30+00,2026-09-07 22:15:40+00,BBDC4,medium,84,14.022976,44294,8.18,14,52
2026-09-07 22:15:30+00,2026-09-07 22:15:40+00,BOVA11,medium,107,124.889252,54569,7.20,13,36
2026-09-07 22:15:30+00,2026-09-07 22:15:40+00,BTC-USD,medium,107,64927.352991,50318,7.46,13,51
2026-09-07 22:15:30+00,2026-09-07 22:15:40+00,ITUB4,medium,86,33.998953,44089,6.90,12,13
2026-09-07 22:15:30+00,2026-09-07 22:15:40+00,MGLU3,medium,98,2.001735,46703,7.53,13,21
2026-09-07 22:15:30+00,2026-09-07 22:15:40+00,MSFT,medium,113,420.734248,52487,7.47,13,33
2026-09-07 22:15:30+00,2026-09-07 22:15:40+00,PETR4,medium,108,37.997500,54238,7.71,13,23
2026-09-07 22:15:30+00,2026-09-07 22:15:40+00,VALE3,medium,108,62.095000,52446,6.41,12,13
2026-09-07 22:15:40+00,2026-09-07 22:15:50+00,AAPL,medium,122,169.879918,60783,24.14,147,356
2026-09-07 22:15:40+00,2026-09-07 22:15:50+00,ABEV3,medium,97,11.988454,49068,10.81,13,276
2026-09-07 22:15:40+00,2026-09-07 22:15:50+00,BBDC4,medium,99,13.995657,47847,12.19,13,395
2026-09-07 22:15:40+00,2026-09-07 22:15:50+00,BOVA11,medium,87,124.993218,44954,24.49,97,385
2026-09-07 22:15:40+00,2026-09-07 22:15:50+00,BTC-USD,medium,110,65066.776727,58879,9.97,12,207
2026-09-07 22:15:40+00,2026-09-07 22:15:50+00,ITUB4,medium,102,33.980490,49066,6.85,12,23
2026-09-07 22:15:40+00,2026-09-07 22:15:50+00,MGLU3,medium,94,2.002872,50573,9.48,21,177
2026-09-07 22:15:40+00,2026-09-07 22:15:50+00,MSFT,medium,90,419.918667,41384,15.01,37,336
2026-09-07 22:15:40+00,2026-09-07 22:15:50+00,PETR4,medium,104,37.952019,54850,16.60,62,247
2026-09-07 22:15:40+00,2026-09-07 22:15:50+00,VALE3,medium,87,61.971494,42923,6.53,12,13
2026-09-07 22:15:50+00,2026-09-07 22:16:00+00,AAPL,medium,102,170.282843,52992,9.88,16,132
2026-09-07 22:15:50+00,2026-09-07 22:16:00+00,ABEV3,medium,81,12.028519,37603,8.22,14,60
2026-09-07 22:15:50+00,2026-09-07 22:16:00+00,BBDC4,medium,122,13.996557,63175,8.84,14,112
2026-09-07 22:15:50+00,2026-09-07 22:16:00+00,BOVA11,medium,98,124.980204,47879,8.39,13,72
2026-09-07 22:15:50+00,2026-09-07 22:16:00+00,BTC-USD,medium,104,65040.956346,49993,8.92,13,63
2026-09-07 22:15:50+00,2026-09-07 22:16:00+00,ITUB4,medium,97,34.003196,48286,7.29,13,20
2026-09-07 22:15:50+00,2026-09-07 22:16:00+00,MGLU3,medium,96,1.999688,43376,8.25,13,122
2026-09-07 22:15:50+00,2026-09-07 22:16:00+00,MSFT,medium,103,419.901165,47493,9.62,24,92
2026-09-07 22:15:50+00,2026-09-07 22:16:00+00,PETR4,medium,103,38.013204,54081,8.40,13,102
2026-09-07 22:15:50+00,2026-09-07 22:16:00+00,VALE3,medium,96,62.075313,50940,8.09,13,60
2026-09-07 22:16:00+00,2026-09-07 22:16:10+00,AAPL,medium,116,169.986897,58310,8.41,13,63
2026-09-07 22:16:00+00,2026-09-07 22:16:10+00,ABEV3,medium,102,11.997353,56254,8.68,17,50
2026-09-07 22:16:00+00,2026-09-07 22:16:10+00,BBDC4,medium,100,13.986300,49389,7.92,13,39
2026-09-07 22:16:00+00,2026-09-07 22:16:10+00,BOVA11,medium,81,125.048519,40606,7.88,15,43
2026-09-07 22:16:00+00,2026-09-07 22:16:10+00,BTC-USD,medium,96,65055.833438,53710,9.13,28,49
2026-09-07 22:16:00+00,2026-09-07 22:16:10+00,ITUB4,medium,88,33.979432,38512,7.14,13,18
2026-09-07 22:16:00+00,2026-09-07 22:16:10+00,MGLU3,medium,105,1.998571,49335,7.20,13,18
2026-09-07 22:16:00+00,2026-09-07 22:16:10+00,MSFT,medium,107,419.676355,53333,9.21,14,83
2026-09-07 22:16:00+00,2026-09-07 22:16:10+00,PETR4,medium,112,38.020268,57014,10.52,27,73
2026-09-07 22:16:00+00,2026-09-07 22:16:10+00,VALE3,medium,96,61.953125,43137,8.17,13,35
2026-09-07 22:16:10+00,2026-09-07 22:16:20+00,AAPL,medium,85,170.094941,46999,7.36,13,23
2026-09-07 22:16:10+00,2026-09-07 22:16:20+00,ABEV3,medium,113,11.985310,56361,7.57,13,40
2026-09-07 22:16:10+00,2026-09-07 22:16:20+00,BBDC4,medium,102,13.992843,49634,9.10,17,65
2026-09-07 22:16:10+00,2026-09-07 22:16:20+00,BOVA11,medium,101,125.072376,53669,7.93,13,59
2026-09-07 22:16:10+00,2026-09-07 22:16:20+00,BTC-USD,medium,90,64970.743778,40018,7.46,13,33
2026-09-07 22:16:10+00,2026-09-07 22:16:20+00,ITUB4,medium,104,34.057308,53808,7.05,13,21
2026-09-07 22:16:10+00,2026-09-07 22:16:20+00,MGLU3,medium,114,1.998158,56024,7.93,13,53
2026-09-07 22:16:10+00,2026-09-07 22:16:20+00,MSFT,medium,94,420.012660,47961,8.07,25,62
2026-09-07 22:16:10+00,2026-09-07 22:16:20+00,PETR4,medium,86,38.006860,45018,8.15,15,52
2026-09-07 22:16:10+00,2026-09-07 22:16:20+00,VALE3,medium,114,62.009912,58731,7.54,12,34
2026-09-07 22:16:20+00,2026-09-07 22:16:30+00,AAPL,medium,89,170.027528,44077,8.66,28,60
2026-09-07 22:16:20+00,2026-09-07 22:16:30+00,ABEV3,medium,98,12.014898,51339,8.83,13,48
2026-09-07 22:16:20+00,2026-09-07 22:16:30+00,BBDC4,medium,121,13.987851,60939,9.46,13,69
2026-09-07 22:16:20+00,2026-09-07 22:16:30+00,BOVA11,medium,104,124.995673,47485,8.07,13,58
2026-09-07 22:16:20+00,2026-09-07 22:16:30+00,BTC-USD,medium,98,65007.002551,47076,9.52,24,68
2026-09-07 22:16:20+00,2026-09-07 22:16:30+00,ITUB4,medium,106,33.932170,51348,8.30,13,14
2026-09-07 22:16:20+00,2026-09-07 22:16:30+00,MGLU3,medium,81,1.997160,39843,7.35,13,31
2026-09-07 22:16:20+00,2026-09-07 22:16:30+00,MSFT,medium,91,419.664396,45559,6.46,14,38
2026-09-07 22:16:20+00,2026-09-07 22:16:30+00,PETR4,medium,105,37.962667,50096,7.21,13,30
2026-09-07 22:16:20+00,2026-09-07 22:16:30+00,VALE3,medium,99,62.044949,46542,6.68,13,13
2026-09-07 22:16:30+00,2026-09-07 22:16:40+00,AAPL,medium,84,169.966190,41511,7.25,13,24
2026-09-07 22:16:30+00,2026-09-07 22:16:40+00,ABEV3,medium,102,12.004902,56127,10.33,26,66
2026-09-07 22:16:30+00,2026-09-07 22:16:40+00,BBDC4,medium,105,13.977238,53662,7.92,13,77
2026-09-07 22:16:30+00,2026-09-07 22:16:40+00,BOVA11,medium,107,124.941308,56303,9.36,13,67
2026-09-07 22:16:30+00,2026-09-07 22:16:40+00,BTC-USD,medium,109,65034.317615,50030,8.36,16,53
2026-09-07 22:16:30+00,2026-09-07 22:16:40+00,ITUB4,medium,97,33.980515,52787,6.81,13,13
2026-09-07 22:16:30+00,2026-09-07 22:16:40+00,MGLU3,medium,91,2.002527,44531,8.27,13,39
2026-09-07 22:16:30+00,2026-09-07 22:16:40+00,MSFT,medium,107,419.424393,50535,9.41,14,52
2026-09-07 22:16:30+00,2026-09-07 22:16:40+00,PETR4,medium,104,38.010288,50944,8.48,16,65
2026-09-07 22:16:30+00,2026-09-07 22:16:40+00,VALE3,medium,98,61.846531,49749,8.34,13,17
2026-09-07 22:16:40+00,2026-09-07 22:16:50+00,AAPL,medium,82,170.160244,39533,8.40,13,43
2026-09-07 22:16:40+00,2026-09-07 22:16:50+00,ABEV3,medium,100,11.994300,48855,8.48,13,51
2026-09-07 22:16:40+00,2026-09-07 22:16:50+00,BBDC4,medium,89,13.996067,50608,7.97,13,38
2026-09-07 22:16:40+00,2026-09-07 22:16:50+00,BOVA11,medium,108,124.974815,55065,8.41,20,44
2026-09-07 22:16:40+00,2026-09-07 22:16:50+00,BTC-USD,medium,90,64969.531222,46359,7.96,13,67
2026-09-07 22:16:40+00,2026-09-07 22:16:50+00,ITUB4,medium,88,34.006932,39628,7.69,13,14
2026-09-07 22:16:40+00,2026-09-07 22:16:50+00,MGLU3,medium,88,2.001136,42345,6.98,13,19
2026-09-07 22:16:40+00,2026-09-07 22:16:50+00,MSFT,medium,129,419.951395,60426,8.69,15,69
2026-09-07 22:16:40+00,2026-09-07 22:16:50+00,PETR4,medium,97,38.030619,46833,7.22,13,39
2026-09-07 22:16:40+00,2026-09-07 22:16:50+00,VALE3,medium,131,62.006641,71656,7.53,13,32
2026-09-07 22:16:50+00,2026-09-07 22:17:00+00,AAPL,medium,108,169.878056,50060,8.74,13,57
2026-09-07 22:16:50+00,2026-09-07 22:17:00+00,ABEV3,medium,1,12.120000,65,1.00,1,1
2026-09-07 22:16:50+00,2026-09-07 22:17:00+00,BBDC4,medium,2,14.050000,455,1.50,2,2
2026-09-07 22:16:50+00,2026-09-07 22:17:00+00,BOVA11,medium,3,126.323333,1266,4.33,11,11
2026-09-07 22:16:50+00,2026-09-07 22:17:00+00,BTC-USD,medium,2,64660.040000,1423,11.00,11,11
2026-09-07 22:16:50+00,2026-09-07 22:17:00+00,ITUB4,medium,95,33.945474,50351,7.11,13,13
2026-09-07 22:16:50+00,2026-09-07 22:17:00+00,MGLU3,medium,1,1.990000,719,11.00,11,11
2026-09-07 22:16:50+00,2026-09-07 22:17:00+00,MSFT,medium,99,419.940404,56389,7.93,27,60
2026-09-07 22:16:50+00,2026-09-07 22:17:00+00,PETR4,medium,97,37.981753,45976,8.00,13,63
2026-09-07 22:16:50+00,2026-09-07 22:17:00+00,VALE3,medium,100,61.914400,51484,6.51,12,20
2026-09-07 22:17:00+00,2026-09-07 22:17:10+00,AAPL,medium,96,169.869375,43652,9.28,22,63
2026-09-07 22:17:00+00,2026-09-07 22:17:10+00,ABEV3,medium,97,12.011134,55855,6.77,12,31
2026-09-07 22:17:00+00,2026-09-07 22:17:10+00,BBDC4,medium,92,14.021848,48415,7.49,13,51
2026-09-07 22:17:00+00,2026-09-07 22:17:10+00,BOVA11,medium,100,124.999800,48680,7.48,14,43
2026-09-07 22:17:00+00,2026-09-07 22:17:10+00,BTC-USD,medium,103,65015.055631,52627,8.44,13,53
2026-09-07 22:17:00+00,2026-09-07 22:17:10+00,ITUB4,medium,95,33.991158,47422,6.07,12,12
2026-09-07 22:17:00+00,2026-09-07 22:17:10+00,MGLU3,medium,102,2.003235,54603,7.48,12,45
2026-09-07 22:17:00+00,2026-09-07 22:17:10+00,MSFT,medium,86,419.867093,48602,6.31,12,42
2026-09-07 22:17:00+00,2026-09-07 22:17:10+00,PETR4,medium,110,37.962909,55482,8.09,17,92
2026-09-07 22:17:00+00,2026-09-07 22:17:10+00,VALE3,medium,123,61.968862,60615,6.59,12,21
2026-09-07 22:17:10+00,2026-09-07 22:17:20+00,AAPL,medium,106,169.805472,58147,7.69,13,57
2026-09-07 22:17:10+00,2026-09-07 22:17:20+00,ABEV3,medium,115,12.005043,62175,7.03,12,15
2026-09-07 22:17:10+00,2026-09-07 22:17:20+00,BBDC4,medium,80,14.034500,39944,8.48,12,47
2026-09-07 22:17:10+00,2026-09-07 22:17:20+00,BOVA11,medium,89,125.137191,46471,6.17,12,30
2026-09-07 22:17:10+00,2026-09-07 22:17:20+00,BTC-USD,medium,96,64991.145313,43357,7.09,20,30
2026-09-07 22:17:10+00,2026-09-07 22:17:20+00,ITUB4,medium,104,34.040962,52309,6.05,12,13
2026-09-07 22:17:10+00,2026-09-07 22:17:20+00,MGLU3,medium,104,1.999712,50320,7.62,12,42
2026-09-07 22:17:10+00,2026-09-07 22:17:20+00,MSFT,medium,85,420.080471,44499,9.25,27,62
2026-09-07 22:17:10+00,2026-09-07 22:17:20+00,PETR4,medium,122,38.036639,57986,7.30,12,37
2026-09-07 22:17:10+00,2026-09-07 22:17:20+00,VALE3,medium,91,61.937363,39836,6.08,12,20
2026-09-07 22:17:20+00,2026-09-07 22:17:30+00,AAPL,medium,115,170.107217,53750,8.53,13,57
2026-09-07 22:17:20+00,2026-09-07 22:17:30+00,ABEV3,medium,103,12.008447,53133,8.05,13,38
2026-09-07 22:17:20+00,2026-09-07 22:17:30+00,BBDC4,medium,84,13.988333,43114,8.49,17,62
2026-09-07 22:17:20+00,2026-09-07 22:17:30+00,BOVA11,medium,103,124.837961,58281,9.35,18,49
2026-09-07 22:17:20+00,2026-09-07 22:17:30+00,BTC-USD,medium,110,64969.076091,47791,6.83,13,22
2026-09-07 22:17:20+00,2026-09-07 22:17:30+00,ITUB4,medium,113,34.021416,52228,7.75,13,18
2026-09-07 22:17:20+00,2026-09-07 22:17:30+00,MGLU3,medium,109,2.000917,59002,7.73,13,52
2026-09-07 22:17:20+00,2026-09-07 22:17:30+00,MSFT,medium,89,420.486067,47358,7.99,13,38
2026-09-07 22:17:20+00,2026-09-07 22:17:30+00,PETR4,medium,87,38.029310,42719,5.67,12,13
2026-09-07 22:17:20+00,2026-09-07 22:17:30+00,VALE3,medium,89,61.993483,43983,7.36,12,15
2026-09-07 22:17:30+00,2026-09-07 22:17:40+00,AAPL,medium,107,169.943832,51661,8.14,14,48
2026-09-07 22:17:30+00,2026-09-07 22:17:40+00,ABEV3,medium,95,11.993263,47070,8.27,14,48
2026-09-07 22:17:30+00,2026-09-07 22:17:40+00,BBDC4,medium,97,14.017320,43269,6.87,13,32
2026-09-07 22:17:30+00,2026-09-07 22:17:40+00,BOVA11,medium,118,124.852627,63373,8.42,18,63
2026-09-07 22:17:30+00,2026-09-07 22:17:40+00,BTC-USD,medium,98,65004.241122,44987,6.96,13,52
2026-09-07 22:17:30+00,2026-09-07 22:17:40+00,ITUB4,medium,92,34.007283,51382,6.62,12,14
2026-09-07 22:17:30+00,2026-09-07 22:17:40+00,MGLU3,medium,103,1.997864,48918,10.13,28,62
2026-09-07 22:17:30+00,2026-09-07 22:17:40+00,MSFT,medium,96,419.581667,47560,10.15,18,55
2026-09-07 22:17:30+00,2026-09-07 22:17:40+00,PETR4,medium,108,38.022778,53688,8.26,13,44
2026-09-07 22:17:30+00,2026-09-07 22:17:40+00,VALE3,medium,88,61.984773,42745,7.20,12,13
2026-09-07 22:17:40+00,2026-09-07 22:17:50+00,AAPL,medium,103,169.960777,53169,8.83,17,54
2026-09-07 22:17:40+00,2026-09-07 22:17:50+00,ABEV3,medium,95,11.991474,43923,8.76,13,58
2026-09-07 22:17:40+00,2026-09-07 22:17:50+00,BBDC4,medium,97,13.995567,44688,9.28,22,53
2026-09-07 22:17:40+00,2026-09-07 22:17:50+00,BOVA11,medium,109,124.745413,50788,7.70,13,27
2026-09-07 22:17:40+00,2026-09-07 22:17:50+00,BTC-USD,medium,107,65042.347850,54003,8.34,13,64
2026-09-07 22:17:40+00,2026-09-07 22:17:50+00,ITUB4,medium,102,33.975098,49705,6.94,13,13
2026-09-07 22:17:40+00,2026-09-07 22:17:50+00,MGLU3,medium,96,1.996667,46984,8.17,13,64
2026-09-07 22:17:40+00,2026-09-07 22:17:50+00,MSFT,medium,83,419.977831,41362,10.18,34,72
2026-09-07 22:17:40+00,2026-09-07 22:17:50+00,PETR4,medium,102,38.006667,51952,8.08,12,62
2026-09-07 22:17:40+00,2026-09-07 22:17:50+00,VALE3,medium,101,62.057921,52156,7.79,13,33
2026-09-07 22:17:50+00,2026-09-07 22:18:00+00,AAPL,medium,107,170.054112,54775,7.19,13,30
2026-09-07 22:17:50+00,2026-09-07 22:18:00+00,ABEV3,medium,102,11.980294,51970,6.89,13,50
2026-09-07 22:17:50+00,2026-09-07 22:18:00+00,BBDC4,medium,116,14.016724,62401,8.53,13,60
2026-09-07 22:17:50+00,2026-09-07 22:18:00+00,BOVA11,medium,92,124.955217,47308,8.65,13,40
2026-09-07 22:17:50+00,2026-09-07 22:18:00+00,BTC-USD,medium,102,64989.289412,48184,8.43,13,47
2026-09-07 22:17:50+00,2026-09-07 22:18:00+00,ITUB4,medium,106,34.002358,52008,5.84,12,13
2026-09-07 22:17:50+00,2026-09-07 22:18:00+00,MGLU3,medium,100,1.998200,47645,7.66,13,48
2026-09-07 22:17:50+00,2026-09-07 22:18:00+00,MSFT,medium,98,419.259898,39939,8.21,13,50
2026-09-07 22:17:50+00,2026-09-07 22:18:00+00,PETR4,medium,86,37.995000,45185,8.62,15,37
2026-09-07 22:17:50+00,2026-09-07 22:18:00+00,VALE3,medium,92,62.035870,44754,8.92,13,21
2026-09-07 22:18:00+00,2026-09-07 22:18:10+00,AAPL,medium,106,170.054717,55927,8.29,14,42
2026-09-07 22:18:00+00,2026-09-07 22:18:10+00,ABEV3,medium,100,12.003600,52542,7.66,13,59
2026-09-07 22:18:00+00,2026-09-07 22:18:10+00,BBDC4,medium,104,13.991731,55712,7.47,13,34
2026-09-07 22:18:00+00,2026-09-07 22:18:10+00,BOVA11,medium,99,124.971212,49892,7.35,13,52
2026-09-07 22:18:00+00,2026-09-07 22:18:10+00,BTC-USD,medium,111,65067.098018,56031,9.41,17,44
2026-09-07 22:18:00+00,2026-09-07 22:18:10+00,ITUB4,medium,101,34.069703,48156,7.26,13,13
2026-09-07 22:18:00+00,2026-09-07 22:18:10+00,MGLU3,medium,103,2.002427,53312,8.09,13,38
2026-09-07 22:18:00+00,2026-09-07 22:18:10+00,MSFT,medium,90,420.406333,47207,9.61,22,54
2026-09-07 22:18:00+00,2026-09-07 22:18:10+00,PETR4,medium,99,38.032525,50062,7.71,13,57
2026-09-07 22:18:00+00,2026-09-07 22:18:10+00,VALE3,medium,90,61.927222,37741,7.00,12,13
2026-09-07 22:18:10+00,2026-09-07 22:18:20+00,AAPL,medium,106,169.869717,52304,9.10,16,48
2026-09-07 22:18:10+00,2026-09-07 22:18:20+00,ABEV3,medium,110,11.998455,53383,8.75,21,59
2026-09-07 22:18:10+00,2026-09-07 22:18:20+00,BBDC4,medium,83,14.006867,44420,7.47,13,37
2026-09-07 22:18:10+00,2026-09-07 22:18:20+00,BOVA11,medium,92,125.168804,46290,8.96,19,49
2026-09-07 22:18:10+00,2026-09-07 22:18:20+00,BTC-USD,medium,90,64967.809333,44936,7.44,13,53
2026-09-07 22:18:10+00,2026-09-07 22:18:20+00,ITUB4,medium,111,33.985946,56058,6.52,12,13
2026-09-07 22:18:10+00,2026-09-07 22:18:20+00,MGLU3,medium,107,1.996822,56386,9.21,14,49
2026-09-07 22:18:10+00,2026-09-07 22:18:20+00,MSFT,medium,91,420.278352,44918,8.48,14,63
2026-09-07 22:18:10+00,2026-09-07 22:18:20+00,PETR4,medium,111,37.989009,57816,7.32,13,19
2026-09-07 22:18:10+00,2026-09-07 22:18:20+00,VALE3,medium,93,62.046237,43770,7.25,13,13
2026-09-07 22:18:20+00,2026-09-07 22:18:30+00,AAPL,medium,94,169.833936,44335,8.15,21,65
2026-09-07 22:18:20+00,2026-09-07 22:18:30+00,ABEV3,medium,105,12.003714,53499,7.45,12,55
2026-09-07 22:18:20+00,2026-09-07 22:18:30+00,BBDC4,medium,103,14.000388,51122,9.63,22,72
2026-09-07 22:18:20+00,2026-09-07 22:18:30+00,BOVA11,medium,98,124.747959,45651,6.02,12,53
2026-09-07 22:18:20+00,2026-09-07 22:18:30+00,BTC-USD,medium,98,64897.324694,49340,8.60,13,51
2026-09-07 22:18:20+00,2026-09-07 22:18:30+00,ITUB4,medium,93,33.979355,46821,7.92,12,13
2026-09-07 22:18:20+00,2026-09-07 22:18:30+00,MGLU3,medium,104,2.000000,48708,7.62,13,52
2026-09-07 22:18:20+00,2026-09-07 22:18:30+00,MSFT,medium,114,420.427807,55848,8.36,14,61
2026-09-07 22:18:20+00,2026-09-07 22:18:30+00,PETR4,medium,95,37.989053,47570,8.42,13,34
2026-09-07 22:18:20+00,2026-09-07 22:18:30+00,VALE3,medium,99,62.037576,55815,6.71,12,14
2026-09-07 22:18:30+00,2026-09-07 22:18:40+00,AAPL,medium,107,169.941121,51365,14.30,70,203
2026-09-07 22:18:30+00,2026-09-07 22:18:40+00,ABEV3,medium,112,12.000625,56144,6.89,12,46
2026-09-07 22:18:30+00,2026-09-07 22:18:40+00,BBDC4,medium,111,14.002883,52464,10.48,41,135
2026-09-07 22:18:30+00,2026-09-07 22:18:40+00,BOVA11,medium,96,125.094583,49008,12.08,32,164
2026-09-07 22:18:30+00,2026-09-07 22:18:40+00,BTC-USD,medium,102,64921.772941,51809,10.13,22,194
2026-09-07 22:18:30+00,2026-09-07 22:18:40+00,ITUB4,medium,93,34.019785,46974,47.25,502,682
2026-09-07 22:18:30+00,2026-09-07 22:18:40+00,MGLU3,medium,91,1.998022,43276,9.03,13,85
2026-09-07 22:18:30+00,2026-09-07 22:18:40+00,MSFT,medium,92,420.257065,44410,10.48,31,184
2026-09-07 22:18:30+00,2026-09-07 22:18:40+00,PETR4,medium,104,38.010481,52412,8.68,13,61
2026-09-07 22:18:30+00,2026-09-07 22:18:40+00,VALE3,medium,93,61.976344,50227,66.33,562,822
2026-09-07 22:18:40+00,2026-09-07 22:18:50+00,AAPL,medium,106,170.074057,55460,7.19,12,30
2026-09-07 22:18:40+00,2026-09-07 22:18:50+00,ABEV3,medium,99,11.987475,43875,7.70,18,55
2026-09-07 22:18:40+00,2026-09-07 22:18:50+00,BBDC4,medium,101,13.992673,50398,8.01,13,39
2026-09-07 22:18:40+00,2026-09-07 22:18:50+00,BOVA11,medium,78,124.976923,37851,7.44,13,35
2026-09-07 22:18:40+00,2026-09-07 22:18:50+00,BTC-USD,medium,108,64946.163333,54960,7.54,13,46
2026-09-07 22:18:40+00,2026-09-07 22:18:50+00,ITUB4,medium,101,33.979604,49754,6.30,12,13
2026-09-07 22:18:40+00,2026-09-07 22:18:50+00,MGLU3,medium,95,2.002316,47279,8.12,13,42
2026-09-07 22:18:40+00,2026-09-07 22:18:50+00,MSFT,medium,104,420.032308,54459,7.53,12,33
2026-09-07 22:18:40+00,2026-09-07 22:18:50+00,PETR4,medium,111,37.984324,55183,6.91,12,20
2026-09-07 22:18:40+00,2026-09-07 22:18:50+00,VALE3,medium,99,62.004040,49277,5.80,13,13
2026-09-07 22:18:50+00,2026-09-07 22:19:00+00,AAPL,medium,113,169.551504,59154,6.33,12,34
2026-09-07 22:18:50+00,2026-09-07 22:19:00+00,ABEV3,medium,100,12.013900,53732,7.88,13,49
2026-09-07 22:18:50+00,2026-09-07 22:19:00+00,BBDC4,medium,96,14.001354,46011,7.56,15,41
2026-09-07 22:18:50+00,2026-09-07 22:19:00+00,BOVA11,medium,92,125.098696,45104,8.38,17,55
2026-09-07 22:18:50+00,2026-09-07 22:19:00+00,BTC-USD,medium,96,64988.033646,42700,7.88,12,65
2026-09-07 22:18:50+00,2026-09-07 22:19:00+00,ITUB4,medium,88,33.965909,50087,6.43,12,13
2026-09-07 22:18:50+00,2026-09-07 22:19:00+00,MGLU3,medium,113,2.000973,59689,8.37,25,45
2026-09-07 22:18:50+00,2026-09-07 22:19:00+00,MSFT,medium,87,419.993103,39153,8.37,13,39
2026-09-07 22:18:50+00,2026-09-07 22:19:00+00,PETR4,medium,111,37.988829,54302,7.38,12,74
2026-09-07 22:18:50+00,2026-09-07 22:19:00+00,VALE3,medium,98,62.022041,47702,6.99,13,28
2026-09-07 22:19:00+00,2026-09-07 22:19:10+00,AAPL,medium,102,170.040490,45362,8.76,17,47
2026-09-07 22:19:00+00,2026-09-07 22:19:10+00,ABEV3,medium,121,12.007934,61540,7.83,13,52
2026-09-07 22:19:00+00,2026-09-07 22:19:10+00,BBDC4,medium,97,14.000722,50098,7.56,12,46
2026-09-07 22:19:00+00,2026-09-07 22:19:10+00,BOVA11,medium,91,124.810220,41376,7.78,16,55
2026-09-07 22:19:00+00,2026-09-07 22:19:10+00,BTC-USD,medium,98,65042.102857,51017,6.71,12,12
2026-09-07 22:19:00+00,2026-09-07 22:19:10+00,ITUB4,medium,104,33.972115,54281,6.65,12,13
2026-09-07 22:19:00+00,2026-09-07 22:19:10+00,MGLU3,medium,107,1.998411,56017,6.33,12,23
2026-09-07 22:19:00+00,2026-09-07 22:19:10+00,MSFT,medium,92,419.860543,48115,8.01,17,67
2026-09-07 22:19:00+00,2026-09-07 22:19:10+00,PETR4,medium,94,38.010851,50168,8.14,12,57
2026-09-07 22:19:00+00,2026-09-07 22:19:10+00,VALE3,medium,96,61.885208,45995,7.41,13,13
2026-09-07 22:19:10+00,2026-09-07 22:19:20+00,AAPL,medium,86,170.251163,40249,8.30,19,44
2026-09-07 22:19:10+00,2026-09-07 22:19:20+00,ABEV3,medium,109,11.990642,54568,7.24,13,37
2026-09-07 22:19:10+00,2026-09-07 22:19:20+00,BBDC4,medium,117,13.994957,53166,7.74,13,53
2026-09-07 22:19:10+00,2026-09-07 22:19:20+00,BOVA11,medium,98,124.897347,53225,6.96,12,47
2026-09-07 22:19:10+00,2026-09-07 22:19:20+00,BTC-USD,medium,94,64947.292340,47342,7.80,21,56
2026-09-07 22:19:10+00,2026-09-07 22:19:20+00,ITUB4,medium,98,33.991939,50886,6.09,12,13
2026-09-07 22:19:10+00,2026-09-07 22:19:20+00,MGLU3,medium,97,1.998866,51929,8.54,13,54
2026-09-07 22:19:10+00,2026-09-07 22:19:20+00,MSFT,medium,102,419.686471,49537,6.56,12,28
2026-09-07 22:19:10+00,2026-09-07 22:19:20+00,PETR4,medium,102,37.902549,52762,10.15,21,65
2026-09-07 22:19:10+00,2026-09-07 22:19:20+00,VALE3,medium,99,61.986768,53165,6.73,12,13
2026-09-07 22:19:20+00,2026-09-07 22:19:30+00,AAPL,medium,102,170.008627,45792,8.48,22,54
2026-09-07 22:19:20+00,2026-09-07 22:19:30+00,ABEV3,medium,101,11.998614,55028,7.48,13,34
2026-09-07 22:19:20+00,2026-09-07 22:19:30+00,BBDC4,medium,113,13.986903,60802,7.63,13,42
2026-09-07 22:19:20+00,2026-09-07 22:19:30+00,BOVA11,medium,120,124.925417,61432,7.90,18,52
2026-09-07 22:19:20+00,2026-09-07 22:19:30+00,BTC-USD,medium,82,64995.667195,39836,7.09,12,41
2026-09-07 22:19:20+00,2026-09-07 22:19:30+00,ITUB4,medium,116,34.005086,59243,7.73,13,13
2026-09-07 22:19:20+00,2026-09-07 22:19:30+00,MGLU3,medium,94,1.998830,48034,7.86,13,51
2026-09-07 22:19:20+00,2026-09-07 22:19:30+00,MSFT,medium,105,419.946762,51908,6.85,12,44
2026-09-07 22:19:20+00,2026-09-07 22:19:30+00,PETR4,medium,86,37.968953,47788,8.52,13,44
2026-09-07 22:19:20+00,2026-09-07 22:19:30+00,VALE3,medium,85,61.901412,42105,6.76,12,13
2026-09-07 22:19:30+00,2026-09-07 22:19:40+00,AAPL,medium,101,169.915248,54231,7.34,13,52
2026-09-07 22:19:30+00,2026-09-07 22:19:40+00,ABEV3,medium,93,11.988495,39813,6.99,13,42
2026-09-07 22:19:30+00,2026-09-07 22:19:40+00,BBDC4,medium,102,13.992745,51235,9.31,23,64
2026-09-07 22:19:30+00,2026-09-07 22:19:40+00,BOVA11,medium,105,125.215714,57141,8.85,13,67
2026-09-07 22:19:30+00,2026-09-07 22:19:40+00,BTC-USD,medium,98,64973.408673,43305,7.42,13,31
2026-09-07 22:19:30+00,2026-09-07 22:19:40+00,ITUB4,medium,100,34.027700,47465,6.73,13,19
2026-09-07 22:19:30+00,2026-09-07 22:19:40+00,MGLU3,medium,92,2.000109,45809,8.98,21,72
2026-09-07 22:19:30+00,2026-09-07 22:19:40+00,MSFT,medium,94,420.208723,48430,9.21,19,58
2026-09-07 22:19:30+00,2026-09-07 22:19:40+00,PETR4,medium,105,38.018952,53981,7.67,13,48
2026-09-07 22:19:30+00,2026-09-07 22:19:40+00,VALE3,medium,103,61.976796,51083,8.27,13,28
2026-09-07 22:19:40+00,2026-09-07 22:19:50+00,AAPL,medium,98,169.974796,48287,9.81,59,89
2026-09-07 22:19:40+00,2026-09-07 22:19:50+00,ABEV3,medium,99,12.009697,47655,8.76,13,79
2026-09-07 22:19:40+00,2026-09-07 22:19:50+00,BBDC4,medium,114,13.991930,55043,9.22,14,109
2026-09-07 22:19:40+00,2026-09-07 22:19:50+00,BOVA11,medium,104,125.147404,53601,9.00,17,76
2026-09-07 22:19:40+00,2026-09-07 22:19:50+00,BTC-USD,medium,95,64986.665684,45361,8.68,13,53
2026-09-07 22:19:40+00,2026-09-07 22:19:50+00,ITUB4,medium,87,34.009655,45954,6.51,12,13
2026-09-07 22:19:40+00,2026-09-07 22:19:50+00,MGLU3,medium,96,1.999583,48277,8.83,14,99
2026-09-07 22:19:40+00,2026-09-07 22:19:50+00,MSFT,medium,118,420.414407,54357,7.93,13,41
2026-09-07 22:19:40+00,2026-09-07 22:19:50+00,PETR4,medium,98,38.010612,49869,10.53,32,119
2026-09-07 22:19:40+00,2026-09-07 22:19:50+00,VALE3,medium,92,62.041739,47187,6.98,13,19
2026-09-07 22:19:50+00,2026-09-07 22:20:00+00,AAPL,medium,105,170.306095,53812,6.92,13,18
2026-09-07 22:19:50+00,2026-09-07 22:20:00+00,ABEV3,medium,104,12.005577,56702,7.19,13,28
2026-09-07 22:19:50+00,2026-09-07 22:20:00+00,BBDC4,medium,84,14.002976,42848,9.08,18,59
2026-09-07 22:19:50+00,2026-09-07 22:20:00+00,BOVA11,medium,88,124.969545,45511,7.68,13,13
2026-09-07 22:19:50+00,2026-09-07 22:20:00+00,BTC-USD,medium,102,64999.249314,47635,7.40,13,43
2026-09-07 22:19:50+00,2026-09-07 22:20:00+00,ITUB4,medium,109,33.976514,55514,7.48,13,34
2026-09-07 22:19:50+00,2026-09-07 22:20:00+00,MGLU3,medium,103,1.998447,44744,7.60,13,60
2026-09-07 22:19:50+00,2026-09-07 22:20:00+00,MSFT,medium,107,419.606636,53865,8.07,13,49
2026-09-07 22:19:50+00,2026-09-07 22:20:00+00,PETR4,medium,92,37.990435,43794,8.95,13,58
2026-09-07 22:19:50+00,2026-09-07 22:20:00+00,VALE3,medium,107,62.032897,55910,6.79,13,13
2026-09-07 22:20:00+00,2026-09-07 22:20:10+00,AAPL,medium,103,169.978544,52167,7.82,14,52
2026-09-07 22:20:00+00,2026-09-07 22:20:10+00,ABEV3,medium,95,11.997053,46263,8.52,19,45
2026-09-07 22:20:00+00,2026-09-07 22:20:10+00,BBDC4,medium,113,13.986814,55582,7.90,13,34
2026-09-07 22:20:00+00,2026-09-07 22:20:10+00,BOVA11,medium,109,124.891101,54472,7.64,13,43
2026-09-07 22:20:00+00,2026-09-07 22:20:10+00,BTC-USD,medium,110,65036.651818,57821,8.78,14,38
2026-09-07 22:20:00+00,2026-09-07 22:20:10+00,ITUB4,medium,91,34.030769,40549,6.82,13,34
2026-09-07 22:20:00+00,2026-09-07 22:20:10+00,MGLU3,medium,99,1.999091,50429,8.69,13,42
2026-09-07 22:20:00+00,2026-09-07 22:20:10+00,MSFT,medium,90,419.733111,43752,9.12,14,43
2026-09-07 22:20:00+00,2026-09-07 22:20:10+00,PETR4,medium,104,38.055962,52226,7.38,13,49
2026-09-07 22:20:00+00,2026-09-07 22:20:10+00,VALE3,medium,89,61.984607,49057,7.89,13,17
2026-09-07 22:20:10+00,2026-09-07 22:20:20+00,AAPL,medium,108,170.067685,57053,7.86,13,55
2026-09-07 22:20:10+00,2026-09-07 22:20:20+00,ABEV3,medium,103,12.006408,49273,8.54,13,68
2026-09-07 22:20:10+00,2026-09-07 22:20:20+00,BBDC4,medium,88,13.998750,39271,9.95,13,96
2026-09-07 22:20:10+00,2026-09-07 22:20:20+00,BOVA11,medium,101,124.963564,54889,9.15,13,78
2026-09-07 22:20:10+00,2026-09-07 22:20:20+00,BTC-USD,medium,86,64984.070465,43804,7.88,16,36
2026-09-07 22:20:10+00,2026-09-07 22:20:20+00,ITUB4,medium,88,34.000227,50841,7.03,13,15
2026-09-07 22:20:10+00,2026-09-07 22:20:20+00,MGLU3,medium,99,2.002828,49179,8.22,14,40
2026-09-07 22:20:10+00,2026-09-07 22:20:20+00,MSFT,medium,103,420.023883,49338,7.36,13,65
2026-09-07 22:20:10+00,2026-09-07 22:20:20+00,PETR4,medium,98,38.008980,47982,8.04,13,56
2026-09-07 22:20:10+00,2026-09-07 22:20:20+00,VALE3,medium,122,61.987705,61219,7.24,13,13
2026-09-07 22:20:20+00,2026-09-07 22:20:30+00,AAPL,medium,107,170.228411,57748,7.90,16,45
2026-09-07 22:20:20+00,2026-09-07 22:20:30+00,ABEV3,medium,119,11.990000,62567,7.96,13,40
2026-09-07 22:20:20+00,2026-09-07 22:20:30+00,BBDC4,medium,97,14.008454,49451,8.71,30,61
2026-09-07 22:20:20+00,2026-09-07 22:20:30+00,BOVA11,medium,94,124.855319,46938,7.52,13,13
2026-09-07 22:20:20+00,2026-09-07 22:20:30+00,BTC-USD,medium,84,65054.400714,43915,7.56,13,26
2026-09-07 22:20:20+00,2026-09-07 22:20:30+00,ITUB4,medium,103,33.990097,53406,32.32,225,575
2026-09-07 22:20:20+00,2026-09-07 22:20:30+00,MGLU3,medium,98,2.000204,49881,8.36,13,51
2026-09-07 22:20:20+00,2026-09-07 22:20:30+00,MSFT,medium,110,419.783273,56563,7.21,13,36
2026-09-07 22:20:20+00,2026-09-07 22:20:30+00,PETR4,medium,89,37.972472,45738,7.69,13,36
2026-09-07 22:20:20+00,2026-09-07 22:20:30+00,VALE3,medium,102,61.989118,54032,24.20,76,484
2026-09-07 22:20:30+00,2026-09-07 22:20:40+00,AAPL,medium,108,169.854444,54674,8.67,13,45
2026-09-07 22:20:30+00,2026-09-07 22:20:40+00,ABEV3,medium,108,12.001852,55179,7.63,13,56
2026-09-07 22:20:30+00,2026-09-07 22:20:40+00,BBDC4,medium,104,14.017885,50709,7.22,13,32
2026-09-07 22:20:30+00,2026-09-07 22:20:40+00,BOVA11,medium,93,125.186344,48342,9.47,17,55
2026-09-07 22:20:30+00,2026-09-07 22:20:40+00,BTC-USD,medium,97,64933.422474,52133,9.14,22,63
2026-09-07 22:20:30+00,2026-09-07 22:20:40+00,ITUB4,medium,107,34.065421,55748,7.93,13,36
2026-09-07 22:20:30+00,2026-09-07 22:20:40+00,MGLU3,medium,104,1.997212,54731,7.36,13,44
2026-09-07 22:20:30+00,2026-09-07 22:20:40+00,MSFT,medium,94,420.093617,43203,7.18,13,46
2026-09-07 22:20:30+00,2026-09-07 22:20:40+00,PETR4,medium,84,37.978690,40086,8.57,13,70
2026-09-07 22:20:30+00,2026-09-07 22:20:40+00,VALE3,medium,101,62.012574,53673,7.68,13,26
2026-09-07 22:20:40+00,2026-09-07 22:20:50+00,AAPL,medium,87,170.174828,44635,9.01,13,37
2026-09-07 22:20:40+00,2026-09-07 22:20:50+00,ABEV3,medium,99,11.988485,47094,9.65,37,69
2026-09-07 22:20:40+00,2026-09-07 22:20:50+00,BBDC4,medium,115,13.989565,53829,7.79,17,63
2026-09-07 22:20:40+00,2026-09-07 22:20:50+00,BOVA11,medium,95,125.154842,43123,6.78,13,22
2026-09-07 22:20:40+00,2026-09-07 22:20:50+00,BTC-USD,medium,107,64985.944860,52599,7.51,13,57
2026-09-07 22:20:40+00,2026-09-07 22:20:50+00,ITUB4,medium,116,34.017500,55631,7.08,13,15
2026-09-07 22:20:40+00,2026-09-07 22:20:50+00,MGLU3,medium,90,1.999000,45764,8.37,14,59
2026-09-07 22:20:40+00,2026-09-07 22:20:50+00,MSFT,medium,92,419.937717,38174,8.74,29,51
2026-09-07 22:20:40+00,2026-09-07 22:20:50+00,PETR4,medium,103,37.978738,50399,9.59,19,53
2026-09-07 22:20:40+00,2026-09-07 22:20:50+00,VALE3,medium,99,61.883333,50399,7.81,13,22
2026-09-07 22:20:50+00,2026-09-07 22:21:00+00,AAPL,medium,105,169.876857,50093,7.24,13,19
2026-09-07 22:20:50+00,2026-09-07 22:21:00+00,ABEV3,medium,103,12.006214,47996,8.68,16,50
2026-09-07 22:20:50+00,2026-09-07 22:21:00+00,BBDC4,medium,108,14.007130,56964,8.69,13,69
2026-09-07 22:20:50+00,2026-09-07 22:21:00+00,BOVA11,medium,92,124.970109,45252,7.66,13,13
2026-09-07 22:20:50+00,2026-09-07 22:21:00+00,BTC-USD,medium,109,65035.158349,51363,7.93,14,48
2026-09-07 22:20:50+00,2026-09-07 22:21:00+00,ITUB4,medium,90,34.014444,41989,7.04,13,13
2026-09-07 22:20:50+00,2026-09-07 22:21:00+00,MGLU3,medium,91,1.997802,41797,8.24,19,49
2026-09-07 22:20:50+00,2026-09-07 22:21:00+00,MSFT,medium,96,419.878542,50674,9.75,13,90
2026-09-07 22:20:50+00,2026-09-07 22:21:00+00,PETR4,medium,112,37.979554,51652,7.90,14,80
2026-09-07 22:20:50+00,2026-09-07 22:21:00+00,VALE3,medium,88,61.933409,47581,8.20,13,13
2026-09-07 22:21:00+00,2026-09-07 22:21:10+00,AAPL,medium,95,169.835368,49440,8.67,13,78
2026-09-07 22:21:00+00,2026-09-07 22:21:10+00,ABEV3,medium,105,11.998762,50939,10.25,40,59
2026-09-07 22:21:00+00,2026-09-07 22:21:10+00,BBDC4,medium,94,14.007234,51258,8.80,15,80
2026-09-07 22:21:00+00,2026-09-07 22:21:10+00,BOVA11,medium,94,124.891064,43543,7.83,13,70
2026-09-07 22:21:00+00,2026-09-07 22:21:10+00,BTC-USD,medium,104,64848.842885,50107,8.04,13,39
2026-09-07 22:21:00+00,2026-09-07 22:21:10+00,ITUB4,medium,117,34.016667,59867,7.45,13,14
2026-09-07 22:21:00+00,2026-09-07 22:21:10+00,MGLU3,medium,89,2.001573,44815,6.93,13,50
2026-09-07 22:21:00+00,2026-09-07 22:21:10+00,MSFT,medium,101,420.099010,49178,8.21,13,38
2026-09-07 22:21:00+00,2026-09-07 22:21:10+00,PETR4,medium,107,38.018131,53819,7.68,13,48
2026-09-07 22:21:00+00,2026-09-07 22:21:10+00,VALE3,medium,94,62.064043,45089,7.41,13,13
2026-09-07 22:21:10+00,2026-09-07 22:21:20+00,AAPL,medium,114,170.084825,59092,7.76,13,63
2026-09-07 22:21:10+00,2026-09-07 22:21:20+00,ABEV3,medium,108,12.000648,46720,9.77,26,96
2026-09-07 22:21:10+00,2026-09-07 22:21:20+00,BBDC4,medium,94,14.008085,49915,7.63,13,45
2026-09-07 22:21:10+00,2026-09-07 22:21:20+00,BOVA11,medium,117,125.000598,57698,8.06,13,56
2026-09-07 22:21:10+00,2026-09-07 22:21:20+00,BTC-USD,medium,98,65042.471122,47615,10.11,27,86
2026-09-07 22:21:10+00,2026-09-07 22:21:20+00,ITUB4,medium,88,33.996705,45581,7.49,13,13
2026-09-07 22:21:10+00,2026-09-07 22:21:20+00,MGLU3,medium,107,1.999626,56338,9.64,13,54
2026-09-07 22:21:10+00,2026-09-07 22:21:20+00,MSFT,medium,68,420.476618,34602,10.85,25,105
2026-09-07 22:21:10+00,2026-09-07 22:21:20+00,PETR4,medium,94,38.001596,53854,7.40,13,28
2026-09-07 22:21:10+00,2026-09-07 22:21:20+00,VALE3,medium,112,62.070179,59238,6.65,13,28
2026-09-07 22:21:20+00,2026-09-07 22:21:30+00,AAPL,medium,91,169.607473,48425,8.05,13,31
2026-09-07 22:21:20+00,2026-09-07 22:21:30+00,ABEV3,medium,88,11.990227,42939,8.26,14,44
2026-09-07 22:21:20+00,2026-09-07 22:21:30+00,BBDC4,medium,103,13.993301,51533,7.85,13,64
2026-09-07 22:21:20+00,2026-09-07 22:21:30+00,BOVA11,medium,98,124.984490,45335,8.43,23,93
2026-09-07 22:21:20+00,2026-09-07 22:21:30+00,BTC-USD,medium,87,65018.761609,39804,8.66,13,84
2026-09-07 22:21:20+00,2026-09-07 22:21:30+00,ITUB4,medium,116,34.015431,54534,7.64,13,21
2026-09-07 22:21:20+00,2026-09-07 22:21:30+00,MGLU3,medium,123,1.998699,63631,8.85,15,74
2026-09-07 22:21:20+00,2026-09-07 22:21:30+00,MSFT,medium,108,419.427130,54369,8.54,22,54
2026-09-07 22:21:20+00,2026-09-07 22:21:30+00,PETR4,medium,94,38.017234,43232,8.44,12,83
2026-09-07 22:21:20+00,2026-09-07 22:21:30+00,VALE3,medium,97,62.094948,44726,7.09,13,14
2026-09-07 22:21:30+00,2026-09-07 22:21:40+00,AAPL,medium,96,170.094688,51877,8.19,13,84
2026-09-07 22:21:30+00,2026-09-07 22:21:40+00,ABEV3,medium,110,12.007182,59537,8.99,19,36
2026-09-07 22:21:30+00,2026-09-07 22:21:40+00,BBDC4,medium,109,14.016422,50991,7.96,13,36
2026-09-07 22:21:30+00,2026-09-07 22:21:40+00,BOVA11,medium,100,125.066500,50270,8.98,17,44
2026-09-07 22:21:30+00,2026-09-07 22:21:40+00,BTC-USD,medium,92,65029.122283,45171,8.29,13,74
2026-09-07 22:21:30+00,2026-09-07 22:21:40+00,ITUB4,medium,100,34.000000,51515,6.76,12,51
2026-09-07 22:21:30+00,2026-09-07 22:21:40+00,MGLU3,medium,102,2.000392,44691,7.70,13,27
2026-09-07 22:21:30+00,2026-09-07 22:21:40+00,MSFT,medium,89,419.664157,46440,7.60,13,37
2026-09-07 22:21:30+00,2026-09-07 22:21:40+00,PETR4,medium,87,38.035747,46872,7.48,13,54
2026-09-07 22:21:30+00,2026-09-07 22:21:40+00,VALE3,medium,109,61.991743,53573,6.91,13,32
2026-09-07 22:21:40+00,2026-09-07 22:21:50+00,AAPL,medium,107,169.874019,53794,8.29,13,73
2026-09-07 22:21:40+00,2026-09-07 22:21:50+00,ABEV3,medium,90,12.002111,46393,8.46,13,73
2026-09-07 22:21:40+00,2026-09-07 22:21:50+00,BBDC4,medium,101,14.001980,55392,8.07,13,53
2026-09-07 22:21:40+00,2026-09-07 22:21:50+00,BOVA11,medium,102,125.198235,52922,9.46,13,63
2026-09-07 22:21:40+00,2026-09-07 22:21:50+00,BTC-USD,medium,101,64974.839703,54071,8.69,14,59
2026-09-07 22:21:40+00,2026-09-07 22:21:50+00,ITUB4,medium,117,33.992051,54206,6.95,13,13
2026-09-07 22:21:40+00,2026-09-07 22:21:50+00,MGLU3,medium,104,1.996923,47339,10.54,32,65
2026-09-07 22:21:40+00,2026-09-07 22:21:50+00,MSFT,medium,108,419.775278,52086,8.27,13,64
2026-09-07 22:21:40+00,2026-09-07 22:21:50+00,PETR4,medium,75,38.079467,41327,7.72,13,18
2026-09-07 22:21:40+00,2026-09-07 22:21:50+00,VALE3,medium,97,61.961340,52347,7.75,13,54
2026-09-07 22:21:50+00,2026-09-07 22:22:00+00,AAPL,medium,118,170.000339,58238,8.24,13,59
2026-09-07 22:21:50+00,2026-09-07 22:22:00+00,ABEV3,medium,101,11.987129,50798,9.06,13,81
2026-09-07 22:21:50+00,2026-09-07 22:22:00+00,BBDC4,medium,106,14.004528,56941,11.22,45,61
2026-09-07 22:21:50+00,2026-09-07 22:22:00+00,BOVA11,medium,120,125.000333,54553,9.41,22,101
2026-09-07 22:21:50+00,2026-09-07 22:22:00+00,BTC-USD,medium,87,64960.416322,45257,8.75,13,91
2026-09-07 22:21:50+00,2026-09-07 22:22:00+00,ITUB4,medium,86,33.987558,43419,6.53,12,19
2026-09-07 22:21:50+00,2026-09-07 22:22:00+00,MGLU3,medium,85,2.001294,46512,9.15,24,71
2026-09-07 22:21:50+00,2026-09-07 22:22:00+00,MSFT,medium,100,419.918800,44917,10.11,30,69
2026-09-07 22:21:50+00,2026-09-07 22:22:00+00,PETR4,medium,115,37.990435,54136,9.43,25,79
2026-09-07 22:21:50+00,2026-09-07 22:22:00+00,VALE3,medium,86,61.984535,41337,7.30,12,30
2026-09-07 22:22:00+00,2026-09-07 22:22:10+00,AAPL,medium,97,170.047113,46810,7.61,13,36
2026-09-07 22:22:00+00,2026-09-07 22:22:10+00,ABEV3,medium,103,11.997476,49983,7.62,13,68
2026-09-07 22:22:00+00,2026-09-07 22:22:10+00,BBDC4,medium,87,13.983218,46090,7.11,12,20
2026-09-07 22:22:00+00,2026-09-07 22:22:10+00,BOVA11,medium,92,125.134022,48665,9.68,13,60
2026-09-07 22:22:00+00,2026-09-07 22:22:10+00,BTC-USD,medium,95,64958.950632,48349,7.06,13,38
2026-09-07 22:22:00+00,2026-09-07 22:22:10+00,ITUB4,medium,97,34.014330,51194,7.58,12,13
2026-09-07 22:22:00+00,2026-09-07 22:22:10+00,MGLU3,medium,121,1.997686,52545,7.69,14,58
2026-09-07 22:22:00+00,2026-09-07 22:22:10+00,MSFT,medium,109,420.876972,57982,9.43,13,58
2026-09-07 22:22:00+00,2026-09-07 22:22:10+00,PETR4,medium,94,38.065213,51106,7.36,13,48
2026-09-07 22:22:00+00,2026-09-07 22:22:10+00,VALE3,medium,103,62.050194,52208,7.15,12,24
2026-09-07 22:22:10+00,2026-09-07 22:22:20+00,AAPL,medium,106,170.185094,52035,8.58,16,76
2026-09-07 22:22:10+00,2026-09-07 22:22:20+00,ABEV3,medium,100,11.996400,49799,8.55,13,59
2026-09-07 22:22:10+00,2026-09-07 22:22:20+00,BBDC4,medium,95,13.992632,53008,8.63,17,69
2026-09-07 22:22:10+00,2026-09-07 22:22:20+00,BOVA11,medium,91,125.028352,46640,7.49,13,14
2026-09-07 22:22:10+00,2026-09-07 22:22:20+00,BTC-USD,medium,94,65056.005745,49379,6.45,12,23
2026-09-07 22:22:10+00,2026-09-07 22:22:20+00,ITUB4,medium,109,33.976789,55274,7.41,12,23
2026-09-07 22:22:10+00,2026-09-07 22:22:20+00,MGLU3,medium,102,1.996765,51847,8.15,13,79
2026-09-07 22:22:10+00,2026-09-07 22:22:20+00,MSFT,medium,84,419.475119,44045,9.33,13,65
2026-09-07 22:22:10+00,2026-09-07 22:22:20+00,PETR4,medium,110,38.019636,51803,9.29,23,56
2026-09-07 22:22:10+00,2026-09-07 22:22:20+00,VALE3,medium,106,61.934057,51324,7.64,13,69
2026-09-07 22:22:20+00,2026-09-07 22:22:30+00,AAPL,medium,106,169.978396,53679,8.22,13,47
2026-09-07 22:22:20+00,2026-09-07 22:22:30+00,ABEV3,medium,104,11.983269,56567,7.22,13,18
2026-09-07 22:22:20+00,2026-09-07 22:22:30+00,BBDC4,medium,89,13.999775,46277,7.69,13,52
2026-09-07 22:22:20+00,2026-09-07 22:22:30+00,BOVA11,medium,105,125.192571,50273,8.35,18,43
2026-09-07 22:22:20+00,2026-09-07 22:22:30+00,BTC-USD,medium,89,64930.841798,40277,7.26,13,30
2026-09-07 22:22:20+00,2026-09-07 22:22:30+00,ITUB4,medium,77,33.994286,32977,6.71,13,15
2026-09-07 22:22:20+00,2026-09-07 22:22:30+00,MGLU3,medium,102,2.004314,52770,7.67,13,59
2026-09-07 22:22:20+00,2026-09-07 22:22:30+00,MSFT,medium,106,420.197358,57685,7.72,13,18
2026-09-07 22:22:20+00,2026-09-07 22:22:30+00,PETR4,medium,118,38.013475,60938,8.39,20,37
2026-09-07 22:22:20+00,2026-09-07 22:22:30+00,VALE3,medium,107,62.074112,52109,7.76,13,13
2026-09-07 22:22:30+00,2026-09-07 22:22:40+00,AAPL,medium,112,169.935446,53061,9.34,33,68
2026-09-07 22:22:30+00,2026-09-07 22:22:40+00,ABEV3,medium,91,12.004396,41487,6.18,13,58
2026-09-07 22:22:30+00,2026-09-07 22:22:40+00,BBDC4,medium,100,14.008100,50653,8.87,13,63
2026-09-07 22:22:30+00,2026-09-07 22:22:40+00,BOVA11,medium,99,124.994545,51749,9.19,38,72
2026-09-07 22:22:30+00,2026-09-07 22:22:40+00,BTC-USD,medium,113,65019.498142,57681,8.81,14,48
2026-09-07 22:22:30+00,2026-09-07 22:22:40+00,ITUB4,medium,75,34.099333,31448,7.59,13,13
2026-09-07 22:22:30+00,2026-09-07 22:22:40+00,MGLU3,medium,101,2.000792,55918,8.83,23,49
2026-09-07 22:22:30+00,2026-09-07 22:22:40+00,MSFT,medium,111,420.113964,56037,6.87,13,13
2026-09-07 22:22:30+00,2026-09-07 22:22:40+00,PETR4,medium,104,37.975481,46842,8.10,13,29
2026-09-07 22:22:30+00,2026-09-07 22:22:40+00,VALE3,medium,96,62.077396,45742,7.10,13,13
2026-09-07 22:22:40+00,2026-09-07 22:22:50+00,AAPL,medium,108,169.733333,56001,7.33,13,35
2026-09-07 22:22:40+00,2026-09-07 22:22:50+00,ABEV3,medium,106,11.999623,57141,9.00,15,60
2026-09-07 22:22:40+00,2026-09-07 22:22:50+00,BBDC4,medium,104,13.981538,51778,8.52,13,45
2026-09-07 22:22:40+00,2026-09-07 22:22:50+00,BOVA11,medium,94,125.087340,50150,7.54,14,36
2026-09-07 22:22:40+00,2026-09-07 22:22:50+00,BTC-USD,medium,105,65071.296571,53643,8.19,13,36
2026-09-07 22:22:40+00,2026-09-07 22:22:50+00,ITUB4,medium,96,34.029583,54818,7.36,13,37
2026-09-07 22:22:40+00,2026-09-07 22:22:50+00,MGLU3,medium,101,2.003168,44509,8.13,13,46
2026-09-07 22:22:40+00,2026-09-07 22:22:50+00,MSFT,medium,87,420.657356,41994,7.03,13,25
2026-09-07 22:22:40+00,2026-09-07 22:22:50+00,PETR4,medium,101,37.993267,53718,9.20,24,56
2026-09-07 22:22:40+00,2026-09-07 22:22:50+00,VALE3,medium,100,61.851900,48204,7.12,13,18
2026-09-07 22:22:50+00,2026-09-07 22:23:00+00,AAPL,medium,98,170.043469,54767,7.65,13,26
2026-09-07 22:22:50+00,2026-09-07 22:23:00+00,ABEV3,medium,102,12.005196,45058,7.75,13,34
2026-09-07 22:22:50+00,2026-09-07 22:23:00+00,BBDC4,medium,107,13.990841,54794,7.89,13,34
2026-09-07 22:22:50+00,2026-09-07 22:23:00+00,BOVA11,medium,90,124.995444,45351,8.07,13,55
2026-09-07 22:22:50+00,2026-09-07 22:23:00+00,BTC-USD,medium,112,64984.230804,54781,8.28,17,63
2026-09-07 22:22:50+00,2026-09-07 22:23:00+00,ITUB4,medium,87,34.062759,49949,7.66,13,16
2026-09-07 22:22:50+00,2026-09-07 22:23:00+00,MGLU3,medium,103,2.002136,55009,6.92,13,43
2026-09-07 22:22:50+00,2026-09-07 22:23:00+00,MSFT,medium,91,420.369011,45799,7.98,14,35
2026-09-07 22:22:50+00,2026-09-07 22:23:00+00,PETR4,medium,104,37.995481,52513,7.64,13,45
2026-09-07 22:22:50+00,2026-09-07 22:23:00+00,VALE3,medium,100,61.942700,47314,7.58,13,18
2026-09-07 22:23:00+00,2026-09-07 22:23:10+00,AAPL,medium,101,169.990198,50658,7.70,13,72
2026-09-07 22:23:00+00,2026-09-07 22:23:10+00,ABEV3,medium,105,12.003238,52261,8.77,13,55
2026-09-07 22:23:00+00,2026-09-07 22:23:10+00,BBDC4,medium,92,13.994130,50924,7.90,13,38
2026-09-07 22:23:00+00,2026-09-07 22:23:10+00,BOVA11,medium,104,125.006346,50695,9.16,13,44
2026-09-07 22:23:00+00,2026-09-07 22:23:10+00,BTC-USD,medium,108,64969.785000,55223,9.32,13,61
2026-09-07 22:23:00+00,2026-09-07 22:23:10+00,ITUB4,medium,95,33.995895,43893,7.15,13,14
2026-09-07 22:23:00+00,2026-09-07 22:23:10+00,MGLU3,medium,106,2.001321,49430,7.49,13,55
2026-09-07 22:23:00+00,2026-09-07 22:23:10+00,MSFT,medium,107,419.793364,57015,7.31,13,45
2026-09-07 22:23:00+00,2026-09-07 22:23:10+00,PETR4,medium,89,37.979101,46237,7.33,13,21
2026-09-07 22:23:00+00,2026-09-07 22:23:10+00,VALE3,medium,94,61.991383,50030,6.88,13,14
2026-09-07 22:23:10+00,2026-09-07 22:23:20+00,AAPL,medium,105,169.956571,49720,7.53,13,30
2026-09-07 22:23:10+00,2026-09-07 22:23:20+00,ABEV3,medium,95,11.993684,47674,8.68,20,53
2026-09-07 22:23:10+00,2026-09-07 22:23:20+00,BBDC4,medium,118,14.005424,65068,7.77,13,45
2026-09-07 22:23:10+00,2026-09-07 22:23:20+00,BOVA11,medium,90,125.004333,42901,7.44,13,43
2026-09-07 22:23:10+00,2026-09-07 22:23:20+00,BTC-USD,medium,97,65026.996701,43407,8.54,13,50
2026-09-07 22:23:10+00,2026-09-07 22:23:20+00,ITUB4,medium,104,33.949904,55774,6.89,12,14
2026-09-07 22:23:10+00,2026-09-07 22:23:20+00,MGLU3,medium,84,2.003571,45698,7.58,13,40
2026-09-07 22:23:10+00,2026-09-07 22:23:20+00,MSFT,medium,99,420.495354,53068,7.64,12,35
2026-09-07 22:23:10+00,2026-09-07 22:23:20+00,PETR4,medium,103,37.993883,52571,7.78,12,26
2026-09-07 22:23:10+00,2026-09-07 22:23:20+00,VALE3,medium,108,62.074352,57049,7.20,13,30
2026-09-07 22:23:20+00,2026-09-07 22:23:30+00,AAPL,medium,107,169.955701,57685,7.63,19,47
2026-09-07 22:23:20+00,2026-09-07 22:23:30+00,ABEV3,medium,110,11.982909,56066,9.60,35,70
2026-09-07 22:23:20+00,2026-09-07 22:23:30+00,BBDC4,medium,94,14.005106,44122,9.03,15,49
2026-09-07 22:23:20+00,2026-09-07 22:23:30+00,BOVA11,medium,93,124.987849,44358,7.73,13,51
2026-09-07 22:23:20+00,2026-09-07 22:23:30+00,BTC-USD,medium,99,65013.604141,53220,8.32,23,53
2026-09-07 22:23:20+00,2026-09-07 22:23:30+00,ITUB4,medium,86,33.987791,42190,7.15,13,13
2026-09-07 22:23:20+00,2026-09-07 22:23:30+00,MGLU3,medium,104,2.001346,54984,7.31,13,45
2026-09-07 22:23:20+00,2026-09-07 22:23:30+00,MSFT,medium,108,420.083889,55568,8.53,13,62
2026-09-07 22:23:20+00,2026-09-07 22:23:30+00,PETR4,medium,114,37.983772,61120,8.92,13,65
2026-09-07 22:23:20+00,2026-09-07 22:23:30+00,VALE3,medium,84,62.022619,40294,7.55,12,13
2026-09-07 22:23:30+00,2026-09-07 22:23:40+00,AAPL,medium,67,170.123731,37997,8.13,13,29
2026-09-07 22:23:30+00,2026-09-07 22:23:40+00,ABEV3,medium,110,11.992818,57965,10.47,36,68
2026-09-07 22:23:30+00,2026-09-07 22:23:40+00,BBDC4,medium,111,13.985856,56484,7.70,14,55
2026-09-07 22:23:30+00,2026-09-07 22:23:40+00,BOVA11,medium,112,125.020268,59235,9.30,13,58
2026-09-07 22:23:30+00,2026-09-07 22:23:40+00,BTC-USD,medium,107,64963.125794,49945,8.41,13,45
2026-09-07 22:23:30+00,2026-09-07 22:23:40+00,ITUB4,medium,103,34.004272,58038,7.17,13,25
2026-09-07 22:23:30+00,2026-09-07 22:23:40+00,MGLU3,medium,92,1.997065,46055,8.85,17,56
2026-09-07 22:23:30+00,2026-09-07 22:23:40+00,MSFT,medium,92,420.194783,44577,8.83,25,69
2026-09-07 22:23:30+00,2026-09-07 22:23:40+00,PETR4,medium,104,37.967981,51458,7.45,13,35
2026-09-07 22:23:30+00,2026-09-07 22:23:40+00,VALE3,medium,99,62.099596,46980,6.96,13,16
2026-09-07 22:23:40+00,2026-09-07 22:23:50+00,AAPL,medium,93,169.958387,49118,8.19,13,49
2026-09-07 22:23:40+00,2026-09-07 22:23:50+00,ABEV3,medium,98,11.998163,47505,9.44,27,59
2026-09-07 22:23:40+00,2026-09-07 22:23:50+00,BBDC4,medium,107,14.013645,54892,8.55,15,41
2026-09-07 22:23:40+00,2026-09-07 22:23:50+00,BOVA11,medium,92,125.136522,45445,10.24,19,72
2026-09-07 22:23:40+00,2026-09-07 22:23:50+00,BTC-USD,medium,113,64987.432389,59843,8.23,13,52
2026-09-07 22:23:40+00,2026-09-07 22:23:50+00,ITUB4,medium,80,34.011750,41564,7.35,12,17
2026-09-07 22:23:40+00,2026-09-07 22:23:50+00,MGLU3,medium,101,2.000495,54200,8.40,13,62
2026-09-07 22:23:40+00,2026-09-07 22:23:50+00,MSFT,medium,116,419.576121,58343,9.25,32,69
2026-09-07 22:23:40+00,2026-09-07 22:23:50+00,PETR4,medium,98,38.012245,48331,7.87,13,49
2026-09-07 22:23:40+00,2026-09-07 22:23:50+00,VALE3,medium,103,61.940388,56781,6.10,13,13
2026-09-07 22:23:50+00,2026-09-07 22:24:00+00,AAPL,medium,75,169.830133,38073,8.19,13,37
2026-09-07 22:23:50+00,2026-09-07 22:24:00+00,ABEV3,medium,111,12.003243,49673,8.80,13,51
2026-09-07 22:23:50+00,2026-09-07 22:24:00+00,BBDC4,medium,95,14.006000,52065,7.91,13,41
2026-09-07 22:23:50+00,2026-09-07 22:24:00+00,BOVA11,medium,112,125.109286,60370,7.94,13,70
2026-09-07 22:23:50+00,2026-09-07 22:24:00+00,BTC-USD,medium,90,65112.987889,42684,7.47,13,27
2026-09-07 22:23:50+00,2026-09-07 22:24:00+00,ITUB4,medium,110,34.008182,53851,7.06,13,18
2026-09-07 22:23:50+00,2026-09-07 22:24:00+00,MGLU3,medium,107,2.003271,52837,9.33,13,64
2026-09-07 22:23:50+00,2026-09-07 22:24:00+00,MSFT,medium,111,420.183153,53994,8.05,13,60
2026-09-07 22:23:50+00,2026-09-07 22:24:00+00,PETR4,medium,105,37.960381,50226,7.61,13,41
2026-09-07 22:23:50+00,2026-09-07 22:24:00+00,VALE3,medium,88,61.928636,42342,7.43,13,13
2026-09-07 22:24:00+00,2026-09-07 22:24:10+00,AAPL,medium,57,170.074035,28574,8.53,23,44
2026-09-07 22:24:00+00,2026-09-07 22:24:10+00,ABEV3,medium,64,12.009219,32943,9.05,14,53
2026-09-07 22:24:00+00,2026-09-07 22:24:10+00,BBDC4,medium,70,14.010000,35792,9.80,28,38
2026-09-07 22:24:00+00,2026-09-07 22:24:10+00,BOVA11,medium,60,124.821833,30062,7.47,13,54
2026-09-07 22:24:00+00,2026-09-07 22:24:10+00,BTC-USD,medium,47,64922.733191,24113,7.94,13,48
2026-09-07 22:24:00+00,2026-09-07 22:24:10+00,ITUB4,medium,62,33.997258,32692,6.90,13,13
2026-09-07 22:24:00+00,2026-09-07 22:24:10+00,MGLU3,medium,53,2.001132,25546,8.13,24,48
2026-09-07 22:24:00+00,2026-09-07 22:24:10+00,MSFT,medium,58,419.354310,30571,7.52,13,43
2026-09-07 22:24:00+00,2026-09-07 22:24:10+00,PETR4,medium,64,37.960000,36039,8.55,13,57
2026-09-07 22:24:00+00,2026-09-07 22:24:10+00,VALE3,medium,68,61.977206,34768,6.71,13,17
2026-09-07 22:25:00+00,2026-09-07 22:25:10+00,AAPL,high,744,170.013145,367585,61.47,248,311
2026-09-07 22:25:00+00,2026-09-07 22:25:10+00,ABEV3,high,788,12.004797,405084,63.14,247,303
2026-09-07 22:25:00+00,2026-09-07 22:25:10+00,BBDC4,high,797,14.000891,386705,60.65,237,310
2026-09-07 22:25:00+00,2026-09-07 22:25:10+00,BOVA11,high,848,124.991545,435085,56.63,235,307
2026-09-07 22:25:00+00,2026-09-07 22:25:10+00,BTC-USD,high,841,64992.871843,420176,60.96,237,297
2026-09-07 22:25:00+00,2026-09-07 22:25:10+00,ITUB4,high,783,34.006488,385974,13.80,64,130
2026-09-07 22:25:00+00,2026-09-07 22:25:10+00,MGLU3,high,840,2.001381,414099,68.73,241,305
2026-09-07 22:25:00+00,2026-09-07 22:25:10+00,MSFT,high,810,420.216074,400425,68.89,252,312
2026-09-07 22:25:00+00,2026-09-07 22:25:10+00,PETR4,high,796,37.997676,405790,62.60,244,313
2026-09-07 22:25:00+00,2026-09-07 22:25:10+00,VALE3,high,817,62.009351,404701,14.09,62,135
2026-09-07 22:25:10+00,2026-09-07 22:25:20+00,AAPL,high,985,170.058548,494607,94.38,347,810
2026-09-07 22:25:10+00,2026-09-07 22:25:20+00,ABEV3,high,1035,12.003208,510439,89.51,344,823
2026-09-07 22:25:10+00,2026-09-07 22:25:20+00,BBDC4,high,960,14.005677,475979,93.31,353,801
2026-09-07 22:25:10+00,2026-09-07 22:25:20+00,BOVA11,high,1016,125.000059,499487,100.06,400,814
2026-09-07 22:25:10+00,2026-09-07 22:25:20+00,BTC-USD,high,1007,65002.845641,500999,95.74,402,819
2026-09-07 22:25:10+00,2026-09-07 22:25:20+00,ITUB4,high,985,33.994223,479436,16.10,70,221
2026-09-07 22:25:10+00,2026-09-07 22:25:20+00,MGLU3,high,1004,2.000199,495509,89.01,334,815
2026-09-07 22:25:10+00,2026-09-07 22:25:20+00,MSFT,high,999,420.002372,497081,100.38,437,821
2026-09-07 22:25:10+00,2026-09-07 22:25:20+00,PETR4,high,975,38.001036,505184,93.70,383,822
2026-09-07 22:25:10+00,2026-09-07 22:25:20+00,VALE3,high,948,62.004926,469787,15.55,70,224
2026-09-07 22:25:20+00,2026-09-07 22:25:30+00,AAPL,high,1028,169.942918,505724,65.22,234,321
2026-09-07 22:25:20+00,2026-09-07 22:25:30+00,ABEV3,high,1034,11.997321,508749,65.54,247,316
2026-09-07 22:25:20+00,2026-09-07 22:25:30+00,BBDC4,high,1042,14.002668,535691,71.78,249,323
2026-09-07 22:25:20+00,2026-09-07 22:25:30+00,BOVA11,high,1015,125.022966,503189,69.64,257,325
2026-09-07 22:25:20+00,2026-09-07 22:25:30+00,BTC-USD,high,1013,64982.438559,497663,65.42,238,313
2026-09-07 22:25:20+00,2026-09-07 22:25:30+00,ITUB4,high,956,33.993316,471028,14.24,70,139
2026-09-07 22:25:20+00,2026-09-07 22:25:30+00,MGLU3,high,1050,1.999914,521731,69.89,252,326
2026-09-07 22:25:20+00,2026-09-07 22:25:30+00,MSFT,high,1022,420.053386,510131,71.80,252,329
2026-09-07 22:25:20+00,2026-09-07 22:25:30+00,PETR4,high,1018,37.986994,513112,68.11,241,300
2026-09-07 22:25:20+00,2026-09-07 22:25:30+00,VALE3,high,946,62.016385,478416,14.16,67,142
2026-09-07 22:25:30+00,2026-09-07 22:25:40+00,AAPL,high,1000,169.957130,488107,63.55,248,301
2026-09-07 22:25:30+00,2026-09-07 22:25:40+00,ABEV3,high,1018,12.000796,514174,66.90,241,295
2026-09-07 22:25:30+00,2026-09-07 22:25:40+00,BBDC4,high,997,14.003611,500023,64.43,245,297
2026-09-07 22:25:30+00,2026-09-07 22:25:40+00,BOVA11,high,973,124.988078,514009,66.54,249,302
2026-09-07 22:25:30+00,2026-09-07 22:25:40+00,BTC-USD,high,1010,65032.654119,512287,60.57,237,301
2026-09-07 22:25:30+00,2026-09-07 22:25:40+00,ITUB4,high,954,33.990168,472219,13.90,60,129
2026-09-07 22:25:30+00,2026-09-07 22:25:40+00,MGLU3,high,983,1.999908,481831,65.98,236,299
2026-09-07 22:25:30+00,2026-09-07 22:25:40+00,MSFT,high,1035,420.013836,518752,68.03,247,298
2026-09-07 22:25:30+00,2026-09-07 22:25:40+00,PETR4,high,1046,37.993356,510491,66.69,241,300
2026-09-07 22:25:30+00,2026-09-07 22:25:40+00,VALE3,high,1003,61.990439,497618,13.19,52,133
2026-09-07 22:25:40+00,2026-09-07 22:25:50+00,AAPL,high,1031,169.993210,527769,56.07,233,309
2026-09-07 22:25:40+00,2026-09-07 22:25:50+00,ABEV3,high,1006,12.000010,493711,55.93,229,302
2026-09-07 22:25:40+00,2026-09-07 22:25:50+00,BBDC4,high,1028,13.996887,524737,60.67,230,307
2026-09-07 22:25:40+00,2026-09-07 22:25:50+00,BOVA11,high,1021,125.029373,506934,61.29,228,310
2026-09-07 22:25:40+00,2026-09-07 22:25:50+00,BTC-USD,high,961,64987.674006,476585,57.68,231,315
2026-09-07 22:25:40+00,2026-09-07 22:25:50+00,ITUB4,high,1031,34.017003,517804,14.70,76,156
2026-09-07 22:25:40+00,2026-09-07 22:25:50+00,MGLU3,high,984,2.000833,495832,59.41,230,308
2026-09-07 22:25:40+00,2026-09-07 22:25:50+00,MSFT,high,937,419.918260,458410,63.06,238,311
2026-09-07 22:25:40+00,2026-09-07 22:25:50+00,PETR4,high,1006,37.996262,492798,58.36,227,312
2026-09-07 22:25:40+00,2026-09-07 22:25:50+00,VALE3,high,1013,62.001510,512834,13.89,65,150
2026-09-07 22:25:50+00,2026-09-07 22:26:00+00,AAPL,high,1001,170.112268,500540,60.09,223,277
2026-09-07 22:25:50+00,2026-09-07 22:26:00+00,ABEV3,high,1027,11.993281,525788,57.25,226,277
2026-09-07 22:25:50+00,2026-09-07 22:26:00+00,BBDC4,high,996,14.004930,505204,57.23,224,278
2026-09-07 22:25:50+00,2026-09-07 22:26:00+00,BOVA11,high,968,125.039380,489821,62.03,231,268
2026-09-07 22:25:50+00,2026-09-07 22:26:00+00,BTC-USD,high,980,64997.299143,474133,54.77,217,271
2026-09-07 22:25:50+00,2026-09-07 22:26:00+00,ITUB4,high,1006,33.994662,512972,15.72,75,162
2026-09-07 22:25:50+00,2026-09-07 22:26:00+00,MGLU3,high,1027,2.000214,526500,57.07,223,264
2026-09-07 22:25:50+00,2026-09-07 22:26:00+00,MSFT,high,978,420.063589,485074,55.12,224,265
2026-09-07 22:25:50+00,2026-09-07 22:26:00+00,PETR4,high,921,38.004397,452621,56.13,221,273
2026-09-07 22:25:50+00,2026-09-07 22:26:00+00,VALE3,high,1038,62.020539,520542,15.18,83,162
2026-09-07 22:26:00+00,2026-09-07 22:26:10+00,AAPL,high,962,170.050405,494413,63.83,241,296
2026-09-07 22:26:00+00,2026-09-07 22:26:10+00,ABEV3,high,1013,11.996950,491009,67.91,238,290
2026-09-07 22:26:00+00,2026-09-07 22:26:10+00,BBDC4,high,985,14.001086,500171,62.63,243,291
2026-09-07 22:26:00+00,2026-09-07 22:26:10+00,BOVA11,high,996,125.030964,498567,66.66,245,292
2026-09-07 22:26:00+00,2026-09-07 22:26:10+00,BTC-USD,high,1055,64990.893460,525174,57.08,238,295
2026-09-07 22:26:00+00,2026-09-07 22:26:10+00,ITUB4,high,1025,33.997298,508809,14.57,69,154
2026-09-07 22:26:00+00,2026-09-07 22:26:10+00,MGLU3,high,994,1.998310,505859,63.61,238,294
2026-09-07 22:26:00+00,2026-09-07 22:26:10+00,MSFT,high,985,419.918254,488021,61.56,234,294
2026-09-07 22:26:00+00,2026-09-07 22:26:10+00,PETR4,high,947,38.001996,470505,67.95,240,295
2026-09-07 22:26:00+00,2026-09-07 22:26:10+00,VALE3,high,1024,61.987480,530472,13.08,47,157
2026-09-07 22:26:10+00,2026-09-07 22:26:20+00,AAPL,high,1028,170.029436,525111,68.04,252,328
2026-09-07 22:26:10+00,2026-09-07 22:26:20+00,ABEV3,high,944,12.000604,481465,71.15,251,312
2026-09-07 22:26:10+00,2026-09-07 22:26:20+00,BBDC4,high,928,14.002823,467692,70.24,251,313
2026-09-07 22:26:10+00,2026-09-07 22:26:20+00,BOVA11,high,1008,124.976994,502211,71.75,258,322
2026-09-07 22:26:10+00,2026-09-07 22:26:20+00,BTC-USD,high,983,64976.581913,504171,67.69,244,327
2026-09-07 22:26:10+00,2026-09-07 22:26:20+00,ITUB4,high,1041,34.017723,517952,14.76,75,129
2026-09-07 22:26:10+00,2026-09-07 22:26:20+00,MGLU3,high,965,1.999710,482803,67.95,254,330
2026-09-07 22:26:10+00,2026-09-07 22:26:20+00,MSFT,high,1011,420.121602,524486,62.49,244,307
2026-09-07 22:26:10+00,2026-09-07 22:26:20+00,PETR4,high,1030,38.002990,515136,71.03,252,326
2026-09-07 22:26:10+00,2026-09-07 22:26:20+00,VALE3,high,1041,62.003372,527613,14.40,70,134
2026-09-07 22:26:20+00,2026-09-07 22:26:30+00,AAPL,high,1011,170.022028,522811,99.90,383,795
2026-09-07 22:26:20+00,2026-09-07 22:26:30+00,ABEV3,high,987,11.999625,502439,89.18,324,796
2026-09-07 22:26:20+00,2026-09-07 22:26:30+00,BBDC4,high,977,13.999478,498887,100.09,427,786
2026-09-07 22:26:20+00,2026-09-07 22:26:30+00,BOVA11,high,979,125.019785,498677,91.59,344,793
2026-09-07 22:26:20+00,2026-09-07 22:26:30+00,BTC-USD,high,1000,64955.221930,498658,95.26,333,784
2026-09-07 22:26:20+00,2026-09-07 22:26:30+00,ITUB4,high,1026,34.003704,515310,61.45,447,1048
2026-09-07 22:26:20+00,2026-09-07 22:26:30+00,MGLU3,high,993,1.999849,513416,93.51,340,790
2026-09-07 22:26:20+00,2026-09-07 22:26:30+00,MSFT,high,978,419.872781,484723,97.44,380,782
2026-09-07 22:26:20+00,2026-09-07 22:26:30+00,PETR4,high,964,37.988589,481311,102.22,421,792
2026-09-07 22:26:20+00,2026-09-07 22:26:30+00,VALE3,high,970,61.985887,483979,82.65,667,1044
2026-09-07 22:26:30+00,2026-09-07 22:26:40+00,AAPL,high,994,170.073773,515518,74.37,251,426
2026-09-07 22:26:30+00,2026-09-07 22:26:40+00,ABEV3,high,1054,11.999497,528067,79.42,266,428
2026-09-07 22:26:30+00,2026-09-07 22:26:40+00,BBDC4,high,1027,14.001821,508947,77.45,276,436
2026-09-07 22:26:30+00,2026-09-07 22:26:40+00,BOVA11,high,1016,125.031821,505036,75.05,253,421
2026-09-07 22:26:30+00,2026-09-07 22:26:40+00,BTC-USD,high,1079,64991.652623,549004,80.29,261,434
2026-09-07 22:26:30+00,2026-09-07 22:26:40+00,ITUB4,high,954,34.002421,473010,12.82,55,141
2026-09-07 22:26:30+00,2026-09-07 22:26:40+00,MGLU3,high,1047,2.000038,520817,79.51,266,423
2026-09-07 22:26:30+00,2026-09-07 22:26:40+00,MSFT,high,1008,420.069038,511063,69.79,263,435
2026-09-07 22:26:30+00,2026-09-07 22:26:40+00,PETR4,high,1033,37.999884,508461,73.72,261,426
2026-09-07 22:26:30+00,2026-09-07 22:26:40+00,VALE3,high,982,62.004766,483496,14.13,71,145
2026-09-07 22:26:40+00,2026-09-07 22:26:50+00,AAPL,high,977,170.011965,486556,57.11,227,293
2026-09-07 22:26:40+00,2026-09-07 22:26:50+00,ABEV3,high,988,11.994605,488264,57.58,227,290
2026-09-07 22:26:40+00,2026-09-07 22:26:50+00,BBDC4,high,980,14.002755,492096,54.29,225,278
2026-09-07 22:26:40+00,2026-09-07 22:26:50+00,BOVA11,high,1060,124.985821,529675,57.63,226,281
2026-09-07 22:26:40+00,2026-09-07 22:26:50+00,BTC-USD,high,944,64981.511038,467067,56.48,221,286
2026-09-07 22:26:40+00,2026-09-07 22:26:50+00,ITUB4,high,1019,34.014711,512749,13.95,73,133
2026-09-07 22:26:40+00,2026-09-07 22:26:50+00,MGLU3,high,988,2.000091,497185,56.62,211,291
2026-09-07 22:26:40+00,2026-09-07 22:26:50+00,MSFT,high,988,419.962257,480560,55.09,216,265
2026-09-07 22:26:40+00,2026-09-07 22:26:50+00,PETR4,high,1035,38.008715,509220,59.57,230,288
2026-09-07 22:26:40+00,2026-09-07 22:26:50+00,VALE3,high,975,61.993456,500862,14.16,67,126
2026-09-07 22:26:50+00,2026-09-07 22:27:00+00,AAPL,high,1022,169.971996,516874,67.84,247,313
2026-09-07 22:26:50+00,2026-09-07 22:27:00+00,ABEV3,high,1013,11.997927,505843,66.30,248,317
2026-09-07 22:26:50+00,2026-09-07 22:27:00+00,BBDC4,high,989,13.996785,499140,69.82,253,314
2026-09-07 22:26:50+00,2026-09-07 22:27:00+00,BOVA11,high,1041,124.944063,512860,64.58,243,304
2026-09-07 22:26:50+00,2026-09-07 22:27:00+00,BTC-USD,high,1015,64963.163202,500837,71.29,252,316
2026-09-07 22:26:50+00,2026-09-07 22:27:00+00,ITUB4,high,984,34.000904,489660,13.70,63,142
2026-09-07 22:26:50+00,2026-09-07 22:27:00+00,MGLU3,high,1022,2.000352,492932,64.43,245,315
2026-09-07 22:26:50+00,2026-09-07 22:27:00+00,MSFT,high,958,419.910626,470569,69.05,246,318
2026-09-07 22:26:50+00,2026-09-07 22:27:00+00,PETR4,high,1011,38.026222,494042,68.92,245,306
2026-09-07 22:26:50+00,2026-09-07 22:27:00+00,VALE3,high,966,61.994959,486456,13.31,51,151
2026-09-07 22:27:00+00,2026-09-07 22:27:10+00,AAPL,high,989,169.998918,506401,67.37,241,336
2026-09-07 22:27:00+00,2026-09-07 22:27:10+00,ABEV3,high,952,12.000305,477296,67.51,249,334
2026-09-07 22:27:00+00,2026-09-07 22:27:10+00,BBDC4,high,1054,14.002894,520517,70.35,247,336
2026-09-07 22:27:00+00,2026-09-07 22:27:10+00,BOVA11,high,1043,124.966942,534164,66.07,244,319
2026-09-07 22:27:00+00,2026-09-07 22:27:10+00,BTC-USD,high,902,64975.311663,433982,71.80,248,335
2026-09-07 22:27:00+00,2026-09-07 22:27:10+00,ITUB4,high,989,33.982629,483278,15.60,78,165
2026-09-07 22:27:00+00,2026-09-07 22:27:10+00,MGLU3,high,1016,1.999596,512515,68.43,251,330
2026-09-07 22:27:00+00,2026-09-07 22:27:10+00,MSFT,high,1012,420.057065,503591,65.74,248,328
2026-09-07 22:27:00+00,2026-09-07 22:27:10+00,PETR4,high,1005,37.999224,520527,64.29,241,319
2026-09-07 22:27:00+00,2026-09-07 22:27:10+00,VALE3,high,955,61.996534,466918,14.56,69,155
2026-09-07 22:27:10+00,2026-09-07 22:27:20+00,AAPL,high,1029,169.961254,501167,67.46,240,373
2026-09-07 22:27:10+00,2026-09-07 22:27:20+00,ABEV3,high,1009,11.999128,501859,68.21,249,373
2026-09-07 22:27:10+00,2026-09-07 22:27:20+00,BBDC4,high,976,14.009498,475682,64.15,242,378
2026-09-07 22:27:10+00,2026-09-07 22:27:20+00,BOVA11,high,987,124.978095,500116,61.64,235,375
2026-09-07 22:27:10+00,2026-09-07 22:27:20+00,BTC-USD,high,981,65017.353028,496062,67.08,239,363
2026-09-07 22:27:10+00,2026-09-07 22:27:20+00,ITUB4,high,1021,34.000833,537385,16.51,87,178
2026-09-07 22:27:10+00,2026-09-07 22:27:20+00,MGLU3,high,1008,2.000208,490987,66.38,248,360
2026-09-07 22:27:10+00,2026-09-07 22:27:20+00,MSFT,high,1006,419.759722,519475,63.82,244,375
2026-09-07 22:27:10+00,2026-09-07 22:27:20+00,PETR4,high,962,37.996923,487910,61.97,236,372
2026-09-07 22:27:10+00,2026-09-07 22:27:20+00,VALE3,high,999,61.980861,483069,17.84,88,179
2026-09-07 22:27:20+00,2026-09-07 22:27:30+00,AAPL,high,977,170.071146,491806,69.88,255,318
2026-09-07 22:27:20+00,2026-09-07 22:27:30+00,ABEV3,high,997,12.000060,505439,69.55,251,322
2026-09-07 22:27:20+00,2026-09-07 22:27:30+00,BBDC4,high,1033,14.000745,507473,64.08,243,314
2026-09-07 22:27:20+00,2026-09-07 22:27:30+00,BOVA11,high,982,124.954949,487584,64.15,246,295
2026-09-07 22:27:20+00,2026-09-07 22:27:30+00,BTC-USD,high,958,64996.088267,475254,67.81,241,319
2026-09-07 22:27:20+00,2026-09-07 22:27:30+00,ITUB4,high,976,34.007818,473577,14.58,75,156
2026-09-07 22:27:20+00,2026-09-07 22:27:30+00,MGLU3,high,1010,2.000178,502983,68.27,240,312
2026-09-07 22:27:20+00,2026-09-07 22:27:30+00,MSFT,high,1018,419.977475,509379,67.75,252,306
2026-09-07 22:27:20+00,2026-09-07 22:27:30+00,PETR4,high,996,37.979006,502106,66.41,238,320
2026-09-07 22:27:20+00,2026-09-07 22:27:30+00,VALE3,high,977,61.982282,488854,15.54,82,163
2026-09-07 22:27:30+00,2026-09-07 22:27:40+00,AAPL,high,954,169.876164,487211,77.06,272,347
2026-09-07 22:27:30+00,2026-09-07 22:27:40+00,ABEV3,high,987,11.998247,477531,73.84,266,338
2026-09-07 22:27:30+00,2026-09-07 22:27:40+00,BBDC4,high,1009,14.002042,499820,74.51,272,351
2026-09-07 22:27:30+00,2026-09-07 22:27:40+00,BOVA11,high,993,124.991460,494113,78.03,273,350
2026-09-07 22:27:30+00,2026-09-07 22:27:40+00,BTC-USD,high,1051,65012.144862,508551,74.31,274,348
2026-09-07 22:27:30+00,2026-09-07 22:27:40+00,ITUB4,high,1028,34.012568,498844,14.96,79,165
2026-09-07 22:27:30+00,2026-09-07 22:27:40+00,MGLU3,high,1026,1.999318,530338,77.89,274,354
2026-09-07 22:27:30+00,2026-09-07 22:27:40+00,MSFT,high,1020,419.913098,516868,81.89,279,351
2026-09-07 22:27:30+00,2026-09-07 22:27:40+00,PETR4,high,960,38.008240,468740,77.51,279,353
2026-09-07 22:27:30+00,2026-09-07 22:27:40+00,VALE3,high,1011,62.033511,511649,14.33,64,171
2026-09-07 22:27:40+00,2026-09-07 22:27:50+00,AAPL,high,1000,169.917910,490315,82.09,273,393
2026-09-07 22:27:40+00,2026-09-07 22:27:50+00,ABEV3,high,1030,11.997990,513163,80.58,278,396
2026-09-07 22:27:40+00,2026-09-07 22:27:50+00,BBDC4,high,1059,14.008159,537310,79.98,266,391
2026-09-07 22:27:40+00,2026-09-07 22:27:50+00,BOVA11,high,995,125.012704,516612,80.25,273,384
2026-09-07 22:27:40+00,2026-09-07 22:27:50+00,BTC-USD,high,1010,65011.442614,521228,84.59,278,397
2026-09-07 22:27:40+00,2026-09-07 22:27:50+00,ITUB4,high,996,33.983554,490766,15.58,76,163
2026-09-07 22:27:40+00,2026-09-07 22:27:50+00,MGLU3,high,968,1.999711,480311,75.30,265,394
2026-09-07 22:27:40+00,2026-09-07 22:27:50+00,MSFT,high,1010,420.025020,479073,77.53,263,377
2026-09-07 22:27:40+00,2026-09-07 22:27:50+00,PETR4,high,1031,37.991920,510203,78.39,279,388
2026-09-07 22:27:40+00,2026-09-07 22:27:50+00,VALE3,high,975,61.992872,499064,14.11,60,164
2026-09-07 22:27:50+00,2026-09-07 22:28:00+00,AAPL,high,966,169.985518,482085,67.68,259,343
2026-09-07 22:27:50+00,2026-09-07 22:28:00+00,ABEV3,high,963,11.994247,480351,62.35,251,338
2026-09-07 22:27:50+00,2026-09-07 22:28:00+00,BBDC4,high,951,13.997266,487050,75.58,272,342
2026-09-07 22:27:50+00,2026-09-07 22:28:00+00,BOVA11,high,966,125.049534,471926,68.88,258,344
2026-09-07 22:27:50+00,2026-09-07 22:28:00+00,BTC-USD,high,964,65028.075322,498031,68.28,253,346
2026-09-07 22:27:50+00,2026-09-07 22:28:00+00,ITUB4,high,1027,34.007040,516279,16.83,89,218
2026-09-07 22:27:50+00,2026-09-07 22:28:00+00,MGLU3,high,1002,2.000210,517421,72.82,265,341
2026-09-07 22:27:50+00,2026-09-07 22:28:00+00,MSFT,high,999,420.033243,491796,71.59,266,347
2026-09-07 22:27:50+00,2026-09-07 22:28:00+00,PETR4,high,1037,38.006490,539840,77.95,264,347
2026-09-07 22:27:50+00,2026-09-07 22:28:00+00,VALE3,high,1027,62.010360,503491,18.17,109,220
2026-09-07 22:28:00+00,2026-09-07 22:28:10+00,AAPL,high,1023,169.968338,517301,71.96,259,369
2026-09-07 22:28:00+00,2026-09-07 22:28:10+00,ABEV3,high,1037,11.998669,517339,79.61,265,374
2026-09-07 22:28:00+00,2026-09-07 22:28:10+00,BBDC4,high,1020,14.000941,516339,75.22,263,351
2026-09-07 22:28:00+00,2026-09-07 22:28:10+00,BOVA11,high,1005,125.015791,495930,81.94,267,366
2026-09-07 22:28:00+00,2026-09-07 22:28:10+00,BTC-USD,high,1074,65000.166918,521997,78.43,271,370
2026-09-07 22:28:00+00,2026-09-07 22:28:10+00,ITUB4,high,987,33.966960,495308,15.87,74,194
2026-09-07 22:28:00+00,2026-09-07 22:28:10+00,MGLU3,high,996,1.999498,496877,80.95,272,362
2026-09-07 22:28:00+00,2026-09-07 22:28:10+00,MSFT,high,1016,420.112756,505088,80.30,268,347
2026-09-07 22:28:00+00,2026-09-07 22:28:10+00,PETR4,high,1068,38.009082,525512,79.71,270,373
2026-09-07 22:28:00+00,2026-09-07 22:28:10+00,VALE3,high,988,62.020678,495652,15.72,75,189
2026-09-07 22:28:10+00,2026-09-07 22:28:20+00,AAPL,high,1045,169.962478,507740,79.36,279,360
2026-09-07 22:28:10+00,2026-09-07 22:28:20+00,ABEV3,high,990,11.997626,506676,79.82,274,340
2026-09-07 22:28:10+00,2026-09-07 22:28:20+00,BBDC4,high,1007,13.997110,505774,83.61,275,365
2026-09-07 22:28:10+00,2026-09-07 22:28:20+00,BOVA11,high,1052,124.952462,523745,84.08,283,363
2026-09-07 22:28:10+00,2026-09-07 22:28:20+00,BTC-USD,high,970,64996.089371,494007,76.84,280,364
2026-09-07 22:28:10+00,2026-09-07 22:28:20+00,ITUB4,high,916,34.014836,455780,14.39,66,177
2026-09-07 22:28:10+00,2026-09-07 22:28:20+00,MGLU3,high,1032,2.000339,504084,81.49,286,356
2026-09-07 22:28:10+00,2026-09-07 22:28:20+00,MSFT,high,952,419.872752,477506,85.32,282,360
2026-09-07 22:28:10+00,2026-09-07 22:28:20+00,PETR4,high,1014,37.989941,502925,77.74,282,358
2026-09-07 22:28:10+00,2026-09-07 22:28:20+00,VALE3,high,942,61.972686,468824,16.24,85,172
2026-09-07 22:28:20+00,2026-09-07 22:28:30+00,AAPL,high,1015,170.026532,514839,117.91,505,838
2026-09-07 22:28:20+00,2026-09-07 22:28:30+00,ABEV3,high,971,11.999516,482656,109.99,442,837
2026-09-07 22:28:20+00,2026-09-07 22:28:30+00,BBDC4,high,1034,14.005474,520478,113.28,484,831
2026-09-07 22:28:20+00,2026-09-07 22:28:30+00,BOVA11,high,964,125.003734,468010,119.58,522,842
2026-09-07 22:28:20+00,2026-09-07 22:28:30+00,BTC-USD,high,1048,64969.786479,523319,109.94,497,836
2026-09-07 22:28:20+00,2026-09-07 22:28:30+00,ITUB4,high,1019,33.987998,507052,23.97,115,428
2026-09-07 22:28:20+00,2026-09-07 22:28:30+00,MGLU3,high,997,2.000040,498125,109.05,430,841
2026-09-07 22:28:20+00,2026-09-07 22:28:30+00,MSFT,high,958,419.969374,490631,109.74,452,818
2026-09-07 22:28:20+00,2026-09-07 22:28:30+00,PETR4,high,956,38.012552,466981,111.14,490,839
2026-09-07 22:28:20+00,2026-09-07 22:28:30+00,VALE3,high,1063,61.994233,519959,21.90,102,426
2026-09-07 22:28:30+00,2026-09-07 22:28:40+00,AAPL,high,999,170.033524,508963,57.32,215,310
2026-09-07 22:28:30+00,2026-09-07 22:28:40+00,ABEV3,high,1039,12.001886,511166,55.31,215,309
2026-09-07 22:28:30+00,2026-09-07 22:28:40+00,BBDC4,high,1031,13.993986,512992,53.13,211,305
2026-09-07 22:28:30+00,2026-09-07 22:28:40+00,BOVA11,high,968,124.985775,483781,52.44,210,308
2026-09-07 22:28:30+00,2026-09-07 22:28:40+00,BTC-USD,high,983,64972.113042,501214,50.84,205,303
2026-09-07 22:28:30+00,2026-09-07 22:28:40+00,ITUB4,high,980,33.988306,499106,12.96,54,137
2026-09-07 22:28:30+00,2026-09-07 22:28:40+00,MGLU3,high,993,2.000272,491362,52.15,211,307
2026-09-07 22:28:30+00,2026-09-07 22:28:40+00,MSFT,high,1028,420.006080,512947,52.71,210,296
2026-09-07 22:28:30+00,2026-09-07 22:28:40+00,PETR4,high,949,38.008314,472169,50.57,212,290
2026-09-07 22:28:30+00,2026-09-07 22:28:40+00,VALE3,high,1000,61.995970,486577,13.14,56,135
2026-09-07 22:28:40+00,2026-09-07 22:28:50+00,AAPL,high,998,169.974068,497319,65.95,246,332
2026-09-07 22:28:40+00,2026-09-07 22:28:50+00,ABEV3,high,1002,12.000609,504771,66.35,239,308
2026-09-07 22:28:40+00,2026-09-07 22:28:50+00,BBDC4,high,965,13.996964,480614,64.61,232,335
2026-09-07 22:28:40+00,2026-09-07 22:28:50+00,BOVA11,high,941,124.993730,482937,61.35,232,339
2026-09-07 22:28:40+00,2026-09-07 22:28:50+00,BTC-USD,high,1015,64997.615202,511694,63.42,239,329
2026-09-07 22:28:40+00,2026-09-07 22:28:50+00,ITUB4,high,1036,34.022954,538627,14.59,65,155
2026-09-07 22:28:40+00,2026-09-07 22:28:50+00,MGLU3,high,986,1.999432,505425,65.46,242,338
2026-09-07 22:28:40+00,2026-09-07 22:28:50+00,MSFT,high,1027,420.074469,514933,64.88,240,340
2026-09-07 22:28:40+00,2026-09-07 22:28:50+00,PETR4,high,1043,37.998274,529773,62.59,240,314
2026-09-07 22:28:40+00,2026-09-07 22:28:50+00,VALE3,high,980,62.007673,485341,15.17,79,170
2026-09-07 22:28:50+00,2026-09-07 22:29:00+00,AAPL,high,984,170.001423,490218,57.96,221,289
2026-09-07 22:28:50+00,2026-09-07 22:29:00+00,ABEV3,high,989,11.997482,491723,50.17,207,293
2026-09-07 22:28:50+00,2026-09-07 22:29:00+00,BBDC4,high,987,13.994954,494859,58.72,220,290
2026-09-07 22:28:50+00,2026-09-07 22:29:00+00,BOVA11,high,1004,124.933645,494691,53.71,217,282
2026-09-07 22:28:50+00,2026-09-07 22:29:00+00,BTC-USD,high,1006,65013.947833,501139,55.15,224,279
2026-09-07 22:28:50+00,2026-09-07 22:29:00+00,ITUB4,high,1007,33.994598,518710,14.92,76,153
2026-09-07 22:28:50+00,2026-09-07 22:29:00+00,MGLU3,high,959,1.999875,475244,56.21,222,283
2026-09-07 22:28:50+00,2026-09-07 22:29:00+00,MSFT,high,963,420.106096,469979,55.82,215,274
2026-09-07 22:28:50+00,2026-09-07 22:29:00+00,PETR4,high,1000,37.988500,498240,59.78,220,285
2026-09-07 22:28:50+00,2026-09-07 22:29:00+00,VALE3,high,1033,62.006525,528386,13.83,64,151
2026-09-07 22:29:00+00,2026-09-07 22:29:10+00,AAPL,high,1036,169.987162,507114,63.10,230,289
2026-09-07 22:29:00+00,2026-09-07 22:29:10+00,ABEV3,high,1023,11.994692,500800,59.50,233,288
2026-09-07 22:29:00+00,2026-09-07 22:29:10+00,BBDC4,high,1056,14.004403,522142,65.37,232,290
2026-09-07 22:29:00+00,2026-09-07 22:29:10+00,BOVA11,high,1007,125.000089,515776,57.55,232,278
2026-09-07 22:29:00+00,2026-09-07 22:29:10+00,BTC-USD,high,989,64976.195632,495949,60.38,233,278
2026-09-07 22:29:00+00,2026-09-07 22:29:10+00,ITUB4,high,981,34.005433,487751,14.21,64,137
2026-09-07 22:29:00+00,2026-09-07 22:29:10+00,MGLU3,high,989,1.998736,499696,61.25,228,287
2026-09-07 22:29:00+00,2026-09-07 22:29:10+00,MSFT,high,1043,419.941496,531743,60.49,229,292
2026-09-07 22:29:00+00,2026-09-07 22:29:10+00,PETR4,high,971,38.011699,477802,62.54,231,279
2026-09-07 22:29:00+00,2026-09-07 22:29:10+00,VALE3,high,971,62.000999,494238,14.26,69,143
2026-09-07 22:29:10+00,2026-09-07 22:29:20+00,AAPL,high,995,169.985980,489850,55.42,229,285
2026-09-07 22:29:10+00,2026-09-07 22:29:20+00,ABEV3,high,1019,11.997350,498197,58.92,230,276
2026-09-07 22:29:10+00,2026-09-07 22:29:20+00,BBDC4,high,1001,13.996503,494881,62.69,228,283
2026-09-07 22:29:10+00,2026-09-07 22:29:20+00,BOVA11,high,951,125.062366,462517,63.51,243,286
2026-09-07 22:29:10+00,2026-09-07 22:29:20+00,BTC-USD,high,971,64996.517106,478601,60.32,232,281
2026-09-07 22:29:10+00,2026-09-07 22:29:20+00,ITUB4,high,1017,34.009351,517383,14.18,73,142
2026-09-07 22:29:10+00,2026-09-07 22:29:20+00,MGLU3,high,1019,1.999715,508124,59.60,231,284
2026-09-07 22:29:10+00,2026-09-07 22:29:20+00,MSFT,high,994,420.026781,487809,58.61,229,280
2026-09-07 22:29:10+00,2026-09-07 22:29:20+00,PETR4,high,1044,37.993266,515662,60.16,227,291
2026-09-07 22:29:10+00,2026-09-07 22:29:20+00,VALE3,high,1004,62.027211,515882,13.87,61,152
2026-09-07 22:29:20+00,2026-09-07 22:29:30+00,AAPL,high,977,170.069161,493351,70.89,255,340
2026-09-07 22:29:20+00,2026-09-07 22:29:30+00,ABEV3,high,1053,11.995745,523590,66.74,249,344
2026-09-07 22:29:20+00,2026-09-07 22:29:30+00,BBDC4,high,1039,14.005486,528079,66.56,253,337
2026-09-07 22:29:20+00,2026-09-07 22:29:30+00,BOVA11,high,999,125.013694,494241,62.53,247,342
2026-09-07 22:29:20+00,2026-09-07 22:29:30+00,BTC-USD,high,926,65031.046544,459434,69.34,259,336
2026-09-07 22:29:20+00,2026-09-07 22:29:30+00,ITUB4,high,981,33.990265,480860,12.83,60,143
2026-09-07 22:29:20+00,2026-09-07 22:29:30+00,MGLU3,high,962,1.999771,476260,65.01,257,340
2026-09-07 22:29:20+00,2026-09-07 22:29:30+00,MSFT,high,1038,420.035597,523301,64.02,248,339
2026-09-07 22:29:20+00,2026-09-07 22:29:30+00,PETR4,high,1066,37.970366,524422,70.13,253,345
2026-09-07 22:29:20+00,2026-09-07 22:29:30+00,VALE3,high,996,61.998404,487515,13.51,68,129
2026-09-07 22:29:30+00,2026-09-07 22:29:40+00,AAPL,high,984,170.007612,522980,171.71,848,1276
2026-09-07 22:29:30+00,2026-09-07 22:29:40+00,ABEV3,high,1018,12.000452,515237,156.76,771,1255
2026-09-07 22:29:30+00,2026-09-07 22:29:40+00,BBDC4,high,1049,13.996330,538250,171.19,798,1269
2026-09-07 22:29:30+00,2026-09-07 22:29:40+00,BOVA11,high,978,124.994039,499795,174.86,837,1253
2026-09-07 22:29:30+00,2026-09-07 22:29:40+00,BTC-USD,high,1019,65006.366654,513107,175.66,821,1258
2026-09-07 22:29:30+00,2026-09-07 22:29:40+00,ITUB4,high,1058,34.000709,531610,33.62,125,645
2026-09-07 22:29:30+00,2026-09-07 22:29:40+00,MGLU3,high,973,1.999219,494239,166.13,844,1267
2026-09-07 22:29:30+00,2026-09-07 22:29:40+00,MSFT,high,1023,420.083773,524977,157.76,843,1275
2026-09-07 22:29:30+00,2026-09-07 22:29:40+00,PETR4,high,969,38.004582,489768,160.64,799,1270
2026-09-07 22:29:30+00,2026-09-07 22:29:40+00,VALE3,high,954,62.005828,477056,35.46,154,640
2026-09-07 22:29:40+00,2026-09-07 22:29:50+00,AAPL,high,1003,169.960050,494500,64.50,237,392
2026-09-07 22:29:40+00,2026-09-07 22:29:50+00,ABEV3,high,1014,12.002485,512296,63.28,237,393
2026-09-07 22:29:40+00,2026-09-07 22:29:50+00,BBDC4,high,985,13.998365,498860,66.16,242,376
2026-09-07 22:29:40+00,2026-09-07 22:29:50+00,BOVA11,high,982,124.961202,488749,64.56,244,391
2026-09-07 22:29:40+00,2026-09-07 22:29:50+00,BTC-USD,high,997,65025.159057,495250,68.63,242,394
2026-09-07 22:29:40+00,2026-09-07 22:29:50+00,ITUB4,high,1046,33.997753,518222,16.19,79,256
2026-09-07 22:29:40+00,2026-09-07 22:29:50+00,MGLU3,high,983,2.000722,493338,63.04,238,384
2026-09-07 22:29:40+00,2026-09-07 22:29:50+00,MSFT,high,1000,419.964460,499662,67.17,239,387
2026-09-07 22:29:40+00,2026-09-07 22:29:50+00,PETR4,high,1050,37.996143,526687,59.39,228,388
2026-09-07 22:29:40+00,2026-09-07 22:29:50+00,VALE3,high,956,62.002542,463629,16.92,84,259
2026-09-07 22:29:50+00,2026-09-07 22:30:00+00,AAPL,high,1007,170.043327,516647,66.32,245,354
2026-09-07 22:29:50+00,2026-09-07 22:30:00+00,ABEV3,high,948,11.999652,480102,68.76,249,353
2026-09-07 22:29:50+00,2026-09-07 22:30:00+00,BBDC4,high,999,13.997127,506004,67.24,240,355
2026-09-07 22:29:50+00,2026-09-07 22:30:00+00,BOVA11,high,1029,125.011098,511115,67.48,242,332
2026-09-07 22:29:50+00,2026-09-07 22:30:00+00,BTC-USD,high,955,64983.452785,490446,64.68,248,355
2026-09-07 22:29:50+00,2026-09-07 22:30:00+00,ITUB4,high,1046,34.001912,513117,17.52,91,155
2026-09-07 22:29:50+00,2026-09-07 22:30:00+00,MGLU3,high,1006,2.000517,501377,70.13,249,343
2026-09-07 22:29:50+00,2026-09-07 22:30:00+00,MSFT,high,969,420.129267,486378,62.67,239,320
2026-09-07 22:29:50+00,2026-09-07 22:30:00+00,PETR4,high,974,37.995914,475079,66.12,246,337
2026-09-07 22:29:50+00,2026-09-07 22:30:00+00,VALE3,high,1009,62.030238,495549,13.60,64,149
2026-09-07 22:30:00+00,2026-09-07 22:30:10+00,AAPL,high,1005,169.958338,520142,68.77,258,360
2026-09-07 22:30:00+00,2026-09-07 22:30:10+00,ABEV3,high,967,11.998252,482211,71.78,255,367
2026-09-07 22:30:00+00,2026-09-07 22:30:10+00,BBDC4,high,963,14.006760,476782,70.82,253,331
2026-09-07 22:30:00+00,2026-09-07 22:30:10+00,BOVA11,high,969,124.965676,469840,70.40,265,366
2026-09-07 22:30:00+00,2026-09-07 22:30:10+00,BTC-USD,high,1055,64985.835384,539100,72.08,264,355
2026-09-07 22:30:00+00,2026-09-07 22:30:10+00,ITUB4,high,1028,33.989893,497495,18.62,102,196
2026-09-07 22:30:00+00,2026-09-07 22:30:10+00,MGLU3,high,985,2.000325,475907,75.52,266,362
2026-09-07 22:30:00+00,2026-09-07 22:30:10+00,MSFT,high,1024,420.129590,512907,68.88,259,373
2026-09-07 22:30:00+00,2026-09-07 22:30:10+00,PETR4,high,979,38.014096,487023,76.32,262,368
2026-09-07 22:30:00+00,2026-09-07 22:30:10+00,VALE3,high,1027,61.985725,524736,16.08,85,184
2026-09-07 22:30:10+00,2026-09-07 22:30:20+00,AAPL,high,980,170.006255,491510,70.17,263,391
2026-09-07 22:30:10+00,2026-09-07 22:30:20+00,ABEV3,high,1033,11.996931,528592,72.65,269,405
2026-09-07 22:30:10+00,2026-09-07 22:30:20+00,BBDC4,high,985,14.007492,501434,73.51,258,367
2026-09-07 22:30:10+00,2026-09-07 22:30:20+00,BOVA11,high,983,125.016511,485454,71.61,268,408
2026-09-07 22:30:10+00,2026-09-07 22:30:20+00,BTC-USD,high,1000,64987.360890,496555,72.20,263,400
2026-09-07 22:30:10+00,2026-09-07 22:30:20+00,ITUB4,high,1002,33.998134,518960,13.73,70,170
2026-09-07 22:30:10+00,2026-09-07 22:30:20+00,MGLU3,high,1022,2.000538,502556,78.30,260,406
2026-09-07 22:30:10+00,2026-09-07 22:30:20+00,MSFT,high,1007,419.898540,502044,76.76,271,409
2026-09-07 22:30:10+00,2026-09-07 22:30:20+00,PETR4,high,977,37.988127,490965,75.04,261,402
2026-09-07 22:30:10+00,2026-09-07 22:30:20+00,VALE3,high,1028,62.007636,519026,14.33,73,170
2026-09-07 22:30:20+00,2026-09-07 22:30:30+00,AAPL,high,1037,170.041215,514198,66.92,254,334
2026-09-07 22:30:20+00,2026-09-07 22:30:30+00,ABEV3,high,992,11.998508,484959,73.72,260,338
2026-09-07 22:30:20+00,2026-09-07 22:30:30+00,BBDC4,high,971,13.994274,483272,73.76,260,345
2026-09-07 22:30:20+00,2026-09-07 22:30:30+00,BOVA11,high,1015,124.994562,507794,76.17,259,335
2026-09-07 22:30:20+00,2026-09-07 22:30:30+00,BTC-USD,high,978,65002.694550,497231,72.00,254,343
2026-09-07 22:30:20+00,2026-09-07 22:30:30+00,ITUB4,high,982,34.009348,469534,13.96,62,148
2026-09-07 22:30:20+00,2026-09-07 22:30:30+00,MGLU3,high,1008,1.999216,501349,70.34,252,347
2026-09-07 22:30:20+00,2026-09-07 22:30:30+00,MSFT,high,1038,420.038276,528146,70.87,263,340
2026-09-07 22:30:20+00,2026-09-07 22:30:30+00,PETR4,high,974,38.017864,490622,72.04,264,341
2026-09-07 22:30:20+00,2026-09-07 22:30:30+00,VALE3,high,1022,61.996458,514399,15.29,83,152
2026-09-07 22:30:30+00,2026-09-07 22:30:40+00,AAPL,high,1024,170.036367,501328,72.60,262,345
2026-09-07 22:30:30+00,2026-09-07 22:30:40+00,ABEV3,high,991,11.996700,480900,70.79,251,326
2026-09-07 22:30:30+00,2026-09-07 22:30:40+00,BBDC4,high,996,13.999779,500897,66.16,254,333
2026-09-07 22:30:30+00,2026-09-07 22:30:40+00,BOVA11,high,1003,125.049063,499767,66.82,246,324
2026-09-07 22:30:30+00,2026-09-07 22:30:40+00,BTC-USD,high,953,65016.803033,478243,70.89,255,341
2026-09-07 22:30:30+00,2026-09-07 22:30:40+00,ITUB4,high,985,34.002061,493647,16.82,89,146
2026-09-07 22:30:30+00,2026-09-07 22:30:40+00,MGLU3,high,1027,2.000623,539118,69.44,249,344
2026-09-07 22:30:30+00,2026-09-07 22:30:40+00,MSFT,high,1044,419.827193,528100,67.96,258,342
2026-09-07 22:30:30+00,2026-09-07 22:30:40+00,PETR4,high,956,37.975209,475777,69.75,261,335
2026-09-07 22:30:30+00,2026-09-07 22:30:40+00,VALE3,high,1021,62.017698,500581,15.37,75,139
2026-09-07 22:30:40+00,2026-09-07 22:30:50+00,AAPL,high,978,170.010194,490170,80.92,285,369
2026-09-07 22:30:40+00,2026-09-07 22:30:50+00,ABEV3,high,1023,12.000440,516476,86.65,292,373
2026-09-07 22:30:40+00,2026-09-07 22:30:50+00,BBDC4,high,1020,13.999980,513899,82.30,282,368
2026-09-07 22:30:40+00,2026-09-07 22:30:50+00,BOVA11,high,1077,124.984420,544095,81.30,288,372
2026-09-07 22:30:40+00,2026-09-07 22:30:50+00,BTC-USD,high,949,65016.975911,462892,79.10,272,352
2026-09-07 22:30:40+00,2026-09-07 22:30:50+00,ITUB4,high,944,34.004184,458812,15.46,70,168
2026-09-07 22:30:40+00,2026-09-07 22:30:50+00,MGLU3,high,970,2.001144,497511,86.76,284,375
2026-09-07 22:30:40+00,2026-09-07 22:30:50+00,MSFT,high,958,420.090564,474355,85.02,288,357
2026-09-07 22:30:40+00,2026-09-07 22:30:50+00,PETR4,high,994,37.989728,501283,78.73,293,366
2026-09-07 22:30:40+00,2026-09-07 22:30:50+00,VALE3,high,982,62.009796,466403,13.90,63,146
2026-09-07 22:30:50+00,2026-09-07 22:31:00+00,AAPL,high,948,169.951477,482114,79.64,276,359
2026-09-07 22:30:50+00,2026-09-07 22:31:00+00,ABEV3,high,1063,11.998288,519242,77.15,276,356
2026-09-07 22:30:50+00,2026-09-07 22:31:00+00,BBDC4,high,1035,13.997826,507171,75.74,279,360
2026-09-07 22:30:50+00,2026-09-07 22:31:00+00,BOVA11,high,1001,125.014366,497533,76.10,273,352
2026-09-07 22:30:50+00,2026-09-07 22:31:00+00,BTC-USD,high,1016,65004.211998,536285,76.75,273,357
2026-09-07 22:30:50+00,2026-09-07 22:31:00+00,ITUB4,high,1019,34.014024,503533,15.88,83,178
2026-09-07 22:30:50+00,2026-09-07 22:31:00+00,MGLU3,high,1002,1.999551,507010,82.04,286,344
2026-09-07 22:30:50+00,2026-09-07 22:31:00+00,MSFT,high,968,419.911973,484241,88.24,279,349
2026-09-07 22:30:50+00,2026-09-07 22:31:00+00,PETR4,high,936,38.004637,469364,82.00,281,355
2026-09-07 22:30:50+00,2026-09-07 22:31:00+00,VALE3,high,964,62.004108,477099,16.49,92,173
2026-09-07 22:31:00+00,2026-09-07 22:31:10+00,AAPL,high,1028,169.997938,509834,80.04,272,419
2026-09-07 22:31:00+00,2026-09-07 22:31:10+00,ABEV3,high,1031,11.995635,526930,80.36,281,428
2026-09-07 22:31:00+00,2026-09-07 22:31:10+00,BBDC4,high,1026,13.996014,502555,80.40,271,415
2026-09-07 22:31:00+00,2026-09-07 22:31:10+00,BOVA11,high,999,124.958969,504053,79.06,269,425
2026-09-07 22:31:00+00,2026-09-07 22:31:10+00,BTC-USD,high,1026,65037.703304,502987,76.49,272,427
2026-09-07 22:31:00+00,2026-09-07 22:31:10+00,ITUB4,high,933,33.987524,453245,16.21,83,230
2026-09-07 22:31:00+00,2026-09-07 22:31:10+00,MGLU3,high,1062,1.999670,535358,76.61,264,410
2026-09-07 22:31:00+00,2026-09-07 22:31:10+00,MSFT,high,1082,419.929658,555503,77.69,269,399
2026-09-07 22:31:00+00,2026-09-07 22:31:10+00,PETR4,high,977,37.995384,484995,80.25,277,422
2026-09-07 22:31:00+00,2026-09-07 22:31:10+00,VALE3,high,977,62.007349,481480,18.05,99,226
2026-09-07 22:31:10+00,2026-09-07 22:31:20+00,AAPL,high,1048,169.961632,517863,53.07,221,279
2026-09-07 22:31:10+00,2026-09-07 22:31:20+00,ABEV3,high,921,11.998219,466553,59.92,233,285
2026-09-07 22:31:10+00,2026-09-07 22:31:20+00,BBDC4,high,1017,13.999882,510641,59.49,225,282
2026-09-07 22:31:10+00,2026-09-07 22:31:20+00,BOVA11,high,954,125.032746,467882,59.40,227,284
2026-09-07 22:31:10+00,2026-09-07 22:31:20+00,BTC-USD,high,1023,64990.221163,510103,58.50,226,281
2026-09-07 22:31:10+00,2026-09-07 22:31:20+00,ITUB4,high,1024,33.988252,534420,13.02,57,136
2026-09-07 22:31:10+00,2026-09-07 22:31:20+00,MGLU3,high,1029,2.000272,517941,57.67,230,288
2026-09-07 22:31:10+00,2026-09-07 22:31:20+00,MSFT,high,1009,419.884103,503030,58.15,227,279
2026-09-07 22:31:10+00,2026-09-07 22:31:20+00,PETR4,high,1007,38.013793,513603,57.24,224,286
2026-09-07 22:31:10+00,2026-09-07 22:31:20+00,VALE3,high,992,61.992349,493718,12.70,56,128
2026-09-07 22:31:20+00,2026-09-07 22:31:30+00,AAPL,high,995,170.094161,496391,69.28,251,319
2026-09-07 22:31:20+00,2026-09-07 22:31:30+00,ABEV3,high,980,11.996684,484186,67.25,255,321
2026-09-07 22:31:20+00,2026-09-07 22:31:30+00,BBDC4,high,921,13.997872,444021,67.82,250,324
2026-09-07 22:31:20+00,2026-09-07 22:31:30+00,BOVA11,high,1045,124.940258,533676,67.18,243,310
2026-09-07 22:31:20+00,2026-09-07 22:31:30+00,BTC-USD,high,997,64975.770261,505381,69.05,262,317
2026-09-07 22:31:20+00,2026-09-07 22:31:30+00,ITUB4,high,1012,34.010553,524695,14.86,73,160
2026-09-07 22:31:20+00,2026-09-07 22:31:30+00,MGLU3,high,961,1.999729,476160,67.96,251,308
2026-09-07 22:31:20+00,2026-09-07 22:31:30+00,MSFT,high,1087,420.097185,524906,68.06,259,316
2026-09-07 22:31:20+00,2026-09-07 22:31:30+00,PETR4,high,1022,38.013748,493563,70.05,251,317
2026-09-07 22:31:20+00,2026-09-07 22:31:30+00,VALE3,high,995,61.984161,493030,14.96,75,159
2026-09-07 22:31:30+00,2026-09-07 22:31:40+00,AAPL,high,982,169.967444,499177,76.99,260,556
2026-09-07 22:31:30+00,2026-09-07 22:31:40+00,ABEV3,high,971,11.999279,492824,79.12,265,544
2026-09-07 22:31:30+00,2026-09-07 22:31:40+00,BBDC4,high,969,13.999567,491920,76.48,265,559
2026-09-07 22:31:30+00,2026-09-07 22:31:40+00,BOVA11,high,1029,125.038882,519451,78.03,275,553
2026-09-07 22:31:30+00,2026-09-07 22:31:40+00,BTC-USD,high,1007,65007.452056,491590,80.65,269,551
2026-09-07 22:31:30+00,2026-09-07 22:31:40+00,ITUB4,high,999,33.998438,490529,30.24,131,554
2026-09-07 22:31:30+00,2026-09-07 22:31:40+00,MGLU3,high,1028,1.999718,512949,77.49,269,561
2026-09-07 22:31:30+00,2026-09-07 22:31:40+00,MSFT,high,1041,420.112988,520934,77.04,263,560
2026-09-07 22:31:30+00,2026-09-07 22:31:40+00,PETR4,high,944,38.000328,464538,76.17,268,550
2026-09-07 22:31:30+00,2026-09-07 22:31:40+00,VALE3,high,967,62.008563,483992,29.98,143,545
2026-09-07 22:31:40+00,2026-09-07 22:31:50+00,AAPL,high,962,170.036705,488330,71.44,265,339
2026-09-07 22:31:40+00,2026-09-07 22:31:50+00,ABEV3,high,938,12.006748,463838,67.35,258,343
2026-09-07 22:31:40+00,2026-09-07 22:31:50+00,BBDC4,high,998,14.004509,499055,73.89,258,342
2026-09-07 22:31:40+00,2026-09-07 22:31:50+00,BOVA11,high,1018,125.023752,491809,67.30,249,337
2026-09-07 22:31:40+00,2026-09-07 22:31:50+00,BTC-USD,high,1020,64951.699363,510146,68.27,249,334
2026-09-07 22:31:40+00,2026-09-07 22:31:50+00,ITUB4,high,1018,33.985825,511259,17.80,91,208
2026-09-07 22:31:40+00,2026-09-07 22:31:50+00,MGLU3,high,978,2.000348,493809,71.99,246,341
2026-09-07 22:31:40+00,2026-09-07 22:31:50+00,MSFT,high,1070,419.882551,539621,75.36,263,333
2026-09-07 22:31:40+00,2026-09-07 22:31:50+00,PETR4,high,1006,37.994016,510132,74.61,259,330
2026-09-07 22:31:40+00,2026-09-07 22:31:50+00,VALE3,high,994,61.991922,493425,15.85,86,200
2026-09-07 22:31:50+00,2026-09-07 22:32:00+00,AAPL,high,987,170.005643,491342,75.59,267,342
2026-09-07 22:31:50+00,2026-09-07 22:32:00+00,ABEV3,high,1028,12.002607,514182,65.17,242,354
2026-09-07 22:31:50+00,2026-09-07 22:32:00+00,BBDC4,high,948,13.999093,474859,71.76,258,348
2026-09-07 22:31:50+00,2026-09-07 22:32:00+00,BOVA11,high,993,125.003464,496382,70.30,264,344
2026-09-07 22:31:50+00,2026-09-07 22:32:00+00,BTC-USD,high,1025,65018.571590,524837,71.50,255,345
2026-09-07 22:31:50+00,2026-09-07 22:32:00+00,ITUB4,high,1005,34.004050,497510,14.37,72,164
2026-09-07 22:31:50+00,2026-09-07 22:32:00+00,MGLU3,high,949,1.999726,473525,70.54,262,354
2026-09-07 22:31:50+00,2026-09-07 22:32:00+00,MSFT,high,1005,419.929403,502232,70.03,268,351
2026-09-07 22:31:50+00,2026-09-07 22:32:00+00,PETR4,high,986,38.011227,500045,67.55,236,349
2026-09-07 22:31:50+00,2026-09-07 22:32:00+00,VALE3,high,998,61.980261,509742,12.31,37,158
2026-09-07 22:32:00+00,2026-09-07 22:32:10+00,AAPL,high,1052,170.077262,517213,85.44,279,363
2026-09-07 22:32:00+00,2026-09-07 22:32:10+00,ABEV3,high,934,11.997730,465953,83.30,281,363
2026-09-07 22:32:00+00,2026-09-07 22:32:10+00,BBDC4,high,989,14.003691,497034,77.33,275,339
2026-09-07 22:32:00+00,2026-09-07 22:32:10+00,BOVA11,high,953,124.975876,484529,81.15,276,364
2026-09-07 22:32:00+00,2026-09-07 22:32:10+00,BTC-USD,high,1013,65011.514116,499496,84.41,278,361
2026-09-07 22:32:00+00,2026-09-07 22:32:10+00,ITUB4,high,956,33.978494,484360,17.14,90,201
2026-09-07 22:32:00+00,2026-09-07 22:32:10+00,MGLU3,high,1052,1.999344,522605,78.70,277,340
2026-09-07 22:32:00+00,2026-09-07 22:32:10+00,MSFT,high,988,420.270810,483067,85.34,282,364
2026-09-07 22:32:00+00,2026-09-07 22:32:10+00,PETR4,high,988,38.014767,480356,85.83,282,346
2026-09-07 22:32:00+00,2026-09-07 22:32:10+00,VALE3,high,999,62.001251,500197,18.64,100,197
2026-09-07 22:32:10+00,2026-09-07 22:32:20+00,AAPL,high,1085,169.959696,536447,78.40,266,338
2026-09-07 22:32:10+00,2026-09-07 22:32:20+00,ABEV3,high,999,11.999660,493525,76.62,269,342
2026-09-07 22:32:10+00,2026-09-07 22:32:20+00,BBDC4,high,1005,14.001592,516307,76.27,274,333
2026-09-07 22:32:10+00,2026-09-07 22:32:20+00,BOVA11,high,1020,125.006441,507467,78.00,269,331
2026-09-07 22:32:10+00,2026-09-07 22:32:20+00,BTC-USD,high,1060,64963.362717,533895,73.77,257,329
2026-09-07 22:32:10+00,2026-09-07 22:32:20+00,ITUB4,high,1003,34.015135,490028,14.25,62,136
2026-09-07 22:32:10+00,2026-09-07 22:32:20+00,MGLU3,high,989,1.999333,495825,77.64,272,340
2026-09-07 22:32:10+00,2026-09-07 22:32:20+00,MSFT,high,999,419.941341,505174,80.98,267,341
2026-09-07 22:32:10+00,2026-09-07 22:32:20+00,PETR4,high,1052,38.007842,526143,80.16,277,336
2026-09-07 22:32:10+00,2026-09-07 22:32:20+00,VALE3,high,998,61.990631,492932,15.83,73,154
2026-09-07 22:32:20+00,2026-09-07 22:32:30+00,AAPL,high,968,170.057779,472634,77.92,269,398
2026-09-07 22:32:20+00,2026-09-07 22:32:30+00,ABEV3,high,1028,11.993278,519551,80.07,285,400
2026-09-07 22:32:20+00,2026-09-07 22:32:30+00,BBDC4,high,942,14.002972,481637,84.28,280,391
2026-09-07 22:32:20+00,2026-09-07 22:32:30+00,BOVA11,high,1010,125.049218,505503,83.63,282,401
2026-09-07 22:32:20+00,2026-09-07 22:32:30+00,BTC-USD,high,1002,65004.974481,503420,82.65,288,398
2026-09-07 22:32:20+00,2026-09-07 22:32:30+00,ITUB4,high,977,33.986899,487317,14.66,68,181
2026-09-07 22:32:20+00,2026-09-07 22:32:30+00,MGLU3,high,952,1.999811,481353,81.57,284,397
2026-09-07 22:32:20+00,2026-09-07 22:32:30+00,MSFT,high,965,419.972694,494334,79.56,281,395
2026-09-07 22:32:20+00,2026-09-07 22:32:30+00,PETR4,high,976,38.002182,499680,83.12,274,397
2026-09-07 22:32:20+00,2026-09-07 22:32:30+00,VALE3,high,969,61.993209,498877,14.64,72,172
2026-09-07 22:32:30+00,2026-09-07 22:32:40+00,AAPL,high,986,170.014899,491975,69.75,259,362
2026-09-07 22:32:30+00,2026-09-07 22:32:40+00,ABEV3,high,1043,12.001879,534332,73.50,266,358
2026-09-07 22:32:30+00,2026-09-07 22:32:40+00,BBDC4,high,1042,14.002726,513847,71.55,273,356
2026-09-07 22:32:30+00,2026-09-07 22:32:40+00,BOVA11,high,1003,125.029492,485335,80.60,275,351
2026-09-07 22:32:30+00,2026-09-07 22:32:40+00,BTC-USD,high,987,65017.144721,495339,73.94,276,364
2026-09-07 22:32:30+00,2026-09-07 22:32:40+00,ITUB4,high,979,34.005649,498461,16.23,88,176
2026-09-07 22:32:30+00,2026-09-07 22:32:40+00,MGLU3,high,1063,1.999868,543589,76.67,262,355
2026-09-07 22:32:30+00,2026-09-07 22:32:40+00,MSFT,high,1039,419.883292,510192,80.40,277,365
2026-09-07 22:32:30+00,2026-09-07 22:32:40+00,PETR4,high,1044,37.995575,520052,76.71,274,361
2026-09-07 22:32:30+00,2026-09-07 22:32:40+00,VALE3,high,978,61.990133,483216,17.75,95,192
2026-09-07 22:32:40+00,2026-09-07 22:32:50+00,AAPL,high,935,170.033807,478232,64.90,246,370
2026-09-07 22:32:40+00,2026-09-07 22:32:50+00,ABEV3,high,1044,11.995086,520060,65.47,239,389
2026-09-07 22:32:40+00,2026-09-07 22:32:50+00,BBDC4,high,1019,14.000383,521011,65.84,246,383
2026-09-07 22:32:40+00,2026-09-07 22:32:50+00,BOVA11,high,1003,125.018983,481162,65.57,241,386
2026-09-07 22:32:40+00,2026-09-07 22:32:50+00,BTC-USD,high,1060,65015.101792,537556,67.16,245,375
2026-09-07 22:32:40+00,2026-09-07 22:32:50+00,ITUB4,high,997,34.011866,503895,16.21,83,180
2026-09-07 22:32:40+00,2026-09-07 22:32:50+00,MGLU3,high,983,1.998850,503926,65.83,248,385
2026-09-07 22:32:40+00,2026-09-07 22:32:50+00,MSFT,high,978,419.746943,499348,66.95,256,371
2026-09-07 22:32:40+00,2026-09-07 22:32:50+00,PETR4,high,989,37.975147,508084,62.79,242,384
2026-09-07 22:32:40+00,2026-09-07 22:32:50+00,VALE3,high,1031,62.005790,519637,14.46,68,178
2026-09-07 22:32:50+00,2026-09-07 22:33:00+00,AAPL,high,983,170.014171,487000,58.57,230,284
2026-09-07 22:32:50+00,2026-09-07 22:33:00+00,ABEV3,high,989,11.997260,499791,55.42,221,278
2026-09-07 22:32:50+00,2026-09-07 22:33:00+00,BBDC4,high,1044,13.996849,517190,57.32,227,270
2026-09-07 22:32:50+00,2026-09-07 22:33:00+00,BOVA11,high,988,125.008522,484139,57.79,226,288
2026-09-07 22:32:50+00,2026-09-07 22:33:00+00,BTC-USD,high,1041,64984.724957,525183,54.07,219,286
2026-09-07 22:32:50+00,2026-09-07 22:33:00+00,ITUB4,high,1003,34.000289,495822,13.97,68,145
2026-09-07 22:32:50+00,2026-09-07 22:33:00+00,MGLU3,high,989,2.000374,493221,56.93,224,283
2026-09-07 22:32:50+00,2026-09-07 22:33:00+00,MSFT,high,900,420.244944,460682,55.18,216,290
2026-09-07 22:32:50+00,2026-09-07 22:33:00+00,PETR4,high,966,38.010549,487207,60.14,224,289
2026-09-07 22:32:50+00,2026-09-07 22:33:00+00,VALE3,high,1001,61.996613,505368,13.94,70,143
2026-09-07 22:33:00+00,2026-09-07 22:33:10+00,AAPL,high,991,170.045762,502964,57.30,218,295
2026-09-07 22:33:00+00,2026-09-07 22:33:10+00,ABEV3,high,970,12.001629,480006,58.52,226,289
2026-09-07 22:33:00+00,2026-09-07 22:33:10+00,BBDC4,high,1010,14.006505,511941,61.25,224,297
2026-09-07 22:33:00+00,2026-09-07 22:33:10+00,BOVA11,high,992,125.022258,495325,58.41,226,288
2026-09-07 22:33:00+00,2026-09-07 22:33:10+00,BTC-USD,high,1005,65011.728647,501392,54.79,216,290
2026-09-07 22:33:00+00,2026-09-07 22:33:10+00,ITUB4,high,969,33.994654,492322,13.97,63,132
2026-09-07 22:33:00+00,2026-09-07 22:33:10+00,MGLU3,high,999,1.999830,490321,60.37,228,297
2026-09-07 22:33:00+00,2026-09-07 22:33:10+00,MSFT,high,993,420.062558,503004,56.87,228,287
2026-09-07 22:33:00+00,2026-09-07 22:33:10+00,PETR4,high,992,37.992510,489015,59.23,225,291
2026-09-07 22:33:00+00,2026-09-07 22:33:10+00,VALE3,high,1005,62.015930,499301,14.28,70,142
2026-09-07 22:33:10+00,2026-09-07 22:33:20+00,AAPL,high,1032,169.919729,526075,67.86,236,286
2026-09-07 22:33:10+00,2026-09-07 22:33:20+00,ABEV3,high,983,11.997365,489438,61.30,234,287
2026-09-07 22:33:10+00,2026-09-07 22:33:20+00,BBDC4,high,1041,14.000932,515549,61.82,236,291
2026-09-07 22:33:10+00,2026-09-07 22:33:20+00,BOVA11,high,998,124.980882,495554,66.09,242,292
2026-09-07 22:33:10+00,2026-09-07 22:33:20+00,BTC-USD,high,1046,64992.931482,521980,67.85,242,287
2026-09-07 22:33:10+00,2026-09-07 22:33:20+00,ITUB4,high,1045,33.986010,516663,14.12,65,128
2026-09-07 22:33:10+00,2026-09-07 22:33:20+00,MGLU3,high,953,2.000535,470339,64.30,237,284
2026-09-07 22:33:10+00,2026-09-07 22:33:20+00,MSFT,high,986,419.956440,489002,61.17,237,290
2026-09-07 22:33:10+00,2026-09-07 22:33:20+00,PETR4,high,1020,38.011402,503293,61.29,236,288
2026-09-07 22:33:10+00,2026-09-07 22:33:20+00,VALE3,high,952,62.002090,483391,14.22,66,151
2026-09-07 22:33:20+00,2026-09-07 22:33:30+00,AAPL,high,1012,170.059684,496426,61.09,238,306
2026-09-07 22:33:20+00,2026-09-07 22:33:30+00,ABEV3,high,1047,11.998118,533311,64.77,235,302
2026-09-07 22:33:20+00,2026-09-07 22:33:30+00,BBDC4,high,990,13.994879,495320,62.13,238,301
2026-09-07 22:33:20+00,2026-09-07 22:33:30+00,BOVA11,high,952,125.014653,457853,62.19,233,287
2026-09-07 22:33:20+00,2026-09-07 22:33:30+00,BTC-USD,high,1061,65015.449981,531718,65.86,239,304
2026-09-07 22:33:20+00,2026-09-07 22:33:30+00,ITUB4,high,963,34.013790,468280,13.74,66,130
2026-09-07 22:33:20+00,2026-09-07 22:33:30+00,MGLU3,high,1020,1.999745,509918,60.50,238,305
2026-09-07 22:33:20+00,2026-09-07 22:33:30+00,MSFT,high,1030,419.991553,507306,62.31,235,307
2026-09-07 22:33:20+00,2026-09-07 22:33:30+00,PETR4,high,1048,37.996135,533138,66.33,238,291
2026-09-07 22:33:20+00,2026-09-07 22:33:30+00,VALE3,high,963,62.007726,465715,13.62,62,151
2026-09-07 22:33:30+00,2026-09-07 22:33:40+00,AAPL,high,1021,169.974339,505744,72.35,254,389
2026-09-07 22:33:30+00,2026-09-07 22:33:40+00,ABEV3,high,1017,12.000324,507229,72.85,251,394
2026-09-07 22:33:30+00,2026-09-07 22:33:40+00,BBDC4,high,1036,13.997529,509612,68.14,250,390
2026-09-07 22:33:30+00,2026-09-07 22:33:40+00,BOVA11,high,1026,125.003684,527177,70.60,252,392
2026-09-07 22:33:30+00,2026-09-07 22:33:40+00,BTC-USD,high,1022,64986.448434,501647,70.36,259,388
2026-09-07 22:33:30+00,2026-09-07 22:33:40+00,ITUB4,high,949,33.996997,471443,14.91,76,166
2026-09-07 22:33:30+00,2026-09-07 22:33:40+00,MGLU3,high,1015,2.000335,508638,74.63,261,395
2026-09-07 22:33:30+00,2026-09-07 22:33:40+00,MSFT,high,918,420.117059,463046,70.57,251,391
2026-09-07 22:33:30+00,2026-09-07 22:33:40+00,PETR4,high,1014,37.995927,510377,74.37,257,385
2026-09-07 22:33:30+00,2026-09-07 22:33:40+00,VALE3,high,999,61.990430,497982,13.80,59,178
2026-09-07 22:33:40+00,2026-09-07 22:33:50+00,AAPL,high,991,169.994137,490296,52.51,212,268
2026-09-07 22:33:40+00,2026-09-07 22:33:50+00,ABEV3,high,982,12.002576,462970,52.19,208,265
2026-09-07 22:33:40+00,2026-09-07 22:33:50+00,BBDC4,high,967,13.999648,477258,52.24,220,272
2026-09-07 22:33:40+00,2026-09-07 22:33:50+00,BOVA11,high,973,125.015046,490401,53.51,218,271
2026-09-07 22:33:40+00,2026-09-07 22:33:50+00,BTC-USD,high,998,64991.943637,503199,52.77,214,269
2026-09-07 22:33:40+00,2026-09-07 22:33:50+00,ITUB4,high,1002,33.998303,522081,12.97,55,133
2026-09-07 22:33:40+00,2026-09-07 22:33:50+00,MGLU3,high,1012,1.999891,519507,54.27,214,269
2026-09-07 22:33:40+00,2026-09-07 22:33:50+00,MSFT,high,1008,419.958542,500261,47.47,193,268
2026-09-07 22:33:40+00,2026-09-07 22:33:50+00,PETR4,high,996,37.995131,495338,56.18,222,267
2026-09-07 22:33:40+00,2026-09-07 22:33:50+00,VALE3,high,934,62.005375,472105,12.06,42,119
2026-09-07 22:33:50+00,2026-09-07 22:34:00+00,AAPL,high,1051,169.975395,528575,66.54,251,310
2026-09-07 22:33:50+00,2026-09-07 22:34:00+00,ABEV3,high,1006,12.003678,488548,66.15,248,312
2026-09-07 22:33:50+00,2026-09-07 22:34:00+00,BBDC4,high,974,13.992423,488385,71.45,256,308
2026-09-07 22:33:50+00,2026-09-07 22:34:00+00,BOVA11,high,921,125.052497,460640,67.88,256,306
2026-09-07 22:33:50+00,2026-09-07 22:34:00+00,BTC-USD,high,1005,65011.219552,489312,65.44,238,308
2026-09-07 22:33:50+00,2026-09-07 22:34:00+00,ITUB4,high,996,33.987992,487453,15.27,75,177
2026-09-07 22:33:50+00,2026-09-07 22:34:00+00,MGLU3,high,998,2.001152,488151,70.55,248,313
2026-09-07 22:33:50+00,2026-09-07 22:34:00+00,MSFT,high,1043,420.003931,531977,73.04,253,309
2026-09-07 22:33:50+00,2026-09-07 22:34:00+00,PETR4,high,978,38.005624,476049,64.78,245,311
2026-09-07 22:33:50+00,2026-09-07 22:34:00+00,VALE3,high,1068,62.003333,525495,16.39,84,174
2026-09-07 22:34:00+00,2026-09-07 22:34:10+00,AAPL,high,980,170.026939,486532,65.94,247,296
2026-09-07 22:34:00+00,2026-09-07 22:34:10+00,ABEV3,high,987,11.998055,497552,66.28,242,294
2026-09-07 22:34:00+00,2026-09-07 22:34:10+00,BBDC4,high,1002,14.003164,515289,66.07,243,297
2026-09-07 22:34:00+00,2026-09-07 22:34:10+00,BOVA11,high,970,124.965371,474719,63.29,237,292
2026-09-07 22:34:00+00,2026-09-07 22:34:10+00,BTC-USD,high,1004,64981.680040,496240,65.40,237,297
2026-09-07 22:34:00+00,2026-09-07 22:34:10+00,ITUB4,high,991,34.010706,507657,14.86,73,172
2026-09-07 22:34:00+00,2026-09-07 22:34:10+00,MGLU3,high,993,1.999396,491278,64.06,243,296
2026-09-07 22:34:00+00,2026-09-07 22:34:10+00,MSFT,high,1006,420.026382,496025,68.56,240,293
2026-09-07 22:34:00+00,2026-09-07 22:34:10+00,PETR4,high,1006,37.986243,509939,63.18,240,291
2026-09-07 22:34:00+00,2026-09-07 22:34:10+00,VALE3,high,1007,62.003078,507510,15.34,78,164
2026-09-07 22:34:10+00,2026-09-07 22:34:20+00,AAPL,high,1057,170.020662,528883,100.09,363,783
2026-09-07 22:34:10+00,2026-09-07 22:34:20+00,ABEV3,high,1001,12.000819,493619,112.10,415,785
2026-09-07 22:34:10+00,2026-09-07 22:34:20+00,BBDC4,high,1028,14.007870,515969,100.89,343,788
2026-09-07 22:34:10+00,2026-09-07 22:34:20+00,BOVA11,high,1004,125.010319,500982,106.85,385,786
2026-09-07 22:34:10+00,2026-09-07 22:34:20+00,BTC-USD,high,958,65004.389739,488900,100.32,366,781
2026-09-07 22:34:10+00,2026-09-07 22:34:20+00,ITUB4,high,995,33.995347,494498,13.80,58,148
2026-09-07 22:34:10+00,2026-09-07 22:34:20+00,MGLU3,high,979,2.001297,486328,100.84,386,779
2026-09-07 22:34:10+00,2026-09-07 22:34:20+00,MSFT,high,1034,419.983240,510105,99.27,306,765
2026-09-07 22:34:10+00,2026-09-07 22:34:20+00,PETR4,high,1036,37.982886,532609,100.19,336,787
2026-09-07 22:34:10+00,2026-09-07 22:34:20+00,VALE3,high,1040,62.009817,516551,15.75,79,149
2026-09-07 22:34:20+00,2026-09-07 22:34:30+00,AAPL,high,1042,169.989386,511687,68.22,241,345
2026-09-07 22:34:20+00,2026-09-07 22:34:30+00,ABEV3,high,1013,12.000790,520189,63.62,242,343
2026-09-07 22:34:20+00,2026-09-07 22:34:30+00,BBDC4,high,982,13.994705,485938,63.19,245,334
2026-09-07 22:34:20+00,2026-09-07 22:34:30+00,BOVA11,high,1016,125.048484,503729,66.00,245,336
2026-09-07 22:34:20+00,2026-09-07 22:34:30+00,BTC-USD,high,974,64977.749825,476543,67.99,252,332
2026-09-07 22:34:20+00,2026-09-07 22:34:30+00,ITUB4,high,1028,34.009494,509792,14.30,69,210
2026-09-07 22:34:20+00,2026-09-07 22:34:30+00,MGLU3,high,1026,2.000682,509247,68.25,244,346
2026-09-07 22:34:20+00,2026-09-07 22:34:30+00,MSFT,high,979,420.155986,495677,61.89,240,323
2026-09-07 22:34:20+00,2026-09-07 22:34:30+00,PETR4,high,1017,37.996667,507278,65.06,242,343
2026-09-07 22:34:20+00,2026-09-07 22:34:30+00,VALE3,high,944,61.974068,474538,14.49,70,168
2026-09-07 22:34:30+00,2026-09-07 22:34:40+00,AAPL,high,1005,169.988985,500395,59.75,225,282
2026-09-07 22:34:30+00,2026-09-07 22:34:40+00,ABEV3,high,982,12.003452,504393,61.87,232,301
2026-09-07 22:34:30+00,2026-09-07 22:34:40+00,BBDC4,high,985,13.992975,485422,62.65,227,299
2026-09-07 22:34:30+00,2026-09-07 22:34:40+00,BOVA11,high,1018,125.025442,502104,59.57,230,297
2026-09-07 22:34:30+00,2026-09-07 22:34:40+00,BTC-USD,high,968,64990.140909,492715,53.92,230,283
2026-09-07 22:34:30+00,2026-09-07 22:34:40+00,ITUB4,high,1034,33.998723,508143,14.56,71,144
2026-09-07 22:34:30+00,2026-09-07 22:34:40+00,MGLU3,high,982,2.000305,485871,60.59,229,298
2026-09-07 22:34:30+00,2026-09-07 22:34:40+00,MSFT,high,1010,420.046911,514736,59.35,233,300
2026-09-07 22:34:30+00,2026-09-07 22:34:40+00,PETR4,high,1025,38.005629,506030,61.74,228,295
2026-09-07 22:34:30+00,2026-09-07 22:34:40+00,VALE3,high,1010,62.015713,494468,14.71,65,148
2026-09-07 22:34:40+00,2026-09-07 22:34:50+00,AAPL,high,974,169.961324,491702,63.59,242,303
2026-09-07 22:34:40+00,2026-09-07 22:34:50+00,ABEV3,high,968,12.007903,472537,66.11,236,302
2026-09-07 22:34:40+00,2026-09-07 22:34:50+00,BBDC4,high,980,13.999510,495002,69.33,245,303
2026-09-07 22:34:40+00,2026-09-07 22:34:50+00,BOVA11,high,1012,124.987767,501532,64.80,244,302
2026-09-07 22:34:40+00,2026-09-07 22:34:50+00,BTC-USD,high,1012,64992.201344,500696,66.03,243,301
2026-09-07 22:34:40+00,2026-09-07 22:34:50+00,ITUB4,high,1025,33.996780,511919,16.73,88,140
2026-09-07 22:34:40+00,2026-09-07 22:34:50+00,MGLU3,high,948,1.998238,476622,63.01,237,303
2026-09-07 22:34:40+00,2026-09-07 22:34:50+00,MSFT,high,1024,420.254424,523745,63.86,250,298
2026-09-07 22:34:40+00,2026-09-07 22:34:50+00,PETR4,high,973,37.998160,493223,63.72,236,304
2026-09-07 22:34:40+00,2026-09-07 22:34:50+00,VALE3,high,986,61.998753,480103,13.80,59,144
2026-09-07 22:34:50+00,2026-09-07 22:35:00+00,AAPL,high,1036,170.007770,522926,79.44,269,362
2026-09-07 22:34:50+00,2026-09-07 22:35:00+00,ABEV3,high,1020,11.992745,518744,76.51,273,361
2026-09-07 22:34:50+00,2026-09-07 22:35:00+00,BBDC4,high,998,14.001533,500269,75.03,263,369
2026-09-07 22:34:50+00,2026-09-07 22:35:00+00,BOVA11,high,963,124.997871,485703,66.85,255,356
2026-09-07 22:34:50+00,2026-09-07 22:35:00+00,BTC-USD,high,990,65015.379242,490735,77.48,276,370
2026-09-07 22:34:50+00,2026-09-07 22:35:00+00,ITUB4,high,999,34.011481,488775,14.56,74,161
2026-09-07 22:34:50+00,2026-09-07 22:35:00+00,MGLU3,high,971,2.000072,487824,76.68,275,363
2026-09-07 22:34:50+00,2026-09-07 22:35:00+00,MSFT,high,1007,420.025422,511081,79.18,271,357
2026-09-07 22:34:50+00,2026-09-07 22:35:00+00,PETR4,high,985,38.002132,470682,74.50,264,370
2026-09-07 22:34:50+00,2026-09-07 22:35:00+00,VALE3,high,1006,62.026978,502011,14.41,69,167
2026-09-07 22:35:00+00,2026-09-07 22:35:10+00,AAPL,high,211,170.187156,100239,75.68,246,277
2026-09-07 22:35:00+00,2026-09-07 22:35:10+00,ABEV3,high,209,11.999187,106699,61.00,236,270
2026-09-07 22:35:00+00,2026-09-07 22:35:10+00,BBDC4,high,194,13.998144,95357,63.79,237,268
2026-09-07 22:35:00+00,2026-09-07 22:35:10+00,BOVA11,high,193,124.874560,100176,61.12,231,275
2026-09-07 22:35:00+00,2026-09-07 22:35:10+00,BTC-USD,high,193,65015.466373,92055,65.83,231,262
2026-09-07 22:35:00+00,2026-09-07 22:35:10+00,ITUB4,high,172,34.004593,89471,10.68,20,93
2026-09-07 22:35:00+00,2026-09-07 22:35:10+00,MGLU3,high,203,1.997734,96255,75.57,232,263
2026-09-07 22:35:00+00,2026-09-07 22:35:10+00,MSFT,high,235,420.216809,119208,67.10,225,273
2026-09-07 22:35:00+00,2026-09-07 22:35:10+00,PETR4,high,186,37.966882,88768,83.61,244,269
2026-09-07 22:35:00+00,2026-09-07 22:35:10+00,VALE3,high,176,62.054773,95884,12.92,72,96
